signature,target,target_in_adata,weight,source_type,source_id,confidence,resources,references,pmid,pmcid,doi,geo_chipseq,geo_rnaseq,note,present_in_primary
KLENJA2025_BACH1_INVERSE_ACTIVITY,HMOX1,HMOX1,-1.0,published_RNAseq_ChIPseq_lung_cancer,Klenja_Skudrinja_2025_RedoxBiol,,,40716152,40716152,PMC12314328,10.1016/j.redox.2025.103789,GSE288627,GSE288626,"Validated lung-cancer BACH1 signature genes HMOX1, ZNF469 and HTRA3 were reported from RNA-seq plus ChIP-seq in BACH1-proficient and BACH1-deficient lung cancer cells. They are induced by BACH1 depletion; inverse scores are interpreted as higher BACH1-like activity.",True
KLENJA2025_BACH1_INVERSE_ACTIVITY,ZNF469,ZNF469,-1.0,published_RNAseq_ChIPseq_lung_cancer,Klenja_Skudrinja_2025_RedoxBiol,,,40716152,40716152,PMC12314328,10.1016/j.redox.2025.103789,GSE288627,GSE288626,"Validated lung-cancer BACH1 signature genes HMOX1, ZNF469 and HTRA3 were reported from RNA-seq plus ChIP-seq in BACH1-proficient and BACH1-deficient lung cancer cells. They are induced by BACH1 depletion; inverse scores are interpreted as higher BACH1-like activity.",True
KLENJA2025_BACH1_INVERSE_ACTIVITY,HTRA3,HTRA3,-1.0,published_RNAseq_ChIPseq_lung_cancer,Klenja_Skudrinja_2025_RedoxBiol,,,40716152,40716152,PMC12314328,10.1016/j.redox.2025.103789,GSE288627,GSE288626,"Validated lung-cancer BACH1 signature genes HMOX1, ZNF469 and HTRA3 were reported from RNA-seq plus ChIP-seq in BACH1-proficient and BACH1-deficient lung cancer cells. They are induced by BACH1 depletion; inverse scores are interpreted as higher BACH1-like activity.",True
LITERATURE_LUNG_BACH1_EFFECTOR_ACTIVITY,HK2,HK2,1.0,published_lung_cancer_effectors,Wiel_2019_Lignitto_2019_and_related_lung_cancer_reports,,,31257027;31257028,31257027;31257028,,10.1016/j.cell.2019.06.005;10.1016/j.cell.2019.06.003,,,"Small literature effector set used as a descriptive lung cancer BACH1 phenotype score, not as an independent regulon.",True
LITERATURE_LUNG_BACH1_EFFECTOR_ACTIVITY,GAPDH,GAPDH,1.0,published_lung_cancer_effectors,Wiel_2019_Lignitto_2019_and_related_lung_cancer_reports,,,31257027;31257028,31257027;31257028,,10.1016/j.cell.2019.06.005;10.1016/j.cell.2019.06.003,,,"Small literature effector set used as a descriptive lung cancer BACH1 phenotype score, not as an independent regulon.",True
LITERATURE_LUNG_BACH1_EFFECTOR_ACTIVITY,ITGA2,ITGA2,1.0,published_lung_cancer_effectors,Wiel_2019_Lignitto_2019_and_related_lung_cancer_reports,,,31257027;31257028,31257027;31257028,,10.1016/j.cell.2019.06.005;10.1016/j.cell.2019.06.003,,,"Small literature effector set used as a descriptive lung cancer BACH1 phenotype score, not as an independent regulon.",True
LITERATURE_LUNG_BACH1_EFFECTOR_ACTIVITY,MMP1,MMP1,1.0,published_lung_cancer_effectors,Wiel_2019_Lignitto_2019_and_related_lung_cancer_reports,,,31257027;31257028,31257027;31257028,,10.1016/j.cell.2019.06.005;10.1016/j.cell.2019.06.003,,,"Small literature effector set used as a descriptive lung cancer BACH1 phenotype score, not as an independent regulon.",True
LITERATURE_LUNG_BACH1_EFFECTOR_ACTIVITY,CXCR4,CXCR4,1.0,published_lung_cancer_effectors,Wiel_2019_Lignitto_2019_and_related_lung_cancer_reports,,,31257027;31257028,31257027;31257028,,10.1016/j.cell.2019.06.005;10.1016/j.cell.2019.06.003,,,"Small literature effector set used as a descriptive lung cancer BACH1 phenotype score, not as an independent regulon.",True
DOROTHEA_BACH1_ABC_TF_ACTIVITY,HMOX1,HMOX1,-1.0,database_regulon,DoRothEA_A-C_via_decoupler_OmniPath,A,,,,,,,,DoRothEA A-C human BACH1 regulon fetched through decoupler/OmniPath.,True
DOROTHEA_BACH1_ABC_TF_ACTIVITY,SMARCA4,SMARCA4,0.5,database_regulon,DoRothEA_A-C_via_decoupler_OmniPath,B,,,,,,,,DoRothEA A-C human BACH1 regulon fetched through decoupler/OmniPath.,True
DOROTHEA_BACH1_ABC_TF_ACTIVITY,SQSTM1,SQSTM1,0.5,database_regulon,DoRothEA_A-C_via_decoupler_OmniPath,B,,,,,,,,DoRothEA A-C human BACH1 regulon fetched through decoupler/OmniPath.,True
DOROTHEA_BACH1_ABC_TF_ACTIVITY,SSC4D,SSC4D,0.5,database_regulon,DoRothEA_A-C_via_decoupler_OmniPath,B,,,,,,,,DoRothEA A-C human BACH1 regulon fetched through decoupler/OmniPath.,True
DOROTHEA_BACH1_ABC_TF_ACTIVITY,SYNJ2,SYNJ2,0.5,database_regulon,DoRothEA_A-C_via_decoupler_OmniPath,B,,,,,,,,DoRothEA A-C human BACH1 regulon fetched through decoupler/OmniPath.,True
DOROTHEA_BACH1_ABC_TF_ACTIVITY,TNFAIP2,TNFAIP2,0.5,database_regulon,DoRothEA_A-C_via_decoupler_OmniPath,B,,,,,,,,DoRothEA A-C human BACH1 regulon fetched through decoupler/OmniPath.,True
DOROTHEA_BACH1_ABC_TF_ACTIVITY,TRIM56,TRIM56,0.5,database_regulon,DoRothEA_A-C_via_decoupler_OmniPath,B,,,,,,,,DoRothEA A-C human BACH1 regulon fetched through decoupler/OmniPath.,True
DOROTHEA_BACH1_ABC_TF_ACTIVITY,SLX4IP,SLX4IP,0.5,database_regulon,DoRothEA_A-C_via_decoupler_OmniPath,B,,,,,,,,DoRothEA A-C human BACH1 regulon fetched through decoupler/OmniPath.,True
DOROTHEA_BACH1_ABC_TF_ACTIVITY,SLC7A11,SLC7A11,0.5,database_regulon,DoRothEA_A-C_via_decoupler_OmniPath,B,,,,,,,,DoRothEA A-C human BACH1 regulon fetched through decoupler/OmniPath.,True
DOROTHEA_BACH1_ABC_TF_ACTIVITY,SLC48A1,SLC48A1,0.5,database_regulon,DoRothEA_A-C_via_decoupler_OmniPath,B,,,,,,,,DoRothEA A-C human BACH1 regulon fetched through decoupler/OmniPath.,True
DOROTHEA_BACH1_ABC_TF_ACTIVITY,RFFL,RFFL,0.5,database_regulon,DoRothEA_A-C_via_decoupler_OmniPath,B,,,,,,,,DoRothEA A-C human BACH1 regulon fetched through decoupler/OmniPath.,True
DOROTHEA_BACH1_ABC_TF_ACTIVITY,ALDOA,ALDOA,0.5,database_regulon,DoRothEA_A-C_via_decoupler_OmniPath,B,,,,,,,,DoRothEA A-C human BACH1 regulon fetched through decoupler/OmniPath.,True
DOROTHEA_BACH1_ABC_TF_ACTIVITY,ASAP1,ASAP1,0.5,database_regulon,DoRothEA_A-C_via_decoupler_OmniPath,B,,,,,,,,DoRothEA A-C human BACH1 regulon fetched through decoupler/OmniPath.,True
DOROTHEA_BACH1_ABC_TF_ACTIVITY,BICDL1,BICDL1,0.5,database_regulon,DoRothEA_A-C_via_decoupler_OmniPath,B,,,,,,,,DoRothEA A-C human BACH1 regulon fetched through decoupler/OmniPath.,True
DOROTHEA_BACH1_ABC_TF_ACTIVITY,CDK6,CDK6,0.5,database_regulon,DoRothEA_A-C_via_decoupler_OmniPath,B,,,,,,,,DoRothEA A-C human BACH1 regulon fetched through decoupler/OmniPath.,True
DOROTHEA_BACH1_ABC_TF_ACTIVITY,CLIP4,CLIP4,0.5,database_regulon,DoRothEA_A-C_via_decoupler_OmniPath,B,,,,,,,,DoRothEA A-C human BACH1 regulon fetched through decoupler/OmniPath.,True
DOROTHEA_BACH1_ABC_TF_ACTIVITY,DPH6,DPH6,0.5,database_regulon,DoRothEA_A-C_via_decoupler_OmniPath,B,,,,,,,,DoRothEA A-C human BACH1 regulon fetched through decoupler/OmniPath.,True
DOROTHEA_BACH1_ABC_TF_ACTIVITY,GCLC,GCLC,0.5,database_regulon,DoRothEA_A-C_via_decoupler_OmniPath,B,,,,,,,,DoRothEA A-C human BACH1 regulon fetched through decoupler/OmniPath.,True
DOROTHEA_BACH1_ABC_TF_ACTIVITY,IFRD1,IFRD1,0.5,database_regulon,DoRothEA_A-C_via_decoupler_OmniPath,B,,,,,,,,DoRothEA A-C human BACH1 regulon fetched through decoupler/OmniPath.,True
DOROTHEA_BACH1_ABC_TF_ACTIVITY,KCTD20,KCTD20,0.5,database_regulon,DoRothEA_A-C_via_decoupler_OmniPath,B,,,,,,,,DoRothEA A-C human BACH1 regulon fetched through decoupler/OmniPath.,True
DOROTHEA_BACH1_ABC_TF_ACTIVITY,LBR,LBR,0.5,database_regulon,DoRothEA_A-C_via_decoupler_OmniPath,B,,,,,,,,DoRothEA A-C human BACH1 regulon fetched through decoupler/OmniPath.,True
DOROTHEA_BACH1_ABC_TF_ACTIVITY,MAFG,MAFG,0.5,database_regulon,DoRothEA_A-C_via_decoupler_OmniPath,B,,,,,,,,DoRothEA A-C human BACH1 regulon fetched through decoupler/OmniPath.,True
DOROTHEA_BACH1_ABC_TF_ACTIVITY,MAPT,MAPT,0.5,database_regulon,DoRothEA_A-C_via_decoupler_OmniPath,B,,,,,,,,DoRothEA A-C human BACH1 regulon fetched through decoupler/OmniPath.,True
DOROTHEA_BACH1_ABC_TF_ACTIVITY,ME1,ME1,0.5,database_regulon,DoRothEA_A-C_via_decoupler_OmniPath,B,,,,,,,,DoRothEA A-C human BACH1 regulon fetched through decoupler/OmniPath.,True
DOROTHEA_BACH1_ABC_TF_ACTIVITY,MSANTD3,MSANTD3,0.5,database_regulon,DoRothEA_A-C_via_decoupler_OmniPath,B,,,,,,,,DoRothEA A-C human BACH1 regulon fetched through decoupler/OmniPath.,True
DOROTHEA_BACH1_ABC_TF_ACTIVITY,NQO2,NQO2,0.5,database_regulon,DoRothEA_A-C_via_decoupler_OmniPath,B,,,,,,,,DoRothEA A-C human BACH1 regulon fetched through decoupler/OmniPath.,True
DOROTHEA_BACH1_ABC_TF_ACTIVITY,PHLDA2,PHLDA2,0.5,database_regulon,DoRothEA_A-C_via_decoupler_OmniPath,B,,,,,,,,DoRothEA A-C human BACH1 regulon fetched through decoupler/OmniPath.,True
DOROTHEA_BACH1_ABC_TF_ACTIVITY,PIK3CD,PIK3CD,0.5,database_regulon,DoRothEA_A-C_via_decoupler_OmniPath,B,,,,,,,,DoRothEA A-C human BACH1 regulon fetched through decoupler/OmniPath.,True
DOROTHEA_BACH1_ABC_TF_ACTIVITY,PSAP,PSAP,0.5,database_regulon,DoRothEA_A-C_via_decoupler_OmniPath,B,,,,,,,,DoRothEA A-C human BACH1 regulon fetched through decoupler/OmniPath.,True
DOROTHEA_BACH1_ABC_TF_ACTIVITY,NQO1,NQO1,-0.3333333333333333,database_regulon,DoRothEA_A-C_via_decoupler_OmniPath,C,,,,,,,,DoRothEA A-C human BACH1 regulon fetched through decoupler/OmniPath.,True
DOROTHEA_BACH1_ABC_TF_ACTIVITY,IL6,IL6,-0.3333333333333333,database_regulon,DoRothEA_A-C_via_decoupler_OmniPath,C,,,,,,,,DoRothEA A-C human BACH1 regulon fetched through decoupler/OmniPath.,True
DOROTHEA_BACH1_ABC_TF_ACTIVITY,TMEM37,TMEM37,0.3333333333333333,database_regulon,DoRothEA_A-C_via_decoupler_OmniPath,C,,,,,,,,DoRothEA A-C human BACH1 regulon fetched through decoupler/OmniPath.,True
DOROTHEA_BACH1_ABC_TF_ACTIVITY,TEX19,,0.3333333333333333,database_regulon,DoRothEA_A-C_via_decoupler_OmniPath,C,,,,,,,,DoRothEA A-C human BACH1 regulon fetched through decoupler/OmniPath.,False
DOROTHEA_BACH1_ABC_TF_ACTIVITY,TDRD7,TDRD7,0.3333333333333333,database_regulon,DoRothEA_A-C_via_decoupler_OmniPath,C,,,,,,,,DoRothEA A-C human BACH1 regulon fetched through decoupler/OmniPath.,True
DOROTHEA_BACH1_ABC_TF_ACTIVITY,TANC1,TANC1,0.3333333333333333,database_regulon,DoRothEA_A-C_via_decoupler_OmniPath,C,,,,,,,,DoRothEA A-C human BACH1 regulon fetched through decoupler/OmniPath.,True
DOROTHEA_BACH1_ABC_TF_ACTIVITY,TALDO1,TALDO1,0.3333333333333333,database_regulon,DoRothEA_A-C_via_decoupler_OmniPath,C,,,,,,,,DoRothEA A-C human BACH1 regulon fetched through decoupler/OmniPath.,True
DOROTHEA_BACH1_ABC_TF_ACTIVITY,SOD2,SOD2,0.3333333333333333,database_regulon,DoRothEA_A-C_via_decoupler_OmniPath,C,,,,,,,,DoRothEA A-C human BACH1 regulon fetched through decoupler/OmniPath.,True
DOROTHEA_BACH1_ABC_TF_ACTIVITY,SMYD3,SMYD3,0.3333333333333333,database_regulon,DoRothEA_A-C_via_decoupler_OmniPath,C,,,,,,,,DoRothEA A-C human BACH1 regulon fetched through decoupler/OmniPath.,True
DOROTHEA_BACH1_ABC_TF_ACTIVITY,SH3TC1,SH3TC1,0.3333333333333333,database_regulon,DoRothEA_A-C_via_decoupler_OmniPath,C,,,,,,,,DoRothEA A-C human BACH1 regulon fetched through decoupler/OmniPath.,True
DOROTHEA_BACH1_ABC_TF_ACTIVITY,SH3BP5,SH3BP5,0.3333333333333333,database_regulon,DoRothEA_A-C_via_decoupler_OmniPath,C,,,,,,,,DoRothEA A-C human BACH1 regulon fetched through decoupler/OmniPath.,True
DOROTHEA_BACH1_ABC_TF_ACTIVITY,SH2D6,SH2D6,0.3333333333333333,database_regulon,DoRothEA_A-C_via_decoupler_OmniPath,C,,,,,,,,DoRothEA A-C human BACH1 regulon fetched through decoupler/OmniPath.,True
DOROTHEA_BACH1_ABC_TF_ACTIVITY,RUNX1,RUNX1,0.3333333333333333,database_regulon,DoRothEA_A-C_via_decoupler_OmniPath,C,,,,,,,,DoRothEA A-C human BACH1 regulon fetched through decoupler/OmniPath.,True
DOROTHEA_BACH1_ABC_TF_ACTIVITY,MIDN,MIDN,0.3333333333333333,database_regulon,DoRothEA_A-C_via_decoupler_OmniPath,C,,,,,,,,DoRothEA A-C human BACH1 regulon fetched through decoupler/OmniPath.,True
DOROTHEA_BACH1_ABC_TF_ACTIVITY,NDUFAF4,NDUFAF4,0.3333333333333333,database_regulon,DoRothEA_A-C_via_decoupler_OmniPath,C,,,,,,,,DoRothEA A-C human BACH1 regulon fetched through decoupler/OmniPath.,True
DOROTHEA_BACH1_ABC_TF_ACTIVITY,NRDC,NRDC,0.3333333333333333,database_regulon,DoRothEA_A-C_via_decoupler_OmniPath,C,,,,,,,,DoRothEA A-C human BACH1 regulon fetched through decoupler/OmniPath.,True
DOROTHEA_BACH1_ABC_TF_ACTIVITY,PRR5,PRR5,0.3333333333333333,database_regulon,DoRothEA_A-C_via_decoupler_OmniPath,C,,,,,,,,DoRothEA A-C human BACH1 regulon fetched through decoupler/OmniPath.,True
DOROTHEA_BACH1_ABC_TF_ACTIVITY,RASSF2,RASSF2,0.3333333333333333,database_regulon,DoRothEA_A-C_via_decoupler_OmniPath,C,,,,,,,,DoRothEA A-C human BACH1 regulon fetched through decoupler/OmniPath.,True
DOROTHEA_BACH1_ABC_TF_ACTIVITY,RGS3,RGS3,0.3333333333333333,database_regulon,DoRothEA_A-C_via_decoupler_OmniPath,C,,,,,,,,DoRothEA A-C human BACH1 regulon fetched through decoupler/OmniPath.,True
DOROTHEA_BACH1_ABC_TF_ACTIVITY,RNF24,RNF24,0.3333333333333333,database_regulon,DoRothEA_A-C_via_decoupler_OmniPath,C,,,,,,,,DoRothEA A-C human BACH1 regulon fetched through decoupler/OmniPath.,True
DOROTHEA_BACH1_ABC_TF_ACTIVITY,PIEZO1,PIEZO1,0.3333333333333333,database_regulon,DoRothEA_A-C_via_decoupler_OmniPath,C,,,,,,,,DoRothEA A-C human BACH1 regulon fetched through decoupler/OmniPath.,True
DOROTHEA_BACH1_ABC_TF_ACTIVITY,MIDEAS,,0.3333333333333333,database_regulon,DoRothEA_A-C_via_decoupler_OmniPath,C,,,,,,,,DoRothEA A-C human BACH1 regulon fetched through decoupler/OmniPath.,False
DOROTHEA_BACH1_ABC_TF_ACTIVITY,UBC,UBC,0.3333333333333333,database_regulon,DoRothEA_A-C_via_decoupler_OmniPath,C,,,,,,,,DoRothEA A-C human BACH1 regulon fetched through decoupler/OmniPath.,True
DOROTHEA_BACH1_ABC_TF_ACTIVITY,VMP1,VMP1,0.3333333333333333,database_regulon,DoRothEA_A-C_via_decoupler_OmniPath,C,,,,,,,,DoRothEA A-C human BACH1 regulon fetched through decoupler/OmniPath.,True
DOROTHEA_BACH1_ABC_TF_ACTIVITY,VOPP1,VOPP1,0.3333333333333333,database_regulon,DoRothEA_A-C_via_decoupler_OmniPath,C,,,,,,,,DoRothEA A-C human BACH1 regulon fetched through decoupler/OmniPath.,True
DOROTHEA_BACH1_ABC_TF_ACTIVITY,ZBTB20,ZBTB20,0.3333333333333333,database_regulon,DoRothEA_A-C_via_decoupler_OmniPath,C,,,,,,,,DoRothEA A-C human BACH1 regulon fetched through decoupler/OmniPath.,True
DOROTHEA_BACH1_ABC_TF_ACTIVITY,ZMIZ1,ZMIZ1,0.3333333333333333,database_regulon,DoRothEA_A-C_via_decoupler_OmniPath,C,,,,,,,,DoRothEA A-C human BACH1 regulon fetched through decoupler/OmniPath.,True
DOROTHEA_BACH1_ABC_TF_ACTIVITY,ZNF217,ZNF217,0.3333333333333333,database_regulon,DoRothEA_A-C_via_decoupler_OmniPath,C,,,,,,,,DoRothEA A-C human BACH1 regulon fetched through decoupler/OmniPath.,True
DOROTHEA_BACH1_ABC_TF_ACTIVITY,UNKL,UNKL,0.3333333333333333,database_regulon,DoRothEA_A-C_via_decoupler_OmniPath,C,,,,,,,,DoRothEA A-C human BACH1 regulon fetched through decoupler/OmniPath.,True
DOROTHEA_BACH1_ABC_TF_ACTIVITY,ZNF3,ZNF3,0.3333333333333333,database_regulon,DoRothEA_A-C_via_decoupler_OmniPath,C,,,,,,,,DoRothEA A-C human BACH1 regulon fetched through decoupler/OmniPath.,True
DOROTHEA_BACH1_ABC_TF_ACTIVITY,ZSCAN31,ZSCAN31,0.3333333333333333,database_regulon,DoRothEA_A-C_via_decoupler_OmniPath,C,,,,,,,,DoRothEA A-C human BACH1 regulon fetched through decoupler/OmniPath.,True
DOROTHEA_BACH1_ABC_TF_ACTIVITY,MAPRE3,MAPRE3,0.3333333333333333,database_regulon,DoRothEA_A-C_via_decoupler_OmniPath,C,,,,,,,,DoRothEA A-C human BACH1 regulon fetched through decoupler/OmniPath.,True
DOROTHEA_BACH1_ABC_TF_ACTIVITY,LRP1B,LRP1B,0.3333333333333333,database_regulon,DoRothEA_A-C_via_decoupler_OmniPath,C,,,,,,,,DoRothEA A-C human BACH1 regulon fetched through decoupler/OmniPath.,True
DOROTHEA_BACH1_ABC_TF_ACTIVITY,MAPK6,MAPK6,0.3333333333333333,database_regulon,DoRothEA_A-C_via_decoupler_OmniPath,C,,,,,,,,DoRothEA A-C human BACH1 regulon fetched through decoupler/OmniPath.,True
DOROTHEA_BACH1_ABC_TF_ACTIVITY,LHFPL2,LHFPL2,0.3333333333333333,database_regulon,DoRothEA_A-C_via_decoupler_OmniPath,C,,,,,,,,DoRothEA A-C human BACH1 regulon fetched through decoupler/OmniPath.,True
DOROTHEA_BACH1_ABC_TF_ACTIVITY,KLHL21,KLHL21,0.3333333333333333,database_regulon,DoRothEA_A-C_via_decoupler_OmniPath,C,,,,,,,,DoRothEA A-C human BACH1 regulon fetched through decoupler/OmniPath.,True
DOROTHEA_BACH1_ABC_TF_ACTIVITY,KDM2A,KDM2A,0.3333333333333333,database_regulon,DoRothEA_A-C_via_decoupler_OmniPath,C,,,,,,,,DoRothEA A-C human BACH1 regulon fetched through decoupler/OmniPath.,True
DOROTHEA_BACH1_ABC_TF_ACTIVITY,HTATIP2,HTATIP2,0.3333333333333333,database_regulon,DoRothEA_A-C_via_decoupler_OmniPath,C,,,,,,,,DoRothEA A-C human BACH1 regulon fetched through decoupler/OmniPath.,True
DOROTHEA_BACH1_ABC_TF_ACTIVITY,HMGA1,HMGA1,0.3333333333333333,database_regulon,DoRothEA_A-C_via_decoupler_OmniPath,C,,,,,,,,DoRothEA A-C human BACH1 regulon fetched through decoupler/OmniPath.,True
DOROTHEA_BACH1_ABC_TF_ACTIVITY,GATAD2A,GATAD2A,0.3333333333333333,database_regulon,DoRothEA_A-C_via_decoupler_OmniPath,C,,,,,,,,DoRothEA A-C human BACH1 regulon fetched through decoupler/OmniPath.,True
DOROTHEA_BACH1_ABC_TF_ACTIVITY,GADD45A,GADD45A,0.3333333333333333,database_regulon,DoRothEA_A-C_via_decoupler_OmniPath,C,,,,,,,,DoRothEA A-C human BACH1 regulon fetched through decoupler/OmniPath.,True
DOROTHEA_BACH1_ABC_TF_ACTIVITY,GABARAPL1,GABARAPL1,0.3333333333333333,database_regulon,DoRothEA_A-C_via_decoupler_OmniPath,C,,,,,,,,DoRothEA A-C human BACH1 regulon fetched through decoupler/OmniPath.,True
DOROTHEA_BACH1_ABC_TF_ACTIVITY,FNDC3B,FNDC3B,0.3333333333333333,database_regulon,DoRothEA_A-C_via_decoupler_OmniPath,C,,,,,,,,DoRothEA A-C human BACH1 regulon fetched through decoupler/OmniPath.,True
DOROTHEA_BACH1_ABC_TF_ACTIVITY,FHAD1,FHAD1,0.3333333333333333,database_regulon,DoRothEA_A-C_via_decoupler_OmniPath,C,,,,,,,,DoRothEA A-C human BACH1 regulon fetched through decoupler/OmniPath.,True
DOROTHEA_BACH1_ABC_TF_ACTIVITY,EPB41L1,EPB41L1,0.3333333333333333,database_regulon,DoRothEA_A-C_via_decoupler_OmniPath,C,,,,,,,,DoRothEA A-C human BACH1 regulon fetched through decoupler/OmniPath.,True
DOROTHEA_BACH1_ABC_TF_ACTIVITY,EGLN3,EGLN3,0.3333333333333333,database_regulon,DoRothEA_A-C_via_decoupler_OmniPath,C,,,,,,,,DoRothEA A-C human BACH1 regulon fetched through decoupler/OmniPath.,True
DOROTHEA_BACH1_ABC_TF_ACTIVITY,DST,DST,0.3333333333333333,database_regulon,DoRothEA_A-C_via_decoupler_OmniPath,C,,,,,,,,DoRothEA A-C human BACH1 regulon fetched through decoupler/OmniPath.,True
DOROTHEA_BACH1_ABC_TF_ACTIVITY,CORO1C,CORO1C,0.3333333333333333,database_regulon,DoRothEA_A-C_via_decoupler_OmniPath,C,,,,,,,,DoRothEA A-C human BACH1 regulon fetched through decoupler/OmniPath.,True
DOROTHEA_BACH1_ABC_TF_ACTIVITY,ACAP2,ACAP2,0.3333333333333333,database_regulon,DoRothEA_A-C_via_decoupler_OmniPath,C,,,,,,,,DoRothEA A-C human BACH1 regulon fetched through decoupler/OmniPath.,True
DOROTHEA_BACH1_ABC_TF_ACTIVITY,ACAP3,ACAP3,0.3333333333333333,database_regulon,DoRothEA_A-C_via_decoupler_OmniPath,C,,,,,,,,DoRothEA A-C human BACH1 regulon fetched through decoupler/OmniPath.,True
DOROTHEA_BACH1_ABC_TF_ACTIVITY,AHCYL1,AHCYL1,0.3333333333333333,database_regulon,DoRothEA_A-C_via_decoupler_OmniPath,C,,,,,,,,DoRothEA A-C human BACH1 regulon fetched through decoupler/OmniPath.,True
DOROTHEA_BACH1_ABC_TF_ACTIVITY,ASXL1,ASXL1,0.3333333333333333,database_regulon,DoRothEA_A-C_via_decoupler_OmniPath,C,,,,,,,,DoRothEA A-C human BACH1 regulon fetched through decoupler/OmniPath.,True
DOROTHEA_BACH1_ABC_TF_ACTIVITY,ATP6V0A1,ATP6V0A1,0.3333333333333333,database_regulon,DoRothEA_A-C_via_decoupler_OmniPath,C,,,,,,,,DoRothEA A-C human BACH1 regulon fetched through decoupler/OmniPath.,True
DOROTHEA_BACH1_ABC_TF_ACTIVITY,BCAT2,BCAT2,0.3333333333333333,database_regulon,DoRothEA_A-C_via_decoupler_OmniPath,C,,,,,,,,DoRothEA A-C human BACH1 regulon fetched through decoupler/OmniPath.,True
DOROTHEA_BACH1_ABC_TF_ACTIVITY,CDYL,CDYL,0.3333333333333333,database_regulon,DoRothEA_A-C_via_decoupler_OmniPath,C,,,,,,,,DoRothEA A-C human BACH1 regulon fetched through decoupler/OmniPath.,True
DOROTHEA_BACH1_ABC_TF_ACTIVITY,CHSY1,CHSY1,0.3333333333333333,database_regulon,DoRothEA_A-C_via_decoupler_OmniPath,C,,,,,,,,DoRothEA A-C human BACH1 regulon fetched through decoupler/OmniPath.,True
DOROTHEA_BACH1_ABC_TF_ACTIVITY,CLIP1,CLIP1,0.3333333333333333,database_regulon,DoRothEA_A-C_via_decoupler_OmniPath,C,,,,,,,,DoRothEA A-C human BACH1 regulon fetched through decoupler/OmniPath.,True
COLLECTRI_BACH1_TF_ACTIVITY,HMOX1,HMOX1,-1.0,database_regulon,CollecTRI_via_decoupler_OmniPath,,DoRothEA-A;ExTRI;GEREDB;NTNU.Curated;SIGNOR;TRRUST,12356737;12511571;14580148;14747657;15233805;17257585;17409198;17942419;18550526;18771089;19439223;20083128;20345481;20501657;20643109;21555518;21982894;22107958;22698995;22735309;23479260;23737527,12356737;12511571;14580148;14747657;15233805;17257585;17409198;17942419;18550526;18771089;19439223;20083128;20345481;20501657;20643109;21555518;21982894;22107958;22698995;22735309;23479260;23737527,,,,,CollecTRI human BACH1 regulon fetched through decoupler/OmniPath.,True
COLLECTRI_BACH1_TF_ACTIVITY,TBXAS1,TBXAS1,1.0,database_regulon,CollecTRI_via_decoupler_OmniPath,,ExTRI;NTNU.Curated,14565864,14565864,,,,,CollecTRI human BACH1 regulon fetched through decoupler/OmniPath.,True
COLLECTRI_BACH1_TF_ACTIVITY,HBB,HBB,-1.0,database_regulon,CollecTRI_via_decoupler_OmniPath,,ExTRI;GEREDB;GOA;NTNU.Curated,14660636;15175654;15809329;16824198;8887638,14660636;15175654;15809329;16824198;8887638,,,,,CollecTRI human BACH1 regulon fetched through decoupler/OmniPath.,True
COLLECTRI_BACH1_TF_ACTIVITY,HBA2,HBA2,1.0,database_regulon,CollecTRI_via_decoupler_OmniPath,,ExTRI;NTNU.Curated,15464985,15464985,,,,,CollecTRI human BACH1 regulon fetched through decoupler/OmniPath.,True
COLLECTRI_BACH1_TF_ACTIVITY,NQO1,NQO1,-1.0,database_regulon,CollecTRI_via_decoupler_OmniPath,,ExTRI;GEREDB;NTNU.Curated,15734732;19897490,15734732;19897490,,,,,CollecTRI human BACH1 regulon fetched through decoupler/OmniPath.,True
COLLECTRI_BACH1_TF_ACTIVITY,TXNRD1,TXNRD1,1.0,database_regulon,CollecTRI_via_decoupler_OmniPath,,ExTRI;NTNU.Curated,17942419,17942419,,,,,CollecTRI human BACH1 regulon fetched through decoupler/OmniPath.,True
COLLECTRI_BACH1_TF_ACTIVITY,IL6,IL6,-1.0,database_regulon,CollecTRI_via_decoupler_OmniPath,,CytReg;ExTRI;NTNU.Curated,19439223,19439223,,,,,CollecTRI human BACH1 regulon fetched through decoupler/OmniPath.,True
COLLECTRI_BACH1_TF_ACTIVITY,SLC40A1,SLC40A1,1.0,database_regulon,CollecTRI_via_decoupler_OmniPath,,ExTRI;NTNU.Curated,20179090,20179090,,,,,CollecTRI human BACH1 regulon fetched through decoupler/OmniPath.,True
COLLECTRI_BACH1_TF_ACTIVITY,PEBP1,PEBP1,-1.0,database_regulon,CollecTRI_via_decoupler_OmniPath,,ExTRI;NTNU.Curated,24395801,24395801,,,,,CollecTRI human BACH1 regulon fetched through decoupler/OmniPath.,True
COLLECTRI_BACH1_TF_ACTIVITY,MMP1,MMP1,1.0,database_regulon,CollecTRI_via_decoupler_OmniPath,,TRRUST,21873975,21873975,,,,,CollecTRI human BACH1 regulon fetched through decoupler/OmniPath.,True
COLLECTRI_BACH1_TF_ACTIVITY,CCND2,CCND2,1.0,database_regulon,CollecTRI_via_decoupler_OmniPath,,GOA,21555518,21555518,,,,,CollecTRI human BACH1 regulon fetched through decoupler/OmniPath.,True
COLLECTRI_BACH1_TF_ACTIVITY,CCNE2,CCNE2,1.0,database_regulon,CollecTRI_via_decoupler_OmniPath,,GOA,21555518,21555518,,,,,CollecTRI human BACH1 regulon fetched through decoupler/OmniPath.,True
COLLECTRI_BACH1_TF_ACTIVITY,CCNG2,CCNG2,1.0,database_regulon,CollecTRI_via_decoupler_OmniPath,,GOA,21555518,21555518,,,,,CollecTRI human BACH1 regulon fetched through decoupler/OmniPath.,True
COLLECTRI_BACH1_TF_ACTIVITY,GAPDH,GAPDH,1.0,database_regulon,CollecTRI_via_decoupler_OmniPath,,SIGNOR,31257027,31257027,,,,,CollecTRI human BACH1 regulon fetched through decoupler/OmniPath.,True
COLLECTRI_BACH1_TF_ACTIVITY,HK2,HK2,1.0,database_regulon,CollecTRI_via_decoupler_OmniPath,,SIGNOR,31257027,31257027,,,,,CollecTRI human BACH1 regulon fetched through decoupler/OmniPath.,True
COLLECTRI_BACH1_TF_ACTIVITY,CXCL8,CXCL8,1.0,database_regulon,CollecTRI_via_decoupler_OmniPath,,CytReg,26123998,26123998,,,,,CollecTRI human BACH1 regulon fetched through decoupler/OmniPath.,True
