patient,dataset,sample_id,tumour_type,n_cells,n_BACH1_detected,BACH1_detected_fraction,BACH1_expression_mean,total_counts_median,n_genes_median,pct_mt_median,COLLECTRI_BACH1_TF_ACTIVITY__mean_z,CURATED_NRF2_ANTIOXIDANT_RESPONSE__mean_z,DOROTHEA_BACH1_ABC_TF_ACTIVITY__mean_z,HALLMARK_EPITHELIAL_MESENCHYMAL_TRANSITION__mean_z,HALLMARK_GLYCOLYSIS__mean_z,HALLMARK_HEME_METABOLISM__mean_z,HALLMARK_HYPOXIA__mean_z,HALLMARK_OXIDATIVE_PHOSPHORYLATION__mean_z,HALLMARK_REACTIVE_OXYGEN_SPECIES_PATHWAY__mean_z,KLENJA2025_BACH1_INVERSE_ACTIVITY__mean_z,LITERATURE_LUNG_BACH1_EFFECTOR_ACTIVITY__mean_z,COLLECTRI_BACH1_TF_ACTIVITY__ssgsea_NES,CURATED_NRF2_ANTIOXIDANT_RESPONSE__ssgsea_NES,DOROTHEA_BACH1_ABC_TF_ACTIVITY__ssgsea_NES,HALLMARK_EPITHELIAL_MESENCHYMAL_TRANSITION__ssgsea_NES,HALLMARK_GLYCOLYSIS__ssgsea_NES,HALLMARK_HEME_METABOLISM__ssgsea_NES,HALLMARK_HYPOXIA__ssgsea_NES,HALLMARK_OXIDATIVE_PHOSPHORYLATION__ssgsea_NES,HALLMARK_REACTIVE_OXYGEN_SPECIES_PATHWAY__ssgsea_NES,KLENJA2025_BACH1_INVERSE_ACTIVITY__ssgsea_NES,LITERATURE_LUNG_BACH1_EFFECTOR_ACTIVITY__ssgsea_NES,KLENJA2025_BACH1_ACTIVITY_INVERTED__ssgsea_NES,COLLECTRI_BACH1_TF_ACTIVITY__decoupler_ulm,DOROTHEA_BACH1_ABC_TF_ACTIVITY__decoupler_ulm,KLENJA2025_BACH1_INVERSE_ACTIVITY__decoupler_ulm,COLLECTRI_BACH1_TF_ACTIVITY__decoupler_mlm,DOROTHEA_BACH1_ABC_TF_ACTIVITY__decoupler_mlm,KLENJA2025_BACH1_INVERSE_ACTIVITY__decoupler_mlm,DOROTHEA_BACH1_ABC_TF_ACTIVITY_NO_HYPOXIA_OVERLAP__mean_z,HALLMARK_HYPOXIA_NO_DOROTHEA_OVERLAP__mean_z
AL02,GSE274934,GSE274934_AL02,WT LUAD,2,0,0.0,0.0,5809.0,1864.5,1.0395899,0.0565623234012282,-0.5112157634755612,0.1055991084126379,0.6513227931676102,0.0377650917552872,-0.0205741019404625,0.2862911896284043,-0.1116843034265216,-0.299111880036071,-5.619075813737824,0.4590108641056675,-0.0674952746252335,-0.1499922170360173,0.097832525733182,0.0710343114242511,-0.0386282479885541,-0.0792282384775216,0.0766186418446091,0.1953506836292521,0.1371359028917811,0.1904022838817599,0.2043680195297206,-0.1904022838817599,-0.4228623410665308,-0.4326607155136608,0.211961735801663,-0.4225668940253591,-0.4416340428768297,0.344701332920142,0.10037848360031487,0.29566298756206216
AL06,GSE274934,GSE274934_AL06,ALK-positive LUAD,347,158,0.4553314121037464,0.4386100132630263,10913.0,3004.0,3.0507865,0.0143402703171907,-0.1874910650585996,0.1886347150665294,0.1804071688745359,-0.046363885687144,0.0673451549463166,0.0815935109438475,-0.2553205472182519,-0.142830112167611,-0.0419128785858999,-0.2078370726183776,0.1477743449781339,0.2091135361461863,0.1450985140176953,-0.0723628105933987,0.0128745759968478,0.0108404600774921,0.098197311271457,0.3232109189854775,0.2833784313963604,-0.2471398131072019,0.0700121629134774,0.2471398131072019,0.58045838963049,1.5191554318426703,0.9173222909106368,0.3429219278762003,1.348367885002971,0.6123931935313981,0.22242565631477934,0.08448304934210567
AL08,GSE274934,GSE274934_AL08,WT LUAD,4351,623,0.1431854746035394,0.1285281956702696,6075.0,2200.0,1.0206698,0.0562272391248756,0.0799498646756608,-0.0002245148690561,-0.0161116735643716,0.0621908646870269,-0.0305176816871612,0.0081407959653547,0.135150658657335,0.0432234205525638,0.0309707202497707,0.1839260180677256,0.1137594880165603,0.292109511133782,0.0464420692398853,-0.1970153786314106,0.063802418917539,-0.0542497465686965,0.0643727569015471,0.4747776721453891,0.3020585892421469,-0.4097692263415351,0.0991043326369572,0.4097692263415351,0.7037634528081197,-1.185466613909173,1.0199488876872274,0.670738940847757,-1.4322777347687785,1.1454225182926483,-0.004813875990733947,0.010945561006367737
AL10,GSE274934,GSE274934_AL10,ALK-positive LUAD,1372,222,0.1618075801749271,0.1060234670671186,13495.0,3455.0,3.1729898,-0.0120271739115991,0.0867390066169498,0.0401318203495852,0.0726101066331289,0.0915805490820031,0.0374627892761272,0.144945840606708,0.0216051461677361,0.0760855996142146,0.021031280302296,0.0649630323874223,0.1097923915475625,0.252750058841641,0.0529707548714319,-0.1509254367856421,0.0752618960192856,-0.037675169558645,0.1193837953961363,0.4016818066731059,0.3065479107583638,-0.3274184571691,0.1231762098903638,0.3274184571691,0.7293047337992853,-0.751076853787161,0.998451496136622,0.6644188980195562,-0.9880720762924704,1.0480773877292844,0.05142925628854017,0.14244103684049325
AL11,GSE274934,GSE274934_AL11,WT LUAD,2483,644,0.2593636729762384,0.2134990155144751,9502.0,3086.0,2.3915222,-0.1253491078675606,0.5202112133098201,0.0427034070860273,-0.0241531799882053,0.0017841827997927,0.0738550869643146,0.0245140844075792,0.1317792907539638,0.227914719000763,-0.1358385943404315,-0.235601288417396,0.114007796184636,0.4382607062083353,0.0814710182520326,-0.2277347591675874,0.021238672635013,0.0114733988289873,0.0388891859918401,0.4540724665579517,0.3454326071778593,-0.2213167556046019,-0.017810034400973,0.2213167556046019,-0.3436771700356804,-1.05743075964391,0.856460008551519,-0.3800111683868396,-1.1908184107563098,1.0970804376914685,0.06381793429409115,0.024839052793376448
P0006,GSE131907,GSE131907_LUNG_T06,lung adenocarcinoma,84,9,0.1071428571428571,0.0674222661625771,9202.0,2519.0,7.2763824,0.0822090937598173,-0.4522041228740592,-0.0276702316648079,0.1649315238941432,-0.0509206591396016,0.0120681623588154,-0.023803333136481,-0.1899135802801206,-0.1946787180568593,-0.0003650907948867,-0.1156468755782362,0.0754410620491629,-0.0635187582317298,0.0601898976531739,-0.0511825423299647,0.0615827553489605,0.0384834990597625,0.0980538130675804,0.3148244346508802,0.2136771765331494,-0.4724554061491763,0.2201248787323032,0.4724554061491763,0.5308443265728451,-0.4719836653190211,1.0752820818412512,0.430375577426057,-0.7005757983531935,1.107144191251837,-0.03978995191923835,-0.02092162690796941
P0008,GSE131907,GSE131907_LUNG_T08,lung adenocarcinoma,22,4,0.1818181818181818,0.1037067459388212,10040.0,2595.5,11.476786,0.1033680093681738,-0.4939383702703984,-0.1471986726121447,-0.0282100813553899,-0.1431245646372183,-0.1075098805154017,-0.0671106374377689,-0.2352575263586844,-0.277548051302731,0.1819885128070933,0.1951507072740413,0.0767465330951888,-0.0935258484440768,0.01595579754824,-0.1241981423357992,0.0568357044538486,0.0135243014250201,0.0972988321115934,0.3478353877791053,0.2317378917628451,-0.5252223278546108,0.3291035880945832,0.5252223278546108,0.9158468410254812,-0.8358205924476153,1.0102093710070468,0.8588468697732932,-1.09140145140637,1.0492755900072226,-0.17286518312489615,-0.06592022024999579
P0009,GSE131907,GSE131907_LUNG_T09,lung adenocarcinoma,5,1,0.2,0.1110136628150939,5769.0,1374.0,7.761371,0.0997845482369323,-0.4473904869397336,-0.1865883498264886,-0.0758782968805786,-0.198266313787311,-0.0837778561421148,-0.155049623382328,-0.3374247688878212,-0.4283409823930775,-0.4679213498887807,-0.4209661172107849,0.2111090211798564,-0.0671826183841898,0.1158880660135095,-0.1303535764298082,0.0119556267697346,0.039208457247522,0.0538976826839441,0.2971109753306992,0.1468169033893483,0.1462558643268053,0.0850415798569062,-0.1462558643268053,0.6719462102861101,-0.8782232580522459,-0.1514359248693181,0.7719043983731115,-0.9224551460966778,-0.1009886765882552,-0.13065000023872214,-0.15745207699279412
P0018,GSE131907,GSE131907_LUNG_T18,lung adenocarcinoma,630,135,0.2142857142857142,0.1417678822127599,11755.0,3069.5,10.017241,0.0583495656234623,-0.3729765287127494,0.0162522172410755,0.1236517222705549,0.0515302898783829,-0.0327506285882502,0.022088826755368,-0.1293688057819601,-0.1911489059370801,0.0398964472255594,0.0843217038682186,0.0309297919416859,-0.0460264594221034,0.0802895323357084,-0.0655537080373894,0.1268585205863056,-0.0058932227088616,0.1220543158798883,0.3263073594382354,0.2260988464779038,-0.3946778132262111,0.2109841166465977,0.3946778132262111,1.1462538467733252,-0.0423244074817894,1.00797932481452,1.028621310805376,-0.3009852985385375,0.8853971380671044,-0.006672656939205381,0.0185237980551704
P0019,GSE131907,GSE131907_LUNG_T19,lung adenocarcinoma,197,29,0.1472081218274111,0.1129063508534794,9161.0,2636.0,4.3215885,-0.1566556274739508,-0.3886261961257468,-0.0872477265463333,-0.0059479182363098,-0.0602565710803219,0.0116327629003342,-0.1293088314965304,-0.1698015040114076,-0.1945223447422328,-0.0362233778815267,-0.3531997090009245,-0.0061627351606498,-0.047238299779833,0.0590590996127076,-0.1473714249025116,0.0714286382676797,0.0655089164609777,0.0487539970336793,0.3644579544348967,0.2381759715506697,-0.2113390576644969,0.1552692084247588,0.2113390576644969,-0.2781407762679649,-0.6361853590065547,0.7692946369131608,-0.3352612782634064,-0.7525557206311748,0.929395924093365,-0.0803991735231375,-0.1286708695716559
P0020,GSE131907,GSE131907_LUNG_T20,lung adenocarcinoma,309,104,0.3365695792880259,0.2169705629830993,13011.0,3175.0,4.8857512,0.1488332078939491,-0.4025922258571882,0.0446557011410072,0.0787127918193081,0.0108720497651722,-0.0103743766650544,0.0327628773243072,-0.2280402950510707,-0.1663634630440765,0.018285089202459,0.3494958435914373,0.1094736195089985,-0.0235078897418611,0.1082229302036549,-0.112280852060629,0.1121472199849605,0.0303290862567593,0.1347222463241272,0.2970106184795422,0.2494034510833417,-0.2618965697930612,0.2805964961181824,0.2618965697930612,1.8433245564435723,0.4366957210178223,0.8716308342861824,1.714712734597067,0.1541756313547459,0.5744428950698812,0.042207813210264136,0.03238967016397524
P0025,GSE131907,GSE131907_LUNG_T25,lung adenocarcinoma,203,17,0.083743842364532,0.0793503164657818,6488.0,1942.0,5.205122,-0.1357084925575895,-0.3958190431778476,-0.1583415300917943,-0.0719855379492922,-0.1459002416820743,-0.0430601634006154,-0.1495018886337459,-0.1822699352076333,-0.2076210184007254,-0.0867273404554588,-0.2587171734902609,0.1484404436420623,0.0249477798376126,0.06274643751657,-0.1967876363051288,0.061780690860776,0.0734392600388732,0.0416718652411814,0.3785290025352529,0.2647967523555898,-0.1477500333555662,0.2162952604898549,0.1477500333555662,-0.1597819988495914,-1.2059688285841057,0.6684613868154782,-0.1561419511665429,-1.3253966198400258,0.9042571767173452,-0.1531535346945018,-0.14901070903843747
P0028,GSE131907,GSE131907_LUNG_T28,lung adenocarcinoma,700,157,0.2242857142857142,0.1300610361354691,12846.0,3275.0,7.792197,0.0298320906812181,-0.064798464448399,0.0188390396169155,-0.041778819301738,0.0030022681333577,0.0231691496270975,-0.0585950545258355,-0.0805810464959513,-0.0177032955268066,0.0733604298104855,-0.0330380961488406,0.1326259837985791,0.2718764496641545,0.0920541627752219,-0.1848424236594426,0.0976473942473665,0.0449582168316015,0.072137905921859,0.352798724006564,0.3077137375598076,-0.3829697243639522,0.1807376486544089,0.3829697243639522,0.7025693598456687,-0.12212707818409,1.0016637465618443,0.5862579885492666,-0.3457779386895354,0.951180778232562,0.009468157342928715,-0.05855581036512563
P0030,GSE131907,GSE131907_LUNG_T30,lung adenocarcinoma,752,94,0.125,0.1318667950703108,4566.0,1629.5,3.985952,-0.0779384905624847,-0.3317203463254539,-0.1450492720646433,-0.0275244089042046,-0.1731465038625058,-0.0370273603122156,-0.0837648539533466,-0.2043500476345448,-0.1464612264984879,0.0862546145226219,-0.1630579357735405,0.1430529086482526,0.0892548032036386,0.0480697469498434,-0.1375834583994154,0.0205053305550216,0.0539187668918831,0.0821107774836913,0.3642994886848146,0.2613295514510735,-0.3510687034245333,0.2685132393700966,0.3510687034245333,-0.0649448306447494,-0.9807057598646096,0.8976222342247357,-0.1089904303484272,-1.1416676693635208,1.0890822284134816,-0.1527359889522941,-0.08338032053300241
P0031,GSE131907,GSE131907_LUNG_T31,lung adenocarcinoma,121,16,0.1322314049586777,0.111364768802627,6478.0,2084.0,4.568285,-0.0128894872214974,-0.3027333092514413,-0.084525995383255,0.008162393750922,-0.0674757676428957,-0.0336516789962814,-0.0299347416139978,-0.1158407149485554,-0.2278162306525255,-0.0877189621117059,-0.1368518139062307,0.0904664380896625,0.0267867826052811,0.0507792342797916,-0.1325256099670116,0.0680093460574128,0.0307823304722875,0.1122051294856561,0.3580148502043172,0.2168472198092028,-0.1534212094585262,0.1414516830937068,0.1534212094585262,0.5261340829554445,-0.659289902287868,0.699100335696945,0.4914095035620265,-0.8286030321636583,0.7535022948970564,-0.07832722001635566,-0.0312626996205003
P0034,GSE131907,GSE131907_LUNG_T34,lung adenocarcinoma,2116,430,0.2032136105860113,0.1371078006148563,10762.0,2613.5,7.3846674,0.0393562491205294,-0.375071575460946,-0.0415299579071281,-0.0395969522084515,-0.1107311187700982,-0.0366586832200174,-0.0852439940310854,-0.1827705292130966,-0.1801563058407549,0.0407288192928409,-0.048382677972279,0.1318671629583839,0.070609387558501,0.0917930701668241,-0.1679633210840135,0.0564099273386115,0.0528337164992201,0.0776959649287383,0.3582583072305005,0.25401958800046,-0.2779499524694733,0.1546703918228248,0.2779499524694733,0.7292382044748079,-0.1297821690659473,0.8635140011768023,0.6325167791474742,-0.3328654447230892,0.8074770643707451,-0.05759160430193115,-0.08943784123916194
