x,y,n_lopo,min_rho,max_rho,median_rho,max_p,n_positive,n_negative,sign_stability
BACH1_detected_fraction,COLLECTRI_BACH1_TF_ACTIVITY__decoupler_mlm,16,0.2928571428571428,0.6035714285714285,0.41249999999999987,0.28947166721240103,16,0,all_positive
BACH1_detected_fraction,COLLECTRI_BACH1_TF_ACTIVITY__decoupler_ulm,16,0.38928571428571423,0.6928571428571427,0.4982142857142857,0.151511936790394,16,0,all_positive
BACH1_detected_fraction,COLLECTRI_BACH1_TF_ACTIVITY__mean_z,16,0.06785714285714285,0.3214285714285714,0.18035714285714283,0.8101088187105132,16,0,all_positive
BACH1_detected_fraction,COLLECTRI_BACH1_TF_ACTIVITY__ssgsea_NES,16,0.09999999999999999,0.4464285714285714,0.24285714285714283,0.7228973252791182,16,0,all_positive
BACH1_detected_fraction,CURATED_NRF2_ANTIOXIDANT_RESPONSE__mean_z,16,0.24285714285714283,0.5,0.38392857142857134,0.3831283418393415,16,0,all_positive
BACH1_detected_fraction,CURATED_NRF2_ANTIOXIDANT_RESPONSE__ssgsea_NES,16,0.2285714285714285,0.46071428571428563,0.3821428571428571,0.41256617049636035,16,0,all_positive
BACH1_detected_fraction,DOROTHEA_BACH1_ABC_TF_ACTIVITY__decoupler_mlm,16,0.38214285714285706,0.6357142857142856,0.4999999999999999,0.15982362998696725,16,0,all_positive
BACH1_detected_fraction,DOROTHEA_BACH1_ABC_TF_ACTIVITY__decoupler_ulm,16,0.3928571428571428,0.6464285714285712,0.5107142857142857,0.1474666553113262,16,0,all_positive
BACH1_detected_fraction,DOROTHEA_BACH1_ABC_TF_ACTIVITY__mean_z,16,0.2964285714285714,0.6714285714285713,0.41428571428571415,0.2833554284342631,16,0,all_positive
BACH1_detected_fraction,DOROTHEA_BACH1_ABC_TF_ACTIVITY__ssgsea_NES,16,0.3928571428571428,0.6857142857142856,0.5035714285714286,0.1474666553113262,16,0,all_positive
BACH1_detected_fraction,HALLMARK_EPITHELIAL_MESENCHYMAL_TRANSITION__mean_z,16,-0.1928571428571428,0.18214285714285713,-0.010714285714285713,1.0,4,11,mixed_or_zero
BACH1_detected_fraction,HALLMARK_EPITHELIAL_MESENCHYMAL_TRANSITION__ssgsea_NES,16,-0.19999999999999998,0.11785714285714284,-0.09285714285714285,0.9194899083821858,3,13,mixed_or_zero
BACH1_detected_fraction,HALLMARK_GLYCOLYSIS__mean_z,16,0.10714285714285714,0.37499999999999994,0.18035714285714283,0.7039010016261618,16,0,all_positive
BACH1_detected_fraction,HALLMARK_GLYCOLYSIS__ssgsea_NES,16,0.04285714285714285,0.39642857142857135,0.21428571428571427,0.8794603130258999,16,0,all_positive
BACH1_detected_fraction,HALLMARK_HEME_METABOLISM__mean_z,16,0.25357142857142856,0.4642857142857142,0.3928571428571428,0.3618161038158894,16,0,all_positive
BACH1_detected_fraction,HALLMARK_HEME_METABOLISM__ssgsea_NES,16,-0.38214285714285706,-0.007142857142857141,-0.11964285714285713,0.9798442277615982,0,16,all_negative
BACH1_detected_fraction,HALLMARK_HYPOXIA__mean_z,16,0.11785714285714284,0.4642857142857142,0.21071428571428572,0.6757115292213043,16,0,all_positive
BACH1_detected_fraction,HALLMARK_HYPOXIA__ssgsea_NES,16,0.06428571428571428,0.3857142857142856,0.21964285714285708,0.8199479653196375,16,0,all_positive
BACH1_detected_fraction,HALLMARK_OXIDATIVE_PHOSPHORYLATION__mean_z,16,-0.30357142857142855,-0.017857142857142853,-0.17678571428571427,0.9496353041738619,0,16,all_negative
BACH1_detected_fraction,HALLMARK_OXIDATIVE_PHOSPHORYLATION__ssgsea_NES,16,-0.34642857142857136,0.017857142857142853,-0.08214285714285713,0.9496353041738619,1,15,mixed_or_zero
BACH1_detected_fraction,HALLMARK_REACTIVE_OXYGEN_SPECIES_PATHWAY__mean_z,16,0.38214285714285706,0.557142857142857,0.4428571428571427,0.15982362998696725,16,0,all_positive
BACH1_detected_fraction,HALLMARK_REACTIVE_OXYGEN_SPECIES_PATHWAY__ssgsea_NES,16,0.2821428571428571,0.4892857142857142,0.4339285714285714,0.3082844568200555,16,0,all_positive
BACH1_detected_fraction,KLENJA2025_BACH1_ACTIVITY_INVERTED__ssgsea_NES,16,-0.035714285714285705,0.2714285714285714,0.1732142857142857,0.9798442277615982,14,2,mixed_or_zero
BACH1_detected_fraction,KLENJA2025_BACH1_INVERSE_ACTIVITY__mean_z,16,0.0,0.3214285714285714,0.17321428571428568,1.0,15,0,mixed_or_zero
BACH1_detected_fraction,LITERATURE_LUNG_BACH1_EFFECTOR_ACTIVITY__mean_z,16,-0.12857142857142856,0.21071428571428572,-0.02321428571428571,0.9798442277615982,5,11,mixed_or_zero
BACH1_detected_fraction,LITERATURE_LUNG_BACH1_EFFECTOR_ACTIVITY__ssgsea_NES,16,-0.5214285714285714,-0.1714285714285714,-0.31785714285714284,0.5412721760996332,0,16,all_negative
BACH1_expression_mean,COLLECTRI_BACH1_TF_ACTIVITY__decoupler_mlm,16,0.04285714285714285,0.35357142857142854,0.22499999999999998,0.8794603130258999,16,0,all_positive
BACH1_expression_mean,COLLECTRI_BACH1_TF_ACTIVITY__decoupler_ulm,16,0.1464285714285714,0.44999999999999996,0.30535714285714277,0.602549920983054,16,0,all_positive
BACH1_expression_mean,COLLECTRI_BACH1_TF_ACTIVITY__mean_z,16,-0.2678571428571428,0.04285714285714285,-0.06071428571428571,0.9899214068809781,3,13,mixed_or_zero
BACH1_expression_mean,COLLECTRI_BACH1_TF_ACTIVITY__ssgsea_NES,16,0.12857142857142856,0.44999999999999996,0.27321428571428563,0.6479163294665075,16,0,all_positive
BACH1_expression_mean,CURATED_NRF2_ANTIOXIDANT_RESPONSE__mean_z,16,0.42499999999999993,0.6464285714285712,0.5339285714285713,0.11429547548052225,16,0,all_positive
BACH1_expression_mean,CURATED_NRF2_ANTIOXIDANT_RESPONSE__ssgsea_NES,16,0.44999999999999996,0.6392857142857141,0.5535714285714285,0.0923573749481225,16,0,all_positive
BACH1_expression_mean,DOROTHEA_BACH1_ABC_TF_ACTIVITY__decoupler_mlm,16,0.2678571428571428,0.5357142857142856,0.41785714285714276,0.33444360051235367,16,0,all_positive
BACH1_expression_mean,DOROTHEA_BACH1_ABC_TF_ACTIVITY__decoupler_ulm,16,0.2714285714285714,0.5392857142857141,0.4214285714285714,0.3277893068411728,16,0,all_positive
BACH1_expression_mean,DOROTHEA_BACH1_ABC_TF_ACTIVITY__mean_z,16,0.2785714285714285,0.6535714285714285,0.40178571428571425,0.3147094732307908,16,0,all_positive
BACH1_expression_mean,DOROTHEA_BACH1_ABC_TF_ACTIVITY__ssgsea_NES,16,0.19999999999999998,0.5071428571428571,0.3446428571428571,0.47481396452216845,16,0,all_positive
BACH1_expression_mean,HALLMARK_EPITHELIAL_MESENCHYMAL_TRANSITION__mean_z,16,-0.08928571428571427,0.28571428571428564,0.06249999999999999,0.9697698761545686,12,4,mixed_or_zero
BACH1_expression_mean,HALLMARK_EPITHELIAL_MESENCHYMAL_TRANSITION__ssgsea_NES,16,-0.3071428571428571,0.007142857142857141,-0.1696428571428571,0.9798442277615982,2,14,mixed_or_zero
BACH1_expression_mean,HALLMARK_GLYCOLYSIS__mean_z,16,0.0857142857142857,0.32499999999999996,0.13928571428571426,0.7613341261907666,16,0,all_positive
BACH1_expression_mean,HALLMARK_GLYCOLYSIS__ssgsea_NES,16,0.010714285714285713,0.35,0.18749999999999997,0.9697698761545686,16,0,all_positive
BACH1_expression_mean,HALLMARK_HEME_METABOLISM__mean_z,16,0.1964285714285714,0.46071428571428563,0.3410714285714285,0.48289875627163353,16,0,all_positive
BACH1_expression_mean,HALLMARK_HEME_METABOLISM__ssgsea_NES,16,-0.25357142857142856,0.09999999999999999,-0.024999999999999994,0.9899214068809781,5,11,mixed_or_zero
BACH1_expression_mean,HALLMARK_HYPOXIA__mean_z,16,0.09999999999999999,0.4357142857142856,0.16785714285714282,0.7228973252791182,16,0,all_positive
BACH1_expression_mean,HALLMARK_HYPOXIA__ssgsea_NES,16,0.04642857142857142,0.36785714285714277,0.21249999999999997,0.8694915255450947,16,0,all_positive
BACH1_expression_mean,HALLMARK_OXIDATIVE_PHOSPHORYLATION__mean_z,16,-0.1964285714285714,0.0857142857142857,-0.08928571428571427,1.0,2,13,mixed_or_zero
BACH1_expression_mean,HALLMARK_OXIDATIVE_PHOSPHORYLATION__ssgsea_NES,16,-0.10714285714285714,0.2571428571428571,0.10178571428571427,1.0,13,2,mixed_or_zero
BACH1_expression_mean,HALLMARK_REACTIVE_OXYGEN_SPECIES_PATHWAY__mean_z,16,0.5357142857142856,0.7428571428571428,0.6071428571428571,0.03956697222954946,16,0,all_positive
BACH1_expression_mean,HALLMARK_REACTIVE_OXYGEN_SPECIES_PATHWAY__ssgsea_NES,16,0.3571428571428571,0.5821428571428571,0.46249999999999997,0.19127476343157906,16,0,all_positive
BACH1_expression_mean,KLENJA2025_BACH1_ACTIVITY_INVERTED__ssgsea_NES,16,-0.07857142857142857,0.28928571428571426,0.12321428571428569,0.9395779040128779,14,2,mixed_or_zero
BACH1_expression_mean,KLENJA2025_BACH1_INVERSE_ACTIVITY__mean_z,16,0.05357142857142857,0.3607142857142856,0.21071428571428572,0.8496099367776072,16,0,all_positive
BACH1_expression_mean,LITERATURE_LUNG_BACH1_EFFECTOR_ACTIVITY__mean_z,16,-0.21428571428571427,0.125,-0.08035714285714285,0.9798442277615982,3,13,mixed_or_zero
BACH1_expression_mean,LITERATURE_LUNG_BACH1_EFFECTOR_ACTIVITY__ssgsea_NES,16,-0.457142857142857,-0.125,-0.2803571428571428,0.6571356681869506,0,16,all_negative
COLLECTRI_BACH1_TF_ACTIVITY__decoupler_mlm,COLLECTRI_BACH1_TF_ACTIVITY__decoupler_ulm,16,0.9392857142857142,0.9749999999999999,0.9446428571428571,2.094580193668553e-07,16,0,all_positive
COLLECTRI_BACH1_TF_ACTIVITY__decoupler_mlm,COLLECTRI_BACH1_TF_ACTIVITY__mean_z,16,0.6464285714285712,0.8607142857142854,0.7,0.009214550689979997,16,0,all_positive
COLLECTRI_BACH1_TF_ACTIVITY__decoupler_mlm,COLLECTRI_BACH1_TF_ACTIVITY__ssgsea_NES,16,-0.1964285714285714,0.11785714285714284,0.049999999999999996,1.0,11,4,mixed_or_zero
COLLECTRI_BACH1_TF_ACTIVITY__decoupler_mlm,CURATED_NRF2_ANTIOXIDANT_RESPONSE__mean_z,16,-0.2928571428571428,0.08214285714285713,-0.0732142857142857,0.9295289708192378,4,12,mixed_or_zero
COLLECTRI_BACH1_TF_ACTIVITY__decoupler_mlm,CURATED_NRF2_ANTIOXIDANT_RESPONSE__ssgsea_NES,16,-0.32499999999999996,0.049999999999999996,-0.09285714285714285,0.9496353041738619,3,13,mixed_or_zero
COLLECTRI_BACH1_TF_ACTIVITY__decoupler_mlm,DOROTHEA_BACH1_ABC_TF_ACTIVITY__decoupler_mlm,16,0.08214285714285713,0.3428571428571428,0.2392857142857142,0.7710285652881773,16,0,all_positive
COLLECTRI_BACH1_TF_ACTIVITY__decoupler_mlm,DOROTHEA_BACH1_ABC_TF_ACTIVITY__decoupler_ulm,16,0.10357142857142855,0.33928571428571425,0.2571428571428571,0.7133796306287292,16,0,all_positive
COLLECTRI_BACH1_TF_ACTIVITY__decoupler_mlm,DOROTHEA_BACH1_ABC_TF_ACTIVITY__mean_z,16,-0.24642857142857136,0.075,-0.11428571428571425,0.9798442277615982,3,13,mixed_or_zero
COLLECTRI_BACH1_TF_ACTIVITY__decoupler_mlm,DOROTHEA_BACH1_ABC_TF_ACTIVITY__ssgsea_NES,16,-0.22499999999999998,0.08214285714285713,-0.05357142857142856,0.9899214068809781,5,11,mixed_or_zero
COLLECTRI_BACH1_TF_ACTIVITY__decoupler_mlm,HALLMARK_EPITHELIAL_MESENCHYMAL_TRANSITION__mean_z,16,-0.2285714285714285,0.075,-0.11607142857142855,0.9395779040128779,1,15,mixed_or_zero
COLLECTRI_BACH1_TF_ACTIVITY__decoupler_mlm,HALLMARK_EPITHELIAL_MESENCHYMAL_TRANSITION__ssgsea_NES,16,0.024999999999999998,0.39999999999999997,0.1464285714285714,0.9295289708192378,16,0,all_positive
COLLECTRI_BACH1_TF_ACTIVITY__decoupler_mlm,HALLMARK_GLYCOLYSIS__mean_z,16,0.017857142857142853,0.3107142857142856,0.15357142857142855,0.9496353041738619,16,0,all_positive
COLLECTRI_BACH1_TF_ACTIVITY__decoupler_mlm,HALLMARK_GLYCOLYSIS__ssgsea_NES,16,0.36428571428571427,0.6249999999999999,0.4821428571428571,0.18191025904581398,16,0,all_positive
COLLECTRI_BACH1_TF_ACTIVITY__decoupler_mlm,HALLMARK_HEME_METABOLISM__mean_z,16,-0.4071428571428571,-0.18928571428571428,-0.3196428571428571,0.4992630332385452,0,16,all_negative
COLLECTRI_BACH1_TF_ACTIVITY__decoupler_mlm,HALLMARK_HEME_METABOLISM__ssgsea_NES,16,-0.457142857142857,-0.11785714285714284,-0.18035714285714283,0.6757115292213043,0,16,all_negative
COLLECTRI_BACH1_TF_ACTIVITY__decoupler_mlm,HALLMARK_HYPOXIA__mean_z,16,-0.125,0.1964285714285714,-0.021428571428571425,0.9798442277615982,4,12,mixed_or_zero
COLLECTRI_BACH1_TF_ACTIVITY__decoupler_mlm,HALLMARK_HYPOXIA__ssgsea_NES,16,0.46071428571428563,0.6464285714285712,0.5696428571428571,0.08393338135031418,16,0,all_positive
COLLECTRI_BACH1_TF_ACTIVITY__decoupler_mlm,HALLMARK_OXIDATIVE_PHOSPHORYLATION__mean_z,16,-0.3571428571428571,-0.14285714285714282,-0.26249999999999996,0.6115222287644656,0,16,all_negative
COLLECTRI_BACH1_TF_ACTIVITY__decoupler_mlm,HALLMARK_OXIDATIVE_PHOSPHORYLATION__ssgsea_NES,16,-0.48214285714285704,-0.10714285714285714,-0.1964285714285714,0.7039010016261618,0,16,all_negative
COLLECTRI_BACH1_TF_ACTIVITY__decoupler_mlm,HALLMARK_REACTIVE_OXYGEN_SPECIES_PATHWAY__mean_z,16,-0.18928571428571428,0.1464285714285714,-0.03214285714285714,0.9496353041738619,5,11,mixed_or_zero
COLLECTRI_BACH1_TF_ACTIVITY__decoupler_mlm,HALLMARK_REACTIVE_OXYGEN_SPECIES_PATHWAY__ssgsea_NES,16,-0.33928571428571425,0.035714285714285705,-0.08928571428571427,0.9697698761545686,1,15,mixed_or_zero
COLLECTRI_BACH1_TF_ACTIVITY__decoupler_mlm,KLENJA2025_BACH1_ACTIVITY_INVERTED__ssgsea_NES,16,0.38214285714285706,0.6464285714285712,0.4892857142857142,0.15982362998696725,16,0,all_positive
COLLECTRI_BACH1_TF_ACTIVITY__decoupler_mlm,KLENJA2025_BACH1_INVERSE_ACTIVITY__mean_z,16,0.36785714285714277,0.6321428571428571,0.4767857142857142,0.17734214689349137,16,0,all_positive
COLLECTRI_BACH1_TF_ACTIVITY__decoupler_mlm,LITERATURE_LUNG_BACH1_EFFECTOR_ACTIVITY__mean_z,16,0.35357142857142854,0.7285714285714285,0.39642857142857135,0.19607167843419873,16,0,all_positive
COLLECTRI_BACH1_TF_ACTIVITY__decoupler_mlm,LITERATURE_LUNG_BACH1_EFFECTOR_ACTIVITY__ssgsea_NES,16,0.04642857142857142,0.2785714285714285,0.24464285714285713,0.8694915255450947,16,0,all_positive
COLLECTRI_BACH1_TF_ACTIVITY__decoupler_ulm,COLLECTRI_BACH1_TF_ACTIVITY__decoupler_mlm,16,0.9392857142857142,0.9749999999999999,0.9446428571428571,2.094580193668553e-07,16,0,all_positive
COLLECTRI_BACH1_TF_ACTIVITY__decoupler_ulm,COLLECTRI_BACH1_TF_ACTIVITY__mean_z,16,0.5607142857142856,0.7892857142857141,0.6267857142857142,0.029676496094474744,16,0,all_positive
COLLECTRI_BACH1_TF_ACTIVITY__decoupler_ulm,COLLECTRI_BACH1_TF_ACTIVITY__ssgsea_NES,16,-0.22142857142857136,0.09285714285714285,0.021428571428571425,0.9899214068809781,10,6,mixed_or_zero
COLLECTRI_BACH1_TF_ACTIVITY__decoupler_ulm,CURATED_NRF2_ANTIOXIDANT_RESPONSE__mean_z,16,-0.18214285714285713,0.1928571428571428,0.017857142857142853,0.9798442277615982,9,7,mixed_or_zero
COLLECTRI_BACH1_TF_ACTIVITY__decoupler_ulm,CURATED_NRF2_ANTIOXIDANT_RESPONSE__ssgsea_NES,16,-0.1857142857142857,0.18928571428571428,0.01964285714285714,0.9899214068809781,10,6,mixed_or_zero
COLLECTRI_BACH1_TF_ACTIVITY__decoupler_ulm,DOROTHEA_BACH1_ABC_TF_ACTIVITY__decoupler_mlm,16,0.2071428571428571,0.4357142857142856,0.32678571428571423,0.45884280496347013,16,0,all_positive
COLLECTRI_BACH1_TF_ACTIVITY__decoupler_ulm,DOROTHEA_BACH1_ABC_TF_ACTIVITY__decoupler_ulm,16,0.2571428571428571,0.457142857142857,0.37321428571428567,0.3548603636506091,16,0,all_positive
COLLECTRI_BACH1_TF_ACTIVITY__decoupler_ulm,DOROTHEA_BACH1_ABC_TF_ACTIVITY__mean_z,16,-0.05357142857142857,0.2678571428571428,0.03571428571428571,0.9697698761545686,14,2,mixed_or_zero
COLLECTRI_BACH1_TF_ACTIVITY__decoupler_ulm,DOROTHEA_BACH1_ABC_TF_ACTIVITY__ssgsea_NES,16,-0.1964285714285714,0.10357142857142855,-0.041071428571428564,0.9798442277615982,5,11,mixed_or_zero
COLLECTRI_BACH1_TF_ACTIVITY__decoupler_ulm,HALLMARK_EPITHELIAL_MESENCHYMAL_TRANSITION__mean_z,16,-0.125,0.1857142857142857,-0.024999999999999998,0.9798442277615982,6,10,mixed_or_zero
COLLECTRI_BACH1_TF_ACTIVITY__decoupler_ulm,HALLMARK_EPITHELIAL_MESENCHYMAL_TRANSITION__ssgsea_NES,16,-0.0035714285714285704,0.3714285714285714,0.12857142857142856,0.9899214068809781,15,1,mixed_or_zero
COLLECTRI_BACH1_TF_ACTIVITY__decoupler_ulm,HALLMARK_GLYCOLYSIS__mean_z,16,0.15714285714285714,0.42142857142857143,0.27499999999999997,0.5759526006037947,16,0,all_positive
COLLECTRI_BACH1_TF_ACTIVITY__decoupler_ulm,HALLMARK_GLYCOLYSIS__ssgsea_NES,16,0.42857142857142855,0.6142857142857142,0.5482142857142855,0.11096021426087672,16,0,all_positive
COLLECTRI_BACH1_TF_ACTIVITY__decoupler_ulm,HALLMARK_HEME_METABOLISM__mean_z,16,-0.23928571428571427,0.0,-0.15535714285714286,1.0,0,15,mixed_or_zero
COLLECTRI_BACH1_TF_ACTIVITY__decoupler_ulm,HALLMARK_HEME_METABOLISM__ssgsea_NES,16,-0.4928571428571427,-0.15357142857142855,-0.21428571428571425,0.5847640949410158,0,16,all_negative
COLLECTRI_BACH1_TF_ACTIVITY__decoupler_ulm,HALLMARK_HYPOXIA__mean_z,16,0.014285714285714282,0.35,0.10357142857142855,0.9596997645989475,16,0,all_positive
COLLECTRI_BACH1_TF_ACTIVITY__decoupler_ulm,HALLMARK_HYPOXIA__ssgsea_NES,16,0.557142857142857,0.6857142857142856,0.6464285714285712,0.030961086755812144,16,0,all_positive
COLLECTRI_BACH1_TF_ACTIVITY__decoupler_ulm,HALLMARK_OXIDATIVE_PHOSPHORYLATION__mean_z,16,-0.3107142857142856,-0.07857142857142857,-0.1964285714285714,0.7807545523090464,0,16,all_negative
COLLECTRI_BACH1_TF_ACTIVITY__decoupler_ulm,HALLMARK_OXIDATIVE_PHOSPHORYLATION__ssgsea_NES,16,-0.4107142857142856,-0.035714285714285705,-0.14285714285714285,0.8994469934720875,0,16,all_negative
COLLECTRI_BACH1_TF_ACTIVITY__decoupler_ulm,HALLMARK_REACTIVE_OXYGEN_SPECIES_PATHWAY__mean_z,16,0.007142857142857141,0.3571428571428571,0.1392857142857143,0.9798442277615982,16,0,all_positive
COLLECTRI_BACH1_TF_ACTIVITY__decoupler_ulm,HALLMARK_REACTIVE_OXYGEN_SPECIES_PATHWAY__ssgsea_NES,16,-0.13928571428571426,0.23571428571428568,0.04821428571428571,0.9899214068809781,15,1,mixed_or_zero
COLLECTRI_BACH1_TF_ACTIVITY__decoupler_ulm,KLENJA2025_BACH1_ACTIVITY_INVERTED__ssgsea_NES,16,0.5035714285714286,0.6714285714285713,0.5803571428571428,0.05565451716115846,16,0,all_positive
COLLECTRI_BACH1_TF_ACTIVITY__decoupler_ulm,KLENJA2025_BACH1_INVERSE_ACTIVITY__mean_z,16,0.5285714285714286,0.7535714285714286,0.6071428571428571,0.0427972893094504,16,0,all_positive
COLLECTRI_BACH1_TF_ACTIVITY__decoupler_ulm,LITERATURE_LUNG_BACH1_EFFECTOR_ACTIVITY__mean_z,16,0.457142857142857,0.8321428571428571,0.4892857142857142,0.08667812662416981,16,0,all_positive
COLLECTRI_BACH1_TF_ACTIVITY__decoupler_ulm,LITERATURE_LUNG_BACH1_EFFECTOR_ACTIVITY__ssgsea_NES,16,0.07857142857142857,0.3107142857142856,0.2589285714285714,0.7807545523090464,16,0,all_positive
COLLECTRI_BACH1_TF_ACTIVITY__mean_z,COLLECTRI_BACH1_TF_ACTIVITY__decoupler_mlm,16,0.6464285714285712,0.8607142857142854,0.7,0.009214550689979997,16,0,all_positive
COLLECTRI_BACH1_TF_ACTIVITY__mean_z,COLLECTRI_BACH1_TF_ACTIVITY__decoupler_ulm,16,0.5607142857142856,0.7892857142857141,0.6267857142857142,0.029676496094474744,16,0,all_positive
COLLECTRI_BACH1_TF_ACTIVITY__mean_z,COLLECTRI_BACH1_TF_ACTIVITY__ssgsea_NES,16,-0.43214285714285705,-0.13214285714285715,-0.18571428571428572,0.6387442188840663,0,16,all_negative
COLLECTRI_BACH1_TF_ACTIVITY__mean_z,CURATED_NRF2_ANTIOXIDANT_RESPONSE__mean_z,16,-0.6249999999999999,-0.457142857142857,-0.5303571428571427,0.08667812662416981,0,16,all_negative
COLLECTRI_BACH1_TF_ACTIVITY__mean_z,CURATED_NRF2_ANTIOXIDANT_RESPONSE__ssgsea_NES,16,-0.6285714285714286,-0.4107142857142856,-0.4892857142857142,0.12832864601574892,0,16,all_negative
COLLECTRI_BACH1_TF_ACTIVITY__mean_z,DOROTHEA_BACH1_ABC_TF_ACTIVITY__decoupler_mlm,16,0.2642857142857143,0.4642857142857142,0.36249999999999993,0.34117375799008204,16,0,all_positive
COLLECTRI_BACH1_TF_ACTIVITY__mean_z,DOROTHEA_BACH1_ABC_TF_ACTIVITY__decoupler_ulm,16,0.2607142857142857,0.46071428571428563,0.36249999999999993,0.3479794598627935,16,0,all_positive
COLLECTRI_BACH1_TF_ACTIVITY__mean_z,DOROTHEA_BACH1_ABC_TF_ACTIVITY__mean_z,16,-0.039285714285714285,0.28571428571428564,0.1089285714285714,0.9395779040128779,14,2,mixed_or_zero
COLLECTRI_BACH1_TF_ACTIVITY__mean_z,DOROTHEA_BACH1_ABC_TF_ACTIVITY__ssgsea_NES,16,0.0964285714285714,0.4392857142857142,0.21071428571428572,0.7324528633867309,16,0,all_positive
COLLECTRI_BACH1_TF_ACTIVITY__mean_z,HALLMARK_EPITHELIAL_MESENCHYMAL_TRANSITION__mean_z,16,0.06428571428571428,0.36785714285714277,0.15357142857142855,0.8199479653196375,16,0,all_positive
COLLECTRI_BACH1_TF_ACTIVITY__mean_z,HALLMARK_EPITHELIAL_MESENCHYMAL_TRANSITION__ssgsea_NES,16,0.5178571428571428,0.6428571428571428,0.5660714285714284,0.04800407736655832,16,0,all_positive
COLLECTRI_BACH1_TF_ACTIVITY__mean_z,HALLMARK_GLYCOLYSIS__mean_z,16,0.028571428571428564,0.33571428571428563,0.12678571428571428,0.9194899083821858,16,0,all_positive
COLLECTRI_BACH1_TF_ACTIVITY__mean_z,HALLMARK_GLYCOLYSIS__ssgsea_NES,16,-0.18214285714285713,0.15,0.024999999999999994,0.9798442277615982,11,5,mixed_or_zero
COLLECTRI_BACH1_TF_ACTIVITY__mean_z,HALLMARK_HEME_METABOLISM__mean_z,16,-0.3928571428571428,-0.12142857142857141,-0.2517857142857143,0.6664011137233892,0,16,all_negative
COLLECTRI_BACH1_TF_ACTIVITY__mean_z,HALLMARK_HEME_METABOLISM__ssgsea_NES,16,-0.457142857142857,-0.24642857142857136,-0.3785714285714285,0.375950515973805,0,16,all_negative
COLLECTRI_BACH1_TF_ACTIVITY__mean_z,HALLMARK_HYPOXIA__mean_z,16,0.06428571428571428,0.38214285714285706,0.1964285714285714,0.8199479653196375,16,0,all_positive
COLLECTRI_BACH1_TF_ACTIVITY__mean_z,HALLMARK_HYPOXIA__ssgsea_NES,16,0.33928571428571425,0.5535714285714285,0.47857142857142854,0.2160289253419548,16,0,all_positive
COLLECTRI_BACH1_TF_ACTIVITY__mean_z,HALLMARK_OXIDATIVE_PHOSPHORYLATION__mean_z,16,-0.475,-0.2785714285714285,-0.4071428571428571,0.3147094732307908,0,16,all_negative
COLLECTRI_BACH1_TF_ACTIVITY__mean_z,HALLMARK_OXIDATIVE_PHOSPHORYLATION__ssgsea_NES,16,-0.7999999999999999,-0.6499999999999999,-0.6928571428571427,0.008711583621912317,0,16,all_negative
COLLECTRI_BACH1_TF_ACTIVITY__mean_z,HALLMARK_REACTIVE_OXYGEN_SPECIES_PATHWAY__mean_z,16,-0.4642857142857142,-0.2285714285714285,-0.3285714285714285,0.41256617049636035,0,16,all_negative
COLLECTRI_BACH1_TF_ACTIVITY__mean_z,HALLMARK_REACTIVE_OXYGEN_SPECIES_PATHWAY__ssgsea_NES,16,-0.575,-0.42142857142857143,-0.47857142857142854,0.11769939585541633,0,16,all_negative
COLLECTRI_BACH1_TF_ACTIVITY__mean_z,KLENJA2025_BACH1_ACTIVITY_INVERTED__ssgsea_NES,16,0.24642857142857136,0.557142857142857,0.3410714285714285,0.375950515973805,16,0,all_positive
COLLECTRI_BACH1_TF_ACTIVITY__mean_z,KLENJA2025_BACH1_INVERSE_ACTIVITY__mean_z,16,0.03214285714285714,0.3428571428571428,0.17678571428571427,0.9094621170945906,16,0,all_positive
COLLECTRI_BACH1_TF_ACTIVITY__mean_z,LITERATURE_LUNG_BACH1_EFFECTOR_ACTIVITY__mean_z,16,0.5285714285714286,0.8428571428571429,0.5874999999999999,0.0427972893094504,16,0,all_positive
COLLECTRI_BACH1_TF_ACTIVITY__mean_z,LITERATURE_LUNG_BACH1_EFFECTOR_ACTIVITY__ssgsea_NES,16,0.2071428571428571,0.4642857142857142,0.3482142857142856,0.45884280496347013,16,0,all_positive
COLLECTRI_BACH1_TF_ACTIVITY__ssgsea_NES,COLLECTRI_BACH1_TF_ACTIVITY__decoupler_mlm,16,-0.1964285714285714,0.11785714285714284,0.049999999999999996,1.0,11,4,mixed_or_zero
COLLECTRI_BACH1_TF_ACTIVITY__ssgsea_NES,COLLECTRI_BACH1_TF_ACTIVITY__decoupler_ulm,16,-0.22142857142857136,0.09285714285714285,0.021428571428571425,0.9899214068809781,10,6,mixed_or_zero
COLLECTRI_BACH1_TF_ACTIVITY__ssgsea_NES,COLLECTRI_BACH1_TF_ACTIVITY__mean_z,16,-0.43214285714285705,-0.13214285714285715,-0.18571428571428572,0.6387442188840663,0,16,all_negative
COLLECTRI_BACH1_TF_ACTIVITY__ssgsea_NES,CURATED_NRF2_ANTIOXIDANT_RESPONSE__mean_z,16,0.18214285714285713,0.475,0.3321428571428571,0.5158816817070392,16,0,all_positive
COLLECTRI_BACH1_TF_ACTIVITY__ssgsea_NES,CURATED_NRF2_ANTIOXIDANT_RESPONSE__ssgsea_NES,16,0.35,0.6857142857142856,0.475,0.20094535081629333,16,0,all_positive
COLLECTRI_BACH1_TF_ACTIVITY__ssgsea_NES,DOROTHEA_BACH1_ABC_TF_ACTIVITY__decoupler_mlm,16,-0.39999999999999997,-0.0964285714285714,-0.20714285714285713,0.7324528633867309,0,16,all_negative
COLLECTRI_BACH1_TF_ACTIVITY__ssgsea_NES,DOROTHEA_BACH1_ABC_TF_ACTIVITY__decoupler_ulm,16,-0.475,-0.15357142857142855,-0.28928571428571426,0.5847640949410158,0,16,all_negative
COLLECTRI_BACH1_TF_ACTIVITY__ssgsea_NES,DOROTHEA_BACH1_ABC_TF_ACTIVITY__mean_z,16,-0.4035714285714285,-0.07857142857142857,-0.26249999999999996,0.7807545523090464,0,16,all_negative
COLLECTRI_BACH1_TF_ACTIVITY__ssgsea_NES,DOROTHEA_BACH1_ABC_TF_ACTIVITY__ssgsea_NES,16,0.13928571428571426,0.4392857142857142,0.28928571428571426,0.6205460876279013,16,0,all_positive
COLLECTRI_BACH1_TF_ACTIVITY__ssgsea_NES,HALLMARK_EPITHELIAL_MESENCHYMAL_TRANSITION__mean_z,16,-0.8285714285714284,-0.5499999999999999,-0.6142857142857142,0.03365535781500703,0,16,all_negative
COLLECTRI_BACH1_TF_ACTIVITY__ssgsea_NES,HALLMARK_EPITHELIAL_MESENCHYMAL_TRANSITION__ssgsea_NES,16,-0.6,-0.3607142857142856,-0.47142857142857136,0.1865543741541635,0,16,all_negative
COLLECTRI_BACH1_TF_ACTIVITY__ssgsea_NES,HALLMARK_GLYCOLYSIS__mean_z,16,-0.5214285714285714,-0.3285714285714285,-0.4678571428571427,0.23180969720615968,0,16,all_negative
COLLECTRI_BACH1_TF_ACTIVITY__ssgsea_NES,HALLMARK_GLYCOLYSIS__ssgsea_NES,16,-0.5928571428571427,-0.2178571428571428,-0.29821428571428565,0.43539267351553756,0,16,all_negative
COLLECTRI_BACH1_TF_ACTIVITY__ssgsea_NES,HALLMARK_HEME_METABOLISM__mean_z,16,-0.28571428571428564,-0.007142857142857141,-0.15357142857142855,0.9798442277615982,0,16,all_negative
COLLECTRI_BACH1_TF_ACTIVITY__ssgsea_NES,HALLMARK_HEME_METABOLISM__ssgsea_NES,16,0.24642857142857136,0.575,0.3910714285714285,0.375950515973805,16,0,all_positive
COLLECTRI_BACH1_TF_ACTIVITY__ssgsea_NES,HALLMARK_HYPOXIA__mean_z,16,-0.532142857142857,-0.25357142857142856,-0.39642857142857135,0.3618161038158894,0,16,all_negative
COLLECTRI_BACH1_TF_ACTIVITY__ssgsea_NES,HALLMARK_HYPOXIA__ssgsea_NES,16,-0.5035714285714286,-0.19999999999999998,-0.29999999999999993,0.47481396452216845,0,16,all_negative
COLLECTRI_BACH1_TF_ACTIVITY__ssgsea_NES,HALLMARK_OXIDATIVE_PHOSPHORYLATION__mean_z,16,-0.36428571428571427,-0.125,-0.2875,0.6571356681869506,0,16,all_negative
COLLECTRI_BACH1_TF_ACTIVITY__ssgsea_NES,HALLMARK_OXIDATIVE_PHOSPHORYLATION__ssgsea_NES,16,0.049999999999999996,0.3928571428571428,0.21607142857142853,0.859540943467457,16,0,all_positive
COLLECTRI_BACH1_TF_ACTIVITY__ssgsea_NES,HALLMARK_REACTIVE_OXYGEN_SPECIES_PATHWAY__mean_z,16,0.125,0.5,0.22499999999999998,0.6571356681869506,16,0,all_positive
COLLECTRI_BACH1_TF_ACTIVITY__ssgsea_NES,HALLMARK_REACTIVE_OXYGEN_SPECIES_PATHWAY__ssgsea_NES,16,0.35357142857142854,0.7285714285714285,0.4624999999999999,0.19607167843419873,16,0,all_positive
COLLECTRI_BACH1_TF_ACTIVITY__ssgsea_NES,KLENJA2025_BACH1_ACTIVITY_INVERTED__ssgsea_NES,16,-0.42499999999999993,-0.049999999999999996,-0.175,0.859540943467457,0,16,all_negative
COLLECTRI_BACH1_TF_ACTIVITY__ssgsea_NES,KLENJA2025_BACH1_INVERSE_ACTIVITY__mean_z,16,-0.21428571428571427,0.1607142857142857,-0.007142857142857141,0.9798442277615982,6,10,mixed_or_zero
COLLECTRI_BACH1_TF_ACTIVITY__ssgsea_NES,LITERATURE_LUNG_BACH1_EFFECTOR_ACTIVITY__mean_z,16,-0.7464285714285712,-0.42142857142857143,-0.5178571428571428,0.11769939585541633,0,16,all_negative
COLLECTRI_BACH1_TF_ACTIVITY__ssgsea_NES,LITERATURE_LUNG_BACH1_EFFECTOR_ACTIVITY__ssgsea_NES,16,-0.4678571428571427,-0.22499999999999998,-0.33928571428571425,0.42010468690763486,0,16,all_negative
DOROTHEA_BACH1_ABC_TF_ACTIVITY__decoupler_mlm,COLLECTRI_BACH1_TF_ACTIVITY__decoupler_mlm,16,0.08214285714285713,0.3428571428571428,0.2392857142857142,0.7710285652881773,16,0,all_positive
DOROTHEA_BACH1_ABC_TF_ACTIVITY__decoupler_mlm,COLLECTRI_BACH1_TF_ACTIVITY__decoupler_ulm,16,0.2071428571428571,0.4357142857142856,0.32678571428571423,0.45884280496347013,16,0,all_positive
DOROTHEA_BACH1_ABC_TF_ACTIVITY__decoupler_mlm,COLLECTRI_BACH1_TF_ACTIVITY__mean_z,16,0.2642857142857143,0.4642857142857142,0.36249999999999993,0.34117375799008204,16,0,all_positive
DOROTHEA_BACH1_ABC_TF_ACTIVITY__decoupler_mlm,COLLECTRI_BACH1_TF_ACTIVITY__ssgsea_NES,16,-0.39999999999999997,-0.0964285714285714,-0.20714285714285713,0.7324528633867309,0,16,all_negative
DOROTHEA_BACH1_ABC_TF_ACTIVITY__decoupler_mlm,CURATED_NRF2_ANTIOXIDANT_RESPONSE__mean_z,16,-0.3107142857142856,-0.05714285714285713,-0.20714285714285713,0.8396998687415759,0,16,all_negative
DOROTHEA_BACH1_ABC_TF_ACTIVITY__decoupler_mlm,CURATED_NRF2_ANTIOXIDANT_RESPONSE__ssgsea_NES,16,-0.33928571428571425,-0.06785714285714285,-0.2321428571428571,0.8101088187105132,0,16,all_negative
DOROTHEA_BACH1_ABC_TF_ACTIVITY__decoupler_mlm,DOROTHEA_BACH1_ABC_TF_ACTIVITY__decoupler_ulm,16,0.982142857142857,0.9928571428571428,0.982142857142857,8.157333508978721e-11,16,0,all_positive
DOROTHEA_BACH1_ABC_TF_ACTIVITY__decoupler_mlm,DOROTHEA_BACH1_ABC_TF_ACTIVITY__mean_z,16,0.4035714285714285,0.6392857142857141,0.5035714285714286,0.13576799650365626,16,0,all_positive
DOROTHEA_BACH1_ABC_TF_ACTIVITY__decoupler_mlm,DOROTHEA_BACH1_ABC_TF_ACTIVITY__ssgsea_NES,16,0.5785714285714285,0.7357142857142855,0.6410714285714284,0.023846658762996617,16,0,all_positive
DOROTHEA_BACH1_ABC_TF_ACTIVITY__decoupler_mlm,HALLMARK_EPITHELIAL_MESENCHYMAL_TRANSITION__mean_z,16,0.39642857142857135,0.6107142857142855,0.49464285714285705,0.1434945314423537,16,0,all_positive
DOROTHEA_BACH1_ABC_TF_ACTIVITY__decoupler_mlm,HALLMARK_EPITHELIAL_MESENCHYMAL_TRANSITION__ssgsea_NES,16,0.5285714285714286,0.7,0.6089285714285713,0.0427972893094504,16,0,all_positive
DOROTHEA_BACH1_ABC_TF_ACTIVITY__decoupler_mlm,HALLMARK_GLYCOLYSIS__mean_z,16,0.1357142857142857,0.47142857142857136,0.19999999999999998,0.6296204418728145,16,0,all_positive
DOROTHEA_BACH1_ABC_TF_ACTIVITY__decoupler_mlm,HALLMARK_GLYCOLYSIS__ssgsea_NES,16,0.049999999999999996,0.37857142857142856,0.1714285714285714,0.859540943467457,16,0,all_positive
DOROTHEA_BACH1_ABC_TF_ACTIVITY__decoupler_mlm,HALLMARK_HEME_METABOLISM__mean_z,16,0.18928571428571428,0.4964285714285714,0.2821428571428571,0.4992630332385452,16,0,all_positive
DOROTHEA_BACH1_ABC_TF_ACTIVITY__decoupler_mlm,HALLMARK_HEME_METABOLISM__ssgsea_NES,16,-0.28928571428571426,0.05357142857142857,-0.09107142857142855,0.9899214068809781,2,14,mixed_or_zero
DOROTHEA_BACH1_ABC_TF_ACTIVITY__decoupler_mlm,HALLMARK_HYPOXIA__mean_z,16,0.2178571428571428,0.41785714285714276,0.31607142857142856,0.43539267351553756,16,0,all_positive
DOROTHEA_BACH1_ABC_TF_ACTIVITY__decoupler_mlm,HALLMARK_HYPOXIA__ssgsea_NES,16,0.47857142857142854,0.6428571428571428,0.5785714285714285,0.07113080825563314,16,0,all_positive
DOROTHEA_BACH1_ABC_TF_ACTIVITY__decoupler_mlm,HALLMARK_OXIDATIVE_PHOSPHORYLATION__mean_z,16,-0.42857142857142855,-0.18928571428571428,-0.36071428571428565,0.4992630332385452,0,16,all_negative
DOROTHEA_BACH1_ABC_TF_ACTIVITY__decoupler_mlm,HALLMARK_OXIDATIVE_PHOSPHORYLATION__ssgsea_NES,16,-0.7571428571428571,-0.6214285714285712,-0.6928571428571427,0.013402006712181815,0,16,all_negative
DOROTHEA_BACH1_ABC_TF_ACTIVITY__decoupler_mlm,HALLMARK_REACTIVE_OXYGEN_SPECIES_PATHWAY__mean_z,16,-0.1714285714285714,0.10357142857142855,-0.10714285714285714,0.9697698761545686,4,12,mixed_or_zero
DOROTHEA_BACH1_ABC_TF_ACTIVITY__decoupler_mlm,HALLMARK_REACTIVE_OXYGEN_SPECIES_PATHWAY__ssgsea_NES,16,-0.39642857142857135,-0.1357142857142857,-0.27678571428571425,0.6296204418728145,0,16,all_negative
DOROTHEA_BACH1_ABC_TF_ACTIVITY__decoupler_mlm,KLENJA2025_BACH1_ACTIVITY_INVERTED__ssgsea_NES,16,-0.14285714285714282,0.14285714285714282,-0.028571428571428567,0.9697698761545686,5,11,mixed_or_zero
DOROTHEA_BACH1_ABC_TF_ACTIVITY__decoupler_mlm,KLENJA2025_BACH1_INVERSE_ACTIVITY__mean_z,16,-0.0857142857142857,0.14285714285714282,0.023214285714285708,0.9596997645989475,11,5,mixed_or_zero
DOROTHEA_BACH1_ABC_TF_ACTIVITY__decoupler_mlm,LITERATURE_LUNG_BACH1_EFFECTOR_ACTIVITY__mean_z,16,0.13214285714285715,0.4071428571428571,0.23392857142857137,0.6387442188840663,16,0,all_positive
DOROTHEA_BACH1_ABC_TF_ACTIVITY__decoupler_mlm,LITERATURE_LUNG_BACH1_EFFECTOR_ACTIVITY__ssgsea_NES,16,-0.049999999999999996,0.2821428571428571,0.08214285714285713,0.9596997645989475,13,3,mixed_or_zero
DOROTHEA_BACH1_ABC_TF_ACTIVITY__decoupler_ulm,COLLECTRI_BACH1_TF_ACTIVITY__decoupler_mlm,16,0.10357142857142855,0.33928571428571425,0.2571428571428571,0.7133796306287292,16,0,all_positive
DOROTHEA_BACH1_ABC_TF_ACTIVITY__decoupler_ulm,COLLECTRI_BACH1_TF_ACTIVITY__decoupler_ulm,16,0.2571428571428571,0.457142857142857,0.37321428571428567,0.3548603636506091,16,0,all_positive
DOROTHEA_BACH1_ABC_TF_ACTIVITY__decoupler_ulm,COLLECTRI_BACH1_TF_ACTIVITY__mean_z,16,0.2607142857142857,0.46071428571428563,0.36249999999999993,0.3479794598627935,16,0,all_positive
DOROTHEA_BACH1_ABC_TF_ACTIVITY__decoupler_ulm,COLLECTRI_BACH1_TF_ACTIVITY__ssgsea_NES,16,-0.475,-0.15357142857142855,-0.28928571428571426,0.5847640949410158,0,16,all_negative
DOROTHEA_BACH1_ABC_TF_ACTIVITY__decoupler_ulm,CURATED_NRF2_ANTIOXIDANT_RESPONSE__mean_z,16,-0.24285714285714283,0.0035714285714285704,-0.13571428571428568,0.9899214068809781,1,15,mixed_or_zero
DOROTHEA_BACH1_ABC_TF_ACTIVITY__decoupler_ulm,CURATED_NRF2_ANTIOXIDANT_RESPONSE__ssgsea_NES,16,-0.2785714285714285,-0.021428571428571425,-0.1714285714285714,0.9395779040128779,0,16,all_negative
DOROTHEA_BACH1_ABC_TF_ACTIVITY__decoupler_ulm,DOROTHEA_BACH1_ABC_TF_ACTIVITY__decoupler_mlm,16,0.982142857142857,0.9928571428571428,0.982142857142857,8.157333508978721e-11,16,0,all_positive
DOROTHEA_BACH1_ABC_TF_ACTIVITY__decoupler_ulm,DOROTHEA_BACH1_ABC_TF_ACTIVITY__mean_z,16,0.4892857142857142,0.7249999999999999,0.5732142857142857,0.06416038631454045,16,0,all_positive
DOROTHEA_BACH1_ABC_TF_ACTIVITY__decoupler_ulm,DOROTHEA_BACH1_ABC_TF_ACTIVITY__ssgsea_NES,16,0.475,0.7178571428571427,0.5714285714285713,0.07357086204591357,16,0,all_positive
DOROTHEA_BACH1_ABC_TF_ACTIVITY__decoupler_ulm,HALLMARK_EPITHELIAL_MESENCHYMAL_TRANSITION__mean_z,16,0.46071428571428563,0.6714285714285713,0.5357142857142856,0.08393338135031418,16,0,all_positive
DOROTHEA_BACH1_ABC_TF_ACTIVITY__decoupler_ulm,HALLMARK_EPITHELIAL_MESENCHYMAL_TRANSITION__ssgsea_NES,16,0.5142857142857142,0.6857142857142856,0.5999999999999999,0.04983923347142061,16,0,all_positive
DOROTHEA_BACH1_ABC_TF_ACTIVITY__decoupler_ulm,HALLMARK_GLYCOLYSIS__mean_z,16,0.21428571428571427,0.5535714285714285,0.3178571428571428,0.44314093482351424,16,0,all_positive
DOROTHEA_BACH1_ABC_TF_ACTIVITY__decoupler_ulm,HALLMARK_GLYCOLYSIS__ssgsea_NES,16,0.1357142857142857,0.46071428571428563,0.23571428571428568,0.6296204418728145,16,0,all_positive
DOROTHEA_BACH1_ABC_TF_ACTIVITY__decoupler_ulm,HALLMARK_HEME_METABOLISM__mean_z,16,0.2607142857142857,0.5821428571428571,0.3553571428571428,0.3479794598627935,16,0,all_positive
DOROTHEA_BACH1_ABC_TF_ACTIVITY__decoupler_ulm,HALLMARK_HEME_METABOLISM__ssgsea_NES,16,-0.33571428571428563,0.007142857142857141,-0.17857142857142855,0.9798442277615982,1,15,mixed_or_zero
DOROTHEA_BACH1_ABC_TF_ACTIVITY__decoupler_ulm,HALLMARK_HYPOXIA__mean_z,16,0.28928571428571426,0.5,0.3999999999999999,0.29566536100437774,16,0,all_positive
DOROTHEA_BACH1_ABC_TF_ACTIVITY__decoupler_ulm,HALLMARK_HYPOXIA__ssgsea_NES,16,0.532142857142857,0.6678571428571428,0.6178571428571427,0.04115858038693441,16,0,all_positive
DOROTHEA_BACH1_ABC_TF_ACTIVITY__decoupler_ulm,HALLMARK_OXIDATIVE_PHOSPHORYLATION__mean_z,16,-0.3714285714285714,-0.11428571428571425,-0.2696428571428571,0.6850657626568974,0,16,all_negative
DOROTHEA_BACH1_ABC_TF_ACTIVITY__decoupler_ulm,HALLMARK_OXIDATIVE_PHOSPHORYLATION__ssgsea_NES,16,-0.7535714285714286,-0.575,-0.6428571428571427,0.02493622794258255,0,16,all_negative
DOROTHEA_BACH1_ABC_TF_ACTIVITY__decoupler_ulm,HALLMARK_REACTIVE_OXYGEN_SPECIES_PATHWAY__mean_z,16,-0.10357142857142855,0.1857142857142857,-0.010714285714285713,0.9697698761545686,6,10,mixed_or_zero
DOROTHEA_BACH1_ABC_TF_ACTIVITY__decoupler_ulm,HALLMARK_REACTIVE_OXYGEN_SPECIES_PATHWAY__ssgsea_NES,16,-0.3321428571428571,-0.049999999999999996,-0.1964285714285714,0.859540943467457,0,16,all_negative
DOROTHEA_BACH1_ABC_TF_ACTIVITY__decoupler_ulm,KLENJA2025_BACH1_ACTIVITY_INVERTED__ssgsea_NES,16,-0.06071428571428571,0.2285714285714285,0.07499999999999998,0.9596997645989475,15,1,mixed_or_zero
DOROTHEA_BACH1_ABC_TF_ACTIVITY__decoupler_ulm,KLENJA2025_BACH1_INVERSE_ACTIVITY__mean_z,16,0.007142857142857141,0.24285714285714283,0.11071428571428568,0.9798442277615982,16,0,all_positive
DOROTHEA_BACH1_ABC_TF_ACTIVITY__decoupler_ulm,LITERATURE_LUNG_BACH1_EFFECTOR_ACTIVITY__mean_z,16,0.24285714285714283,0.4892857142857142,0.3321428571428571,0.3831283418393415,16,0,all_positive
DOROTHEA_BACH1_ABC_TF_ACTIVITY__decoupler_ulm,LITERATURE_LUNG_BACH1_EFFECTOR_ACTIVITY__ssgsea_NES,16,-0.017857142857142853,0.3142857142857143,0.10714285714285712,0.9596997645989475,15,1,mixed_or_zero
DOROTHEA_BACH1_ABC_TF_ACTIVITY__mean_z,COLLECTRI_BACH1_TF_ACTIVITY__decoupler_mlm,16,-0.24642857142857136,0.075,-0.11428571428571425,0.9798442277615982,3,13,mixed_or_zero
DOROTHEA_BACH1_ABC_TF_ACTIVITY__mean_z,COLLECTRI_BACH1_TF_ACTIVITY__decoupler_ulm,16,-0.05357142857142857,0.2678571428571428,0.03571428571428571,0.9697698761545686,14,2,mixed_or_zero
DOROTHEA_BACH1_ABC_TF_ACTIVITY__mean_z,COLLECTRI_BACH1_TF_ACTIVITY__mean_z,16,-0.039285714285714285,0.28571428571428564,0.1089285714285714,0.9395779040128779,14,2,mixed_or_zero
DOROTHEA_BACH1_ABC_TF_ACTIVITY__mean_z,COLLECTRI_BACH1_TF_ACTIVITY__ssgsea_NES,16,-0.4035714285714285,-0.07857142857142857,-0.26249999999999996,0.7807545523090464,0,16,all_negative
DOROTHEA_BACH1_ABC_TF_ACTIVITY__mean_z,CURATED_NRF2_ANTIOXIDANT_RESPONSE__mean_z,16,0.25,0.5714285714285713,0.30892857142857133,0.36884629178393047,16,0,all_positive
DOROTHEA_BACH1_ABC_TF_ACTIVITY__mean_z,CURATED_NRF2_ANTIOXIDANT_RESPONSE__ssgsea_NES,16,0.24285714285714283,0.575,0.3214285714285714,0.3831283418393415,16,0,all_positive
DOROTHEA_BACH1_ABC_TF_ACTIVITY__mean_z,DOROTHEA_BACH1_ABC_TF_ACTIVITY__decoupler_mlm,16,0.4035714285714285,0.6392857142857141,0.5035714285714286,0.13576799650365626,16,0,all_positive
DOROTHEA_BACH1_ABC_TF_ACTIVITY__mean_z,DOROTHEA_BACH1_ABC_TF_ACTIVITY__decoupler_ulm,16,0.4892857142857142,0.7249999999999999,0.5732142857142857,0.06416038631454045,16,0,all_positive
DOROTHEA_BACH1_ABC_TF_ACTIVITY__mean_z,DOROTHEA_BACH1_ABC_TF_ACTIVITY__ssgsea_NES,16,0.33571428571428563,0.7107142857142856,0.43214285714285705,0.22121153763932597,16,0,all_positive
DOROTHEA_BACH1_ABC_TF_ACTIVITY__mean_z,HALLMARK_EPITHELIAL_MESENCHYMAL_TRANSITION__mean_z,16,0.6392857142857141,0.7999999999999999,0.7035714285714285,0.010288446619594212,16,0,all_positive
DOROTHEA_BACH1_ABC_TF_ACTIVITY__mean_z,HALLMARK_EPITHELIAL_MESENCHYMAL_TRANSITION__ssgsea_NES,16,0.05357142857142857,0.33571428571428563,0.2321428571428571,0.8496099367776072,16,0,all_positive
DOROTHEA_BACH1_ABC_TF_ACTIVITY__mean_z,HALLMARK_GLYCOLYSIS__mean_z,16,0.7357142857142855,0.8357142857142855,0.7732142857142856,0.0017698686421442713,16,0,all_positive
DOROTHEA_BACH1_ABC_TF_ACTIVITY__mean_z,HALLMARK_GLYCOLYSIS__ssgsea_NES,16,-0.05357142857142857,0.3178571428571428,0.0732142857142857,0.9697698761545686,15,1,mixed_or_zero
DOROTHEA_BACH1_ABC_TF_ACTIVITY__mean_z,HALLMARK_HEME_METABOLISM__mean_z,16,0.7464285714285712,0.8571428571428571,0.7857142857142856,0.0013914110890630544,16,0,all_positive
DOROTHEA_BACH1_ABC_TF_ACTIVITY__mean_z,HALLMARK_HEME_METABOLISM__ssgsea_NES,16,-0.7249999999999999,-0.6035714285714285,-0.6499999999999999,0.017200138068795334,0,16,all_negative
DOROTHEA_BACH1_ABC_TF_ACTIVITY__mean_z,HALLMARK_HYPOXIA__mean_z,16,0.8892857142857141,0.9285714285714284,0.9053571428571427,9.192974758842264e-06,16,0,all_positive
DOROTHEA_BACH1_ABC_TF_ACTIVITY__mean_z,HALLMARK_HYPOXIA__ssgsea_NES,16,0.25357142857142856,0.5214285714285714,0.3464285714285714,0.3618161038158894,16,0,all_positive
DOROTHEA_BACH1_ABC_TF_ACTIVITY__mean_z,HALLMARK_OXIDATIVE_PHOSPHORYLATION__mean_z,16,0.19999999999999998,0.575,0.3214285714285714,0.47481396452216845,16,0,all_positive
DOROTHEA_BACH1_ABC_TF_ACTIVITY__mean_z,HALLMARK_OXIDATIVE_PHOSPHORYLATION__ssgsea_NES,16,-0.3607142857142856,-0.04285714285714285,-0.1964285714285714,0.8794603130258999,0,16,all_negative
DOROTHEA_BACH1_ABC_TF_ACTIVITY__mean_z,HALLMARK_REACTIVE_OXYGEN_SPECIES_PATHWAY__mean_z,16,0.41785714285714276,0.7571428571428571,0.5035714285714286,0.12117253602187847,16,0,all_positive
DOROTHEA_BACH1_ABC_TF_ACTIVITY__mean_z,HALLMARK_REACTIVE_OXYGEN_SPECIES_PATHWAY__ssgsea_NES,16,0.18928571428571428,0.5285714285714286,0.2785714285714285,0.4992630332385452,16,0,all_positive
DOROTHEA_BACH1_ABC_TF_ACTIVITY__mean_z,KLENJA2025_BACH1_ACTIVITY_INVERTED__ssgsea_NES,16,-0.1607142857142857,0.1964285714285714,0.010714285714285713,0.9697698761545686,11,5,mixed_or_zero
DOROTHEA_BACH1_ABC_TF_ACTIVITY__mean_z,KLENJA2025_BACH1_INVERSE_ACTIVITY__mean_z,16,-0.35357142857142854,0.007142857142857141,-0.15714285714285714,0.9798442277615982,1,15,mixed_or_zero
DOROTHEA_BACH1_ABC_TF_ACTIVITY__mean_z,LITERATURE_LUNG_BACH1_EFFECTOR_ACTIVITY__mean_z,16,0.34642857142857136,0.6214285714285712,0.46249999999999986,0.20589599209355114,16,0,all_positive
DOROTHEA_BACH1_ABC_TF_ACTIVITY__mean_z,LITERATURE_LUNG_BACH1_EFFECTOR_ACTIVITY__ssgsea_NES,16,-0.42499999999999993,-0.10357142857142855,-0.25535714285714284,0.7133796306287292,0,16,all_negative
DOROTHEA_BACH1_ABC_TF_ACTIVITY__ssgsea_NES,COLLECTRI_BACH1_TF_ACTIVITY__decoupler_mlm,16,-0.22499999999999998,0.08214285714285713,-0.05357142857142856,0.9899214068809781,5,11,mixed_or_zero
DOROTHEA_BACH1_ABC_TF_ACTIVITY__ssgsea_NES,COLLECTRI_BACH1_TF_ACTIVITY__decoupler_ulm,16,-0.1964285714285714,0.10357142857142855,-0.041071428571428564,0.9798442277615982,5,11,mixed_or_zero
DOROTHEA_BACH1_ABC_TF_ACTIVITY__ssgsea_NES,COLLECTRI_BACH1_TF_ACTIVITY__mean_z,16,0.0964285714285714,0.4392857142857142,0.21071428571428572,0.7324528633867309,16,0,all_positive
DOROTHEA_BACH1_ABC_TF_ACTIVITY__ssgsea_NES,COLLECTRI_BACH1_TF_ACTIVITY__ssgsea_NES,16,0.13928571428571426,0.4392857142857142,0.28928571428571426,0.6205460876279013,16,0,all_positive
DOROTHEA_BACH1_ABC_TF_ACTIVITY__ssgsea_NES,CURATED_NRF2_ANTIOXIDANT_RESPONSE__mean_z,16,-0.33571428571428563,-0.014285714285714282,-0.12499999999999999,0.9596997645989475,0,16,all_negative
DOROTHEA_BACH1_ABC_TF_ACTIVITY__ssgsea_NES,CURATED_NRF2_ANTIOXIDANT_RESPONSE__ssgsea_NES,16,-0.2714285714285714,0.04642857142857142,-0.0875,0.9496353041738619,3,13,mixed_or_zero
DOROTHEA_BACH1_ABC_TF_ACTIVITY__ssgsea_NES,DOROTHEA_BACH1_ABC_TF_ACTIVITY__decoupler_mlm,16,0.5785714285714285,0.7357142857142855,0.6410714285714284,0.023846658762996617,16,0,all_positive
DOROTHEA_BACH1_ABC_TF_ACTIVITY__ssgsea_NES,DOROTHEA_BACH1_ABC_TF_ACTIVITY__decoupler_ulm,16,0.475,0.7178571428571427,0.5714285714285713,0.07357086204591357,16,0,all_positive
DOROTHEA_BACH1_ABC_TF_ACTIVITY__ssgsea_NES,DOROTHEA_BACH1_ABC_TF_ACTIVITY__mean_z,16,0.33571428571428563,0.7107142857142856,0.43214285714285705,0.22121153763932597,16,0,all_positive
DOROTHEA_BACH1_ABC_TF_ACTIVITY__ssgsea_NES,HALLMARK_EPITHELIAL_MESENCHYMAL_TRANSITION__mean_z,16,-0.04642857142857142,0.3214285714285714,0.125,0.9596997645989475,15,1,mixed_or_zero
DOROTHEA_BACH1_ABC_TF_ACTIVITY__ssgsea_NES,HALLMARK_EPITHELIAL_MESENCHYMAL_TRANSITION__ssgsea_NES,16,0.16428571428571426,0.35357142857142854,0.2785714285714285,0.5584973732486012,16,0,all_positive
DOROTHEA_BACH1_ABC_TF_ACTIVITY__ssgsea_NES,HALLMARK_GLYCOLYSIS__mean_z,16,-0.06428571428571428,0.25357142857142856,0.028571428571428564,0.9697698761545686,13,3,mixed_or_zero
DOROTHEA_BACH1_ABC_TF_ACTIVITY__ssgsea_NES,HALLMARK_GLYCOLYSIS__ssgsea_NES,16,-0.38214285714285706,-0.08214285714285713,-0.2446428571428571,0.7710285652881773,0,16,all_negative
DOROTHEA_BACH1_ABC_TF_ACTIVITY__ssgsea_NES,HALLMARK_HEME_METABOLISM__mean_z,16,0.15,0.47857142857142854,0.3053571428571428,0.5936302027425882,16,0,all_positive
DOROTHEA_BACH1_ABC_TF_ACTIVITY__ssgsea_NES,HALLMARK_HEME_METABOLISM__ssgsea_NES,16,-0.1928571428571428,0.09999999999999999,-0.033928571428571426,0.9798442277615982,4,12,mixed_or_zero
DOROTHEA_BACH1_ABC_TF_ACTIVITY__ssgsea_NES,HALLMARK_HYPOXIA__mean_z,16,0.06785714285714285,0.39999999999999997,0.19107142857142856,0.8101088187105132,16,0,all_positive
DOROTHEA_BACH1_ABC_TF_ACTIVITY__ssgsea_NES,HALLMARK_HYPOXIA__ssgsea_NES,16,-0.1714285714285714,0.0857142857142857,0.0035714285714285704,0.9899214068809781,9,7,mixed_or_zero
DOROTHEA_BACH1_ABC_TF_ACTIVITY__ssgsea_NES,HALLMARK_OXIDATIVE_PHOSPHORYLATION__mean_z,16,-0.4678571428571427,-0.1464285714285714,-0.31428571428571417,0.602549920983054,0,16,all_negative
DOROTHEA_BACH1_ABC_TF_ACTIVITY__ssgsea_NES,HALLMARK_OXIDATIVE_PHOSPHORYLATION__ssgsea_NES,16,-0.6785714285714285,-0.5178571428571428,-0.5821428571428571,0.04800407736655832,0,16,all_negative
DOROTHEA_BACH1_ABC_TF_ACTIVITY__ssgsea_NES,HALLMARK_REACTIVE_OXYGEN_SPECIES_PATHWAY__mean_z,16,-0.18214285714285713,0.11428571428571425,-0.075,0.9697698761545686,4,12,mixed_or_zero
DOROTHEA_BACH1_ABC_TF_ACTIVITY__ssgsea_NES,HALLMARK_REACTIVE_OXYGEN_SPECIES_PATHWAY__ssgsea_NES,16,-0.18214285714285713,0.075,-0.08214285714285713,0.9697698761545686,3,13,mixed_or_zero
DOROTHEA_BACH1_ABC_TF_ACTIVITY__ssgsea_NES,KLENJA2025_BACH1_ACTIVITY_INVERTED__ssgsea_NES,16,-0.5892857142857142,-0.38214285714285706,-0.4999999999999999,0.15982362998696725,0,16,all_negative
DOROTHEA_BACH1_ABC_TF_ACTIVITY__ssgsea_NES,KLENJA2025_BACH1_INVERSE_ACTIVITY__mean_z,16,-0.5357142857142856,-0.33928571428571425,-0.46607142857142847,0.2160289253419548,0,16,all_negative
DOROTHEA_BACH1_ABC_TF_ACTIVITY__ssgsea_NES,LITERATURE_LUNG_BACH1_EFFECTOR_ACTIVITY__mean_z,16,-0.2714285714285714,0.04642857142857142,-0.13928571428571426,0.9194899083821858,1,15,mixed_or_zero
DOROTHEA_BACH1_ABC_TF_ACTIVITY__ssgsea_NES,LITERATURE_LUNG_BACH1_EFFECTOR_ACTIVITY__ssgsea_NES,16,-0.4107142857142856,-0.125,-0.28928571428571426,0.6571356681869506,0,16,all_negative
KLENJA2025_BACH1_ACTIVITY_INVERTED__ssgsea_NES,COLLECTRI_BACH1_TF_ACTIVITY__decoupler_mlm,16,0.38214285714285706,0.6464285714285712,0.4892857142857142,0.15982362998696725,16,0,all_positive
KLENJA2025_BACH1_ACTIVITY_INVERTED__ssgsea_NES,COLLECTRI_BACH1_TF_ACTIVITY__decoupler_ulm,16,0.5035714285714286,0.6714285714285713,0.5803571428571428,0.05565451716115846,16,0,all_positive
KLENJA2025_BACH1_ACTIVITY_INVERTED__ssgsea_NES,COLLECTRI_BACH1_TF_ACTIVITY__mean_z,16,0.24642857142857136,0.557142857142857,0.3410714285714285,0.375950515973805,16,0,all_positive
KLENJA2025_BACH1_ACTIVITY_INVERTED__ssgsea_NES,COLLECTRI_BACH1_TF_ACTIVITY__ssgsea_NES,16,-0.42499999999999993,-0.049999999999999996,-0.175,0.859540943467457,0,16,all_negative
KLENJA2025_BACH1_ACTIVITY_INVERTED__ssgsea_NES,CURATED_NRF2_ANTIOXIDANT_RESPONSE__mean_z,16,-0.04285714285714285,0.3321428571428571,0.14107142857142857,0.8794603130258999,15,1,mixed_or_zero
KLENJA2025_BACH1_ACTIVITY_INVERTED__ssgsea_NES,CURATED_NRF2_ANTIOXIDANT_RESPONSE__ssgsea_NES,16,0.0035714285714285704,0.37857142857142856,0.16249999999999998,0.9899214068809781,16,0,all_positive
KLENJA2025_BACH1_ACTIVITY_INVERTED__ssgsea_NES,DOROTHEA_BACH1_ABC_TF_ACTIVITY__decoupler_mlm,16,-0.14285714285714282,0.14285714285714282,-0.028571428571428567,0.9697698761545686,5,11,mixed_or_zero
KLENJA2025_BACH1_ACTIVITY_INVERTED__ssgsea_NES,DOROTHEA_BACH1_ABC_TF_ACTIVITY__decoupler_ulm,16,-0.06071428571428571,0.2285714285714285,0.07499999999999998,0.9596997645989475,15,1,mixed_or_zero
KLENJA2025_BACH1_ACTIVITY_INVERTED__ssgsea_NES,DOROTHEA_BACH1_ABC_TF_ACTIVITY__mean_z,16,-0.1607142857142857,0.1964285714285714,0.010714285714285713,0.9697698761545686,11,5,mixed_or_zero
KLENJA2025_BACH1_ACTIVITY_INVERTED__ssgsea_NES,DOROTHEA_BACH1_ABC_TF_ACTIVITY__ssgsea_NES,16,-0.5892857142857142,-0.38214285714285706,-0.4999999999999999,0.15982362998696725,0,16,all_negative
KLENJA2025_BACH1_ACTIVITY_INVERTED__ssgsea_NES,HALLMARK_EPITHELIAL_MESENCHYMAL_TRANSITION__mean_z,16,-0.10714285714285714,0.2678571428571428,0.05357142857142857,0.9295289708192378,12,4,mixed_or_zero
KLENJA2025_BACH1_ACTIVITY_INVERTED__ssgsea_NES,HALLMARK_EPITHELIAL_MESENCHYMAL_TRANSITION__ssgsea_NES,16,-0.12857142857142856,0.2321428571428571,0.021428571428571425,0.9596997645989475,11,5,mixed_or_zero
KLENJA2025_BACH1_ACTIVITY_INVERTED__ssgsea_NES,HALLMARK_GLYCOLYSIS__mean_z,16,0.11785714285714284,0.38928571428571423,0.2339285714285714,0.6757115292213043,16,0,all_positive
KLENJA2025_BACH1_ACTIVITY_INVERTED__ssgsea_NES,HALLMARK_GLYCOLYSIS__ssgsea_NES,16,0.23928571428571427,0.4535714285714285,0.3857142857142857,0.3903793119202355,16,0,all_positive
KLENJA2025_BACH1_ACTIVITY_INVERTED__ssgsea_NES,HALLMARK_HEME_METABOLISM__mean_z,16,-0.09999999999999999,0.25,0.03928571428571428,0.9899214068809781,11,5,mixed_or_zero
KLENJA2025_BACH1_ACTIVITY_INVERTED__ssgsea_NES,HALLMARK_HEME_METABOLISM__ssgsea_NES,16,-0.39999999999999997,-0.04285714285714285,-0.15178571428571427,0.8794603130258999,0,16,all_negative
KLENJA2025_BACH1_ACTIVITY_INVERTED__ssgsea_NES,HALLMARK_HYPOXIA__mean_z,16,-0.06071428571428571,0.3142857142857143,0.0875,0.8794603130258999,13,3,mixed_or_zero
KLENJA2025_BACH1_ACTIVITY_INVERTED__ssgsea_NES,HALLMARK_HYPOXIA__ssgsea_NES,16,0.2678571428571428,0.46071428571428563,0.36428571428571427,0.33444360051235367,16,0,all_positive
KLENJA2025_BACH1_ACTIVITY_INVERTED__ssgsea_NES,HALLMARK_OXIDATIVE_PHOSPHORYLATION__mean_z,16,-0.12857142857142856,0.17857142857142855,0.04642857142857142,0.9899214068809781,11,5,mixed_or_zero
KLENJA2025_BACH1_ACTIVITY_INVERTED__ssgsea_NES,HALLMARK_OXIDATIVE_PHOSPHORYLATION__ssgsea_NES,16,-0.04285714285714285,0.24285714285714283,0.16249999999999998,0.9395779040128779,14,2,mixed_or_zero
KLENJA2025_BACH1_ACTIVITY_INVERTED__ssgsea_NES,HALLMARK_REACTIVE_OXYGEN_SPECIES_PATHWAY__mean_z,16,0.2178571428571428,0.5392857142857141,0.3607142857142856,0.43539267351553756,16,0,all_positive
KLENJA2025_BACH1_ACTIVITY_INVERTED__ssgsea_NES,HALLMARK_REACTIVE_OXYGEN_SPECIES_PATHWAY__ssgsea_NES,16,0.05714285714285713,0.3714285714285714,0.23571428571428568,0.8396998687415759,16,0,all_positive
KLENJA2025_BACH1_ACTIVITY_INVERTED__ssgsea_NES,KLENJA2025_BACH1_INVERSE_ACTIVITY__mean_z,16,0.7964285714285713,0.8964285714285712,0.8214285714285712,0.00038046767853463365,16,0,all_positive
KLENJA2025_BACH1_ACTIVITY_INVERTED__ssgsea_NES,LITERATURE_LUNG_BACH1_EFFECTOR_ACTIVITY__mean_z,16,0.36428571428571427,0.7392857142857142,0.41249999999999987,0.18191025904581398,16,0,all_positive
KLENJA2025_BACH1_ACTIVITY_INVERTED__ssgsea_NES,LITERATURE_LUNG_BACH1_EFFECTOR_ACTIVITY__ssgsea_NES,16,0.2321428571428571,0.4678571428571427,0.3785714285714285,0.40509874069364893,16,0,all_positive
KLENJA2025_BACH1_INVERSE_ACTIVITY__mean_z,COLLECTRI_BACH1_TF_ACTIVITY__decoupler_mlm,16,0.36785714285714277,0.6321428571428571,0.4767857142857142,0.17734214689349137,16,0,all_positive
KLENJA2025_BACH1_INVERSE_ACTIVITY__mean_z,COLLECTRI_BACH1_TF_ACTIVITY__decoupler_ulm,16,0.5285714285714286,0.7535714285714286,0.6071428571428571,0.0427972893094504,16,0,all_positive
KLENJA2025_BACH1_INVERSE_ACTIVITY__mean_z,COLLECTRI_BACH1_TF_ACTIVITY__mean_z,16,0.03214285714285714,0.3428571428571428,0.17678571428571427,0.9094621170945906,16,0,all_positive
KLENJA2025_BACH1_INVERSE_ACTIVITY__mean_z,COLLECTRI_BACH1_TF_ACTIVITY__ssgsea_NES,16,-0.21428571428571427,0.1607142857142857,-0.007142857142857141,0.9798442277615982,6,10,mixed_or_zero
KLENJA2025_BACH1_INVERSE_ACTIVITY__mean_z,CURATED_NRF2_ANTIOXIDANT_RESPONSE__mean_z,16,-0.05357142857142857,0.3214285714285714,0.12321428571428569,0.9496353041738619,15,1,mixed_or_zero
KLENJA2025_BACH1_INVERSE_ACTIVITY__mean_z,CURATED_NRF2_ANTIOXIDANT_RESPONSE__ssgsea_NES,16,0.024999999999999998,0.39999999999999997,0.1857142857142857,0.9295289708192378,16,0,all_positive
KLENJA2025_BACH1_INVERSE_ACTIVITY__mean_z,DOROTHEA_BACH1_ABC_TF_ACTIVITY__decoupler_mlm,16,-0.0857142857142857,0.14285714285714282,0.023214285714285708,0.9596997645989475,11,5,mixed_or_zero
KLENJA2025_BACH1_INVERSE_ACTIVITY__mean_z,DOROTHEA_BACH1_ABC_TF_ACTIVITY__decoupler_ulm,16,0.007142857142857141,0.24285714285714283,0.11071428571428568,0.9798442277615982,16,0,all_positive
KLENJA2025_BACH1_INVERSE_ACTIVITY__mean_z,DOROTHEA_BACH1_ABC_TF_ACTIVITY__mean_z,16,-0.35357142857142854,0.007142857142857141,-0.15714285714285714,0.9798442277615982,1,15,mixed_or_zero
KLENJA2025_BACH1_INVERSE_ACTIVITY__mean_z,DOROTHEA_BACH1_ABC_TF_ACTIVITY__ssgsea_NES,16,-0.5357142857142856,-0.33928571428571425,-0.46607142857142847,0.2160289253419548,0,16,all_negative
KLENJA2025_BACH1_INVERSE_ACTIVITY__mean_z,HALLMARK_EPITHELIAL_MESENCHYMAL_TRANSITION__mean_z,16,-0.43214285714285705,-0.05714285714285713,-0.2214285714285714,0.8396998687415759,0,16,all_negative
KLENJA2025_BACH1_INVERSE_ACTIVITY__mean_z,HALLMARK_EPITHELIAL_MESENCHYMAL_TRANSITION__ssgsea_NES,16,-0.28571428571428564,0.05714285714285713,-0.11249999999999996,0.8396998687415759,1,15,mixed_or_zero
KLENJA2025_BACH1_INVERSE_ACTIVITY__mean_z,HALLMARK_GLYCOLYSIS__mean_z,16,-0.13928571428571426,0.18928571428571428,0.0053571428571428555,0.9899214068809781,10,6,mixed_or_zero
KLENJA2025_BACH1_INVERSE_ACTIVITY__mean_z,HALLMARK_GLYCOLYSIS__ssgsea_NES,16,0.2571428571428571,0.5357142857142856,0.39642857142857135,0.3548603636506091,16,0,all_positive
KLENJA2025_BACH1_INVERSE_ACTIVITY__mean_z,HALLMARK_HEME_METABOLISM__mean_z,16,-0.37857142857142856,-0.028571428571428564,-0.2089285714285714,0.9194899083821858,0,16,all_negative
KLENJA2025_BACH1_INVERSE_ACTIVITY__mean_z,HALLMARK_HEME_METABOLISM__ssgsea_NES,16,-0.04642857142857142,0.25,0.1696428571428571,0.8694915255450947,15,1,mixed_or_zero
KLENJA2025_BACH1_INVERSE_ACTIVITY__mean_z,HALLMARK_HYPOXIA__mean_z,16,-0.35,0.024999999999999998,-0.14285714285714282,0.9295289708192378,1,15,mixed_or_zero
KLENJA2025_BACH1_INVERSE_ACTIVITY__mean_z,HALLMARK_HYPOXIA__ssgsea_NES,16,0.19999999999999998,0.39999999999999997,0.3321428571428571,0.47481396452216845,16,0,all_positive
KLENJA2025_BACH1_INVERSE_ACTIVITY__mean_z,HALLMARK_OXIDATIVE_PHOSPHORYLATION__mean_z,16,-0.25357142857142856,0.049999999999999996,-0.06071428571428571,0.9697698761545686,4,12,mixed_or_zero
KLENJA2025_BACH1_INVERSE_ACTIVITY__mean_z,HALLMARK_OXIDATIVE_PHOSPHORYLATION__ssgsea_NES,16,0.028571428571428564,0.3285714285714285,0.20357142857142854,0.9194899083821858,16,0,all_positive
KLENJA2025_BACH1_INVERSE_ACTIVITY__mean_z,HALLMARK_REACTIVE_OXYGEN_SPECIES_PATHWAY__mean_z,16,0.175,0.4964285714285714,0.31785714285714284,0.5327481481378592,16,0,all_positive
KLENJA2025_BACH1_INVERSE_ACTIVITY__mean_z,HALLMARK_REACTIVE_OXYGEN_SPECIES_PATHWAY__ssgsea_NES,16,0.1464285714285714,0.47142857142857136,0.29999999999999993,0.602549920983054,16,0,all_positive
KLENJA2025_BACH1_INVERSE_ACTIVITY__mean_z,KLENJA2025_BACH1_ACTIVITY_INVERTED__ssgsea_NES,16,0.7964285714285713,0.8964285714285712,0.8214285714285712,0.00038046767853463365,16,0,all_positive
KLENJA2025_BACH1_INVERSE_ACTIVITY__mean_z,LITERATURE_LUNG_BACH1_EFFECTOR_ACTIVITY__mean_z,16,0.2964285714285714,0.6714285714285713,0.3678571428571428,0.2833554284342631,16,0,all_positive
KLENJA2025_BACH1_INVERSE_ACTIVITY__mean_z,LITERATURE_LUNG_BACH1_EFFECTOR_ACTIVITY__ssgsea_NES,16,0.36785714285714277,0.5857142857142856,0.48571428571428565,0.17734214689349137,16,0,all_positive
