x,y,n_patients,spearman_rho,spearman_p,spearman_holm_p,spearman_bh_q,abs_rho
DOROTHEA_BACH1_ABC_TF_ACTIVITY__mean_z,HALLMARK_HYPOXIA__mean_z,16,0.9088235294117648,1.1005852200187758e-06,0.00032797439556559517,6.647534728913406e-05,0.9088235294117648
DOROTHEA_BACH1_ABC_TF_ACTIVITY__mean_z,HALLMARK_HEME_METABOLISM__mean_z,16,0.7911764705882354,0.0002619464480824596,0.07727420218432558,0.00988847841511285,0.7911764705882354
DOROTHEA_BACH1_ABC_TF_ACTIVITY__mean_z,HALLMARK_GLYCOLYSIS__mean_z,16,0.7823529411764706,0.00034122076396497244,0.10031890460570189,0.011449852301935742,0.7823529411764706
DOROTHEA_BACH1_ABC_TF_ACTIVITY__mean_z,HALLMARK_EPITHELIAL_MESENCHYMAL_TRANSITION__mean_z,16,0.7029411764705883,0.0023869526693009323,0.6946032267665713,0.06007164217740679,0.7029411764705883
COLLECTRI_BACH1_TF_ACTIVITY__mean_z,HALLMARK_OXIDATIVE_PHOSPHORYLATION__ssgsea_NES,16,-0.6970588235294117,0.0026905894025605944,0.7802709267425724,0.06250446150563843,0.6970588235294117
DOROTHEA_BACH1_ABC_TF_ACTIVITY__decoupler_mlm,HALLMARK_OXIDATIVE_PHOSPHORYLATION__ssgsea_NES,16,-0.6882352941176471,0.003203908614395742,0.9259295895603694,0.06911288582482243,0.6882352941176471
DOROTHEA_BACH1_ABC_TF_ACTIVITY__mean_z,HALLMARK_HEME_METABOLISM__ssgsea_NES,16,-0.6617647058823529,0.005233753301327502,1.0,0.10537289980006036,0.6617647058823529
DOROTHEA_BACH1_ABC_TF_ACTIVITY__decoupler_ulm,HALLMARK_OXIDATIVE_PHOSPHORYLATION__ssgsea_NES,16,-0.6411764705882352,0.007434419082533941,1.0,0.1176658816253747,0.6411764705882352
COLLECTRI_BACH1_TF_ACTIVITY__decoupler_ulm,HALLMARK_HYPOXIA__ssgsea_NES,16,0.6352941176470589,0.008182064616334002,1.0,0.1176658816253747,0.6352941176470589
COLLECTRI_BACH1_TF_ACTIVITY__ssgsea_NES,HALLMARK_EPITHELIAL_MESENCHYMAL_TRANSITION__mean_z,16,-0.6294117647058822,0.00898808926444692,1.0,0.123381952630135,0.6294117647058822
DOROTHEA_BACH1_ABC_TF_ACTIVITY__decoupler_ulm,HALLMARK_HYPOXIA__ssgsea_NES,16,0.6088235294117647,0.012315203198246461,1.0,0.14876765463481725,0.6088235294117647
DOROTHEA_BACH1_ABC_TF_ACTIVITY__decoupler_mlm,HALLMARK_EPITHELIAL_MESENCHYMAL_TRANSITION__ssgsea_NES,16,0.6058823529411764,0.012860298533367195,1.0,0.14937731373372665,0.6058823529411764
COLLECTRI_BACH1_TF_ACTIVITY__mean_z,LITERATURE_LUNG_BACH1_EFFECTOR_ACTIVITY__mean_z,16,0.5970588235294118,0.014609731954981034,1.0,0.15465887180012028,0.5970588235294118
DOROTHEA_BACH1_ABC_TF_ACTIVITY__decoupler_ulm,HALLMARK_EPITHELIAL_MESENCHYMAL_TRANSITION__ssgsea_NES,16,0.5911764705882353,0.015875579555641485,1.0,0.15465887180012028,0.5911764705882353
DOROTHEA_BACH1_ABC_TF_ACTIVITY__ssgsea_NES,HALLMARK_OXIDATIVE_PHOSPHORYLATION__ssgsea_NES,16,-0.5823529411764706,0.017932734131035365,1.0,0.16103096811854326,0.5823529411764706
COLLECTRI_BACH1_TF_ACTIVITY__mean_z,HALLMARK_EPITHELIAL_MESENCHYMAL_TRANSITION__ssgsea_NES,16,0.5794117647058823,0.018662529417711966,1.0,0.16103096811854326,0.5794117647058823
DOROTHEA_BACH1_ABC_TF_ACTIVITY__decoupler_mlm,HALLMARK_HYPOXIA__ssgsea_NES,16,0.5588235294117647,0.024436511424505727,1.0,0.19420595921580866,0.5588235294117647
COLLECTRI_BACH1_TF_ACTIVITY__decoupler_mlm,HALLMARK_HYPOXIA__ssgsea_NES,16,0.5558823529411765,0.025362176320607912,1.0,0.19639428843137408,0.5558823529411765
DOROTHEA_BACH1_ABC_TF_ACTIVITY__decoupler_ulm,HALLMARK_EPITHELIAL_MESENCHYMAL_TRANSITION__mean_z,16,0.5441176470588236,0.029336337481376512,1.0,0.21608716876526116,0.5441176470588236
COLLECTRI_BACH1_TF_ACTIVITY__decoupler_ulm,HALLMARK_GLYCOLYSIS__ssgsea_NES,16,0.5294117647058824,0.03495200678951804,1.0,0.24547688489382438,0.5294117647058824
COLLECTRI_BACH1_TF_ACTIVITY__mean_z,CURATED_NRF2_ANTIOXIDANT_RESPONSE__mean_z,16,-0.5294117647058824,0.03495200678951804,1.0,0.24547688489382438,0.5294117647058824
COLLECTRI_BACH1_TF_ACTIVITY__ssgsea_NES,LITERATURE_LUNG_BACH1_EFFECTOR_ACTIVITY__mean_z,16,-0.5235294117647059,0.037412648130149384,1.0,0.25108043856233586,0.5235294117647059
DOROTHEA_BACH1_ABC_TF_ACTIVITY__mean_z,HALLMARK_REACTIVE_OXYGEN_SPECIES_PATHWAY__mean_z,16,0.5205882352941177,0.03869090714064993,1.0,0.25401421644513655,0.5205882352941177
COLLECTRI_BACH1_TF_ACTIVITY__decoupler_ulm,LITERATURE_LUNG_BACH1_EFFECTOR_ACTIVITY__mean_z,16,0.5088235294117647,0.04413521823498383,1.0,0.2720170593258187,0.5088235294117647
DOROTHEA_BACH1_ABC_TF_ACTIVITY__decoupler_mlm,HALLMARK_EPITHELIAL_MESENCHYMAL_TRANSITION__mean_z,16,0.488235294117647,0.05501502977813754,1.0,0.2864575688447851,0.488235294117647
COLLECTRI_BACH1_TF_ACTIVITY__mean_z,CURATED_NRF2_ANTIOXIDANT_RESPONSE__ssgsea_NES,16,-0.4852941176470588,0.056717714281911955,1.0,0.28876618025878414,0.4852941176470588
COLLECTRI_BACH1_TF_ACTIVITY__mean_z,HALLMARK_REACTIVE_OXYGEN_SPECIES_PATHWAY__ssgsea_NES,16,-0.4823529411764706,0.05845897677471954,1.0,0.28876618025878414,0.4823529411764706
KLENJA2025_BACH1_INVERSE_ACTIVITY__mean_z,LITERATURE_LUNG_BACH1_EFFECTOR_ACTIVITY__ssgsea_NES,16,0.4794117647058824,0.0602393025043159,1.0,0.28876618025878414,0.4794117647058824
COLLECTRI_BACH1_TF_ACTIVITY__decoupler_mlm,HALLMARK_GLYCOLYSIS__ssgsea_NES,16,0.4764705882352941,0.06205917418922617,1.0,0.292841728205411,0.4764705882352941
COLLECTRI_BACH1_TF_ACTIVITY__ssgsea_NES,HALLMARK_EPITHELIAL_MESENCHYMAL_TRANSITION__ssgsea_NES,16,-0.4735294117647058,0.06391907182682004,1.0,0.29697784141076383,0.4735294117647058
COLLECTRI_BACH1_TF_ACTIVITY__ssgsea_NES,HALLMARK_REACTIVE_OXYGEN_SPECIES_PATHWAY__ssgsea_NES,16,0.4676470588235294,0.06776085019015383,1.0,0.3052549278735402,0.4676470588235294
COLLECTRI_BACH1_TF_ACTIVITY__ssgsea_NES,CURATED_NRF2_ANTIOXIDANT_RESPONSE__ssgsea_NES,16,0.4647058823529412,0.06974367557375588,1.0,0.3052549278735402,0.4647058823529412
DOROTHEA_BACH1_ABC_TF_ACTIVITY__mean_z,LITERATURE_LUNG_BACH1_EFFECTOR_ACTIVITY__mean_z,16,0.4617647058823529,0.07176841584053804,1.0,0.30962945119774987,0.4617647058823529
COLLECTRI_BACH1_TF_ACTIVITY__mean_z,HALLMARK_HYPOXIA__ssgsea_NES,16,0.4558823529411765,0.0759454911674118,1.0,0.31418545661038855,0.4558823529411765
COLLECTRI_BACH1_TF_ACTIVITY__ssgsea_NES,HALLMARK_GLYCOLYSIS__mean_z,16,-0.44705882352941173,0.08253692339537141,1.0,0.3279756692816075,0.44705882352941173
KLENJA2025_BACH1_ACTIVITY_INVERTED__ssgsea_NES,LITERATURE_LUNG_BACH1_EFFECTOR_ACTIVITY__mean_z,16,0.4323529411764706,0.09442103753478692,1.0,0.37032666669487857,0.4323529411764706
COLLECTRI_BACH1_TF_ACTIVITY__decoupler_mlm,LITERATURE_LUNG_BACH1_EFFECTOR_ACTIVITY__mean_z,16,0.42352941176470593,0.10210932208599749,1.0,0.3953463496150159,0.42352941176470593
DOROTHEA_BACH1_ABC_TF_ACTIVITY__decoupler_ulm,HALLMARK_HYPOXIA__mean_z,16,0.40294117647058825,0.12174576295254301,1.0,0.4429785591767228,0.40294117647058825
COLLECTRI_BACH1_TF_ACTIVITY__mean_z,HALLMARK_OXIDATIVE_PHOSPHORYLATION__mean_z,16,-0.3911764705882353,0.13407128619725525,1.0,0.4708084701345475,0.3911764705882353
KLENJA2025_BACH1_INVERSE_ACTIVITY__mean_z,HALLMARK_GLYCOLYSIS__ssgsea_NES,16,0.38823529411764707,0.1372816236727813,1.0,0.47654080861126386,0.38823529411764707
COLLECTRI_BACH1_TF_ACTIVITY__ssgsea_NES,HALLMARK_HYPOXIA__mean_z,16,-0.3852941176470588,0.14054417737367633,1.0,0.482322063259662,0.3852941176470588
COLLECTRI_BACH1_TF_ACTIVITY__ssgsea_NES,HALLMARK_HEME_METABOLISM__ssgsea_NES,16,0.37941176470588234,0.1472271338628926,1.0,0.4834005433778224,0.37941176470588234
COLLECTRI_BACH1_TF_ACTIVITY__mean_z,HALLMARK_HEME_METABOLISM__ssgsea_NES,16,-0.3764705882352941,0.15064811528763097,1.0,0.4834005433778224,0.3764705882352941
KLENJA2025_BACH1_INVERSE_ACTIVITY__mean_z,LITERATURE_LUNG_BACH1_EFFECTOR_ACTIVITY__mean_z,16,0.3764705882352941,0.15064811528763097,1.0,0.4834005433778224,0.3764705882352941
KLENJA2025_BACH1_ACTIVITY_INVERTED__ssgsea_NES,HALLMARK_GLYCOLYSIS__ssgsea_NES,16,0.3735294117647059,0.1541224698968481,1.0,0.4834005433778224,0.3735294117647059
KLENJA2025_BACH1_ACTIVITY_INVERTED__ssgsea_NES,LITERATURE_LUNG_BACH1_EFFECTOR_ACTIVITY__ssgsea_NES,16,0.36764705882352944,0.1612323576755898,1.0,0.4834005433778224,0.36764705882352944
DOROTHEA_BACH1_ABC_TF_ACTIVITY__decoupler_ulm,HALLMARK_HEME_METABOLISM__mean_z,16,0.36470588235294116,0.164868397244754,1.0,0.4834005433778224,0.36470588235294116
KLENJA2025_BACH1_ACTIVITY_INVERTED__ssgsea_NES,HALLMARK_HYPOXIA__ssgsea_NES,16,0.36176470588235293,0.16855882250388424,1.0,0.4894688884247408,0.36176470588235293
KLENJA2025_BACH1_ACTIVITY_INVERTED__ssgsea_NES,HALLMARK_REACTIVE_OXYGEN_SPECIES_PATHWAY__mean_z,16,0.3529411764705882,0.17995865788498175,1.0,0.5079206979557429,0.3529411764705882
DOROTHEA_BACH1_ABC_TF_ACTIVITY__mean_z,HALLMARK_HYPOXIA__ssgsea_NES,16,0.34705882352941175,0.18783442010629955,1.0,0.5252406932602081,0.34705882352941175
COLLECTRI_BACH1_TF_ACTIVITY__mean_z,LITERATURE_LUNG_BACH1_EFFECTOR_ACTIVITY__ssgsea_NES,16,0.34411764705882353,0.19185563142554296,1.0,0.5283183277687719,0.34411764705882353
DOROTHEA_BACH1_ABC_TF_ACTIVITY__decoupler_ulm,LITERATURE_LUNG_BACH1_EFFECTOR_ACTIVITY__mean_z,16,0.3411764705882353,0.19593262486788887,1.0,0.5283183277687719,0.3411764705882353
DOROTHEA_BACH1_ABC_TF_ACTIVITY__mean_z,HALLMARK_OXIDATIVE_PHOSPHORYLATION__mean_z,16,0.3411764705882353,0.19593262486788887,1.0,0.5283183277687719,0.3411764705882353
COLLECTRI_BACH1_TF_ACTIVITY__ssgsea_NES,LITERATURE_LUNG_BACH1_EFFECTOR_ACTIVITY__ssgsea_NES,16,-0.3382352941176471,0.20006555877868962,1.0,0.5346884845235775,0.3382352941176471
COLLECTRI_BACH1_TF_ACTIVITY__mean_z,HALLMARK_REACTIVE_OXYGEN_SPECIES_PATHWAY__mean_z,16,-0.3323529411764706,0.2084998279822082,1.0,0.5381790431677511,0.3323529411764706
DOROTHEA_BACH1_ABC_TF_ACTIVITY__decoupler_mlm,HALLMARK_OXIDATIVE_PHOSPHORYLATION__mean_z,16,-0.3323529411764706,0.2084998279822082,1.0,0.5381790431677511,0.3323529411764706
DOROTHEA_BACH1_ABC_TF_ACTIVITY__decoupler_ulm,HALLMARK_GLYCOLYSIS__mean_z,16,0.3323529411764706,0.2084998279822082,1.0,0.5381790431677511,0.3323529411764706
DOROTHEA_BACH1_ABC_TF_ACTIVITY__mean_z,CURATED_NRF2_ANTIOXIDANT_RESPONSE__ssgsea_NES,16,0.3294117647058824,0.21280142621621306,1.0,0.5446273789601386,0.3294117647058824
COLLECTRI_BACH1_TF_ACTIVITY__ssgsea_NES,CURATED_NRF2_ANTIOXIDANT_RESPONSE__mean_z,16,0.32647058823529407,0.21715949057922937,1.0,0.5465180512910606,0.32647058823529407
DOROTHEA_BACH1_ABC_TF_ACTIVITY__mean_z,CURATED_NRF2_ANTIOXIDANT_RESPONSE__mean_z,16,0.32647058823529407,0.21715949057922937,1.0,0.5465180512910606,0.32647058823529407
COLLECTRI_BACH1_TF_ACTIVITY__ssgsea_NES,HALLMARK_HYPOXIA__ssgsea_NES,16,-0.31764705882352945,0.2305734636218452,1.0,0.5613923596711787,0.31764705882352945
KLENJA2025_BACH1_INVERSE_ACTIVITY__mean_z,HALLMARK_REACTIVE_OXYGEN_SPECIES_PATHWAY__mean_z,16,0.31764705882352945,0.2305734636218452,1.0,0.5613923596711787,0.31764705882352945
DOROTHEA_BACH1_ABC_TF_ACTIVITY__decoupler_mlm,HALLMARK_HYPOXIA__mean_z,16,0.3147058823529411,0.23515831926634437,1.0,0.5613923596711787,0.3147058823529411
KLENJA2025_BACH1_INVERSE_ACTIVITY__mean_z,HALLMARK_HYPOXIA__ssgsea_NES,16,0.3147058823529411,0.23515831926634437,1.0,0.5613923596711787,0.3147058823529411
COLLECTRI_BACH1_TF_ACTIVITY__decoupler_mlm,HALLMARK_HEME_METABOLISM__mean_z,16,-0.31176470588235294,0.23980004767411275,1.0,0.5613923596711787,0.31176470588235294
COLLECTRI_BACH1_TF_ACTIVITY__ssgsea_NES,HALLMARK_GLYCOLYSIS__ssgsea_NES,16,-0.31176470588235294,0.23980004767411275,1.0,0.5613923596711787,0.31176470588235294
DOROTHEA_BACH1_ABC_TF_ACTIVITY__ssgsea_NES,HALLMARK_HEME_METABOLISM__mean_z,16,0.3,0.2589364525624988,1.0,0.6015292974913433,0.3
KLENJA2025_BACH1_INVERSE_ACTIVITY__mean_z,HALLMARK_REACTIVE_OXYGEN_SPECIES_PATHWAY__ssgsea_NES,16,0.29705882352941176,0.26386301461352274,1.0,0.6036865940400293,0.29705882352941176
DOROTHEA_BACH1_ABC_TF_ACTIVITY__decoupler_mlm,HALLMARK_HEME_METABOLISM__mean_z,16,0.29411764705882354,0.26884655462289303,1.0,0.6037510118436706,0.29411764705882354
DOROTHEA_BACH1_ABC_TF_ACTIVITY__ssgsea_NES,HALLMARK_OXIDATIVE_PHOSPHORYLATION__mean_z,16,-0.29411764705882354,0.26884655462289303,1.0,0.6037510118436706,0.29411764705882354
DOROTHEA_BACH1_ABC_TF_ACTIVITY__mean_z,HALLMARK_REACTIVE_OXYGEN_SPECIES_PATHWAY__ssgsea_NES,16,0.2911764705882353,0.27388704841914857,1.0,0.6037510118436706,0.2911764705882353
COLLECTRI_BACH1_TF_ACTIVITY__ssgsea_NES,HALLMARK_OXIDATIVE_PHOSPHORYLATION__mean_z,16,-0.27941176470588236,0.2946176535684143,1.0,0.6265812068849375,0.27941176470588236
DOROTHEA_BACH1_ABC_TF_ACTIVITY__ssgsea_NES,LITERATURE_LUNG_BACH1_EFFECTOR_ACTIVITY__ssgsea_NES,16,-0.27941176470588236,0.2946176535684143,1.0,0.6265812068849375,0.27941176470588236
COLLECTRI_BACH1_TF_ACTIVITY__decoupler_ulm,HALLMARK_GLYCOLYSIS__mean_z,16,0.2764705882352941,0.29994212849237334,1.0,0.6334442154174598,0.2764705882352941
DOROTHEA_BACH1_ABC_TF_ACTIVITY__ssgsea_NES,HALLMARK_EPITHELIAL_MESENCHYMAL_TRANSITION__ssgsea_NES,16,0.2735294117647059,0.30532315630740503,1.0,0.6359144358954228,0.2735294117647059
DOROTHEA_BACH1_ABC_TF_ACTIVITY__decoupler_mlm,HALLMARK_REACTIVE_OXYGEN_SPECIES_PATHWAY__ssgsea_NES,16,-0.2647058823529412,0.3218043958686153,1.0,0.6656501887145331,0.2647058823529412
COLLECTRI_BACH1_TF_ACTIVITY__decoupler_mlm,HALLMARK_OXIDATIVE_PHOSPHORYLATION__mean_z,16,-0.2529411764705882,0.344563031337499,1.0,0.6983760769390919,0.2529411764705882
DOROTHEA_BACH1_ABC_TF_ACTIVITY__mean_z,LITERATURE_LUNG_BACH1_EFFECTOR_ACTIVITY__ssgsea_NES,16,-0.2529411764705882,0.344563031337499,1.0,0.6983760769390919,0.2529411764705882
COLLECTRI_BACH1_TF_ACTIVITY__mean_z,HALLMARK_HEME_METABOLISM__mean_z,16,-0.25,0.35039147910720203,1.0,0.7007829582144041,0.25
DOROTHEA_BACH1_ABC_TF_ACTIVITY__decoupler_ulm,HALLMARK_GLYCOLYSIS__ssgsea_NES,16,0.25,0.35039147910720203,1.0,0.7007829582144041,0.25
DOROTHEA_BACH1_ABC_TF_ACTIVITY__decoupler_ulm,HALLMARK_OXIDATIVE_PHOSPHORYLATION__mean_z,16,-0.24705882352941175,0.35627504151257744,1.0,0.7078622535315683,0.24705882352941175
DOROTHEA_BACH1_ABC_TF_ACTIVITY__decoupler_mlm,LITERATURE_LUNG_BACH1_EFFECTOR_ACTIVITY__mean_z,16,0.2411764705882353,0.3682066080426343,1.0,0.7174090040572616,0.2411764705882353
KLENJA2025_BACH1_ACTIVITY_INVERTED__ssgsea_NES,HALLMARK_GLYCOLYSIS__mean_z,16,0.23823529411764705,0.37425412972798855,1.0,0.7199049340245333,0.23823529411764705
COLLECTRI_BACH1_TF_ACTIVITY__decoupler_ulm,LITERATURE_LUNG_BACH1_EFFECTOR_ACTIVITY__ssgsea_NES,16,0.2352941176470588,0.3803558011886571,1.0,0.7199049340245333,0.2352941176470588
COLLECTRI_BACH1_TF_ACTIVITY__ssgsea_NES,HALLMARK_REACTIVE_OXYGEN_SPECIES_PATHWAY__mean_z,16,0.2352941176470588,0.3803558011886571,1.0,0.7199049340245333,0.2352941176470588
DOROTHEA_BACH1_ABC_TF_ACTIVITY__ssgsea_NES,HALLMARK_GLYCOLYSIS__ssgsea_NES,16,-0.2323529411764706,0.386511349907985,1.0,0.7199049340245333,0.2323529411764706
COLLECTRI_BACH1_TF_ACTIVITY__decoupler_ulm,HALLMARK_HEME_METABOLISM__ssgsea_NES,16,-0.22941176470588234,0.39272049088162,1.0,0.7199049340245333,0.22941176470588234
DOROTHEA_BACH1_ABC_TF_ACTIVITY__decoupler_mlm,CURATED_NRF2_ANTIOXIDANT_RESPONSE__ssgsea_NES,16,-0.22647058823529412,0.39898292664128926,1.0,0.7199049340245333,0.22647058823529412
DOROTHEA_BACH1_ABC_TF_ACTIVITY__decoupler_mlm,HALLMARK_GLYCOLYSIS__mean_z,16,0.22647058823529412,0.39898292664128926,1.0,0.7199049340245333,0.22647058823529412
KLENJA2025_BACH1_ACTIVITY_INVERTED__ssgsea_NES,HALLMARK_REACTIVE_OXYGEN_SPECIES_PATHWAY__ssgsea_NES,16,0.22352941176470587,0.40529834728275926,1.0,0.7199049340245333,0.22352941176470587
KLENJA2025_BACH1_INVERSE_ACTIVITY__mean_z,HALLMARK_EPITHELIAL_MESENCHYMAL_TRANSITION__mean_z,16,-0.22352941176470587,0.40529834728275926,1.0,0.7199049340245333,0.22352941176470587
COLLECTRI_BACH1_TF_ACTIVITY__decoupler_mlm,HALLMARK_OXIDATIVE_PHOSPHORYLATION__ssgsea_NES,16,-0.22058823529411767,0.41166643049796364,1.0,0.7199049340245333,0.22058823529411767
COLLECTRI_BACH1_TF_ACTIVITY__ssgsea_NES,HALLMARK_OXIDATIVE_PHOSPHORYLATION__ssgsea_NES,16,0.21764705882352942,0.41808684161130316,1.0,0.7199049340245333,0.21764705882352942
DOROTHEA_BACH1_ABC_TF_ACTIVITY__mean_z,HALLMARK_EPITHELIAL_MESENCHYMAL_TRANSITION__ssgsea_NES,16,0.21176470588235297,0.4310832472392213,1.0,0.7199049340245333,0.21176470588235297
COLLECTRI_BACH1_TF_ACTIVITY__decoupler_mlm,LITERATURE_LUNG_BACH1_EFFECTOR_ACTIVITY__ssgsea_NES,16,0.2088235294117647,0.4376585109498007,1.0,0.7199049340245333,0.2088235294117647
COLLECTRI_BACH1_TF_ACTIVITY__decoupler_ulm,HALLMARK_OXIDATIVE_PHOSPHORYLATION__mean_z,16,-0.2029411764705882,0.4509612417227097,1.0,0.7199049340245333,0.2029411764705882
DOROTHEA_BACH1_ABC_TF_ACTIVITY__decoupler_mlm,CURATED_NRF2_ANTIOXIDANT_RESPONSE__mean_z,16,-0.2029411764705882,0.4509612417227097,1.0,0.7199049340245333,0.2029411764705882
COLLECTRI_BACH1_TF_ACTIVITY__decoupler_mlm,HALLMARK_HEME_METABOLISM__ssgsea_NES,16,-0.19999999999999998,0.45768790507519996,1.0,0.7199049340245333,0.19999999999999998
DOROTHEA_BACH1_ABC_TF_ACTIVITY__mean_z,HALLMARK_OXIDATIVE_PHOSPHORYLATION__ssgsea_NES,16,-0.19999999999999998,0.45768790507519996,1.0,0.7199049340245333,0.19999999999999998
KLENJA2025_BACH1_INVERSE_ACTIVITY__mean_z,HALLMARK_HEME_METABOLISM__mean_z,16,-0.19999999999999998,0.45768790507519996,1.0,0.7199049340245333,0.19999999999999998
KLENJA2025_BACH1_INVERSE_ACTIVITY__mean_z,HALLMARK_OXIDATIVE_PHOSPHORYLATION__ssgsea_NES,16,0.19999999999999998,0.45768790507519996,1.0,0.7199049340245333,0.19999999999999998
KLENJA2025_BACH1_INVERSE_ACTIVITY__mean_z,CURATED_NRF2_ANTIOXIDANT_RESPONSE__ssgsea_NES,16,0.19705882352941176,0.46446421122573883,1.0,0.7267781958040058,0.19705882352941176
DOROTHEA_BACH1_ABC_TF_ACTIVITY__decoupler_ulm,HALLMARK_REACTIVE_OXYGEN_SPECIES_PATHWAY__ssgsea_NES,16,-0.19411764705882353,0.47128972836210753,1.0,0.7336572060069921,0.19411764705882353
DOROTHEA_BACH1_ABC_TF_ACTIVITY__ssgsea_NES,HALLMARK_HYPOXIA__mean_z,16,0.19117647058823528,0.47816401281702847,1.0,0.7405411890807313,0.19117647058823528
COLLECTRI_BACH1_TF_ACTIVITY__mean_z,HALLMARK_HYPOXIA__mean_z,16,0.18823529411764706,0.4850866091454684,1.0,0.7474293671527116,0.18823529411764706
KLENJA2025_BACH1_ACTIVITY_INVERTED__ssgsea_NES,CURATED_NRF2_ANTIOXIDANT_RESPONSE__ssgsea_NES,16,0.17941176470588235,0.5061395399904387,1.0,0.7604683635677238,0.17941176470588235
DOROTHEA_BACH1_ABC_TF_ACTIVITY__decoupler_mlm,HALLMARK_GLYCOLYSIS__ssgsea_NES,16,0.1764705882352941,0.5132505967364671,1.0,0.7623834937612586,0.1764705882352941
COLLECTRI_BACH1_TF_ACTIVITY__mean_z,HALLMARK_EPITHELIAL_MESENCHYMAL_TRANSITION__mean_z,16,0.17058823529411765,0.5276097688612683,1.0,0.7623834937612586,0.17058823529411765
DOROTHEA_BACH1_ABC_TF_ACTIVITY__decoupler_ulm,HALLMARK_HEME_METABOLISM__ssgsea_NES,16,-0.17058823529411765,0.5276097688612683,1.0,0.7623834937612586,0.17058823529411765
DOROTHEA_BACH1_ABC_TF_ACTIVITY__decoupler_ulm,CURATED_NRF2_ANTIOXIDANT_RESPONSE__ssgsea_NES,16,-0.16764705882352943,0.5348568245819436,1.0,0.7691750524940333,0.16764705882352943
COLLECTRI_BACH1_TF_ACTIVITY__decoupler_ulm,HALLMARK_OXIDATIVE_PHOSPHORYLATION__ssgsea_NES,16,-0.16176470588235295,0.5494831434036931,1.0,0.7817117191779188,0.16176470588235295
COLLECTRI_BACH1_TF_ACTIVITY__decoupler_mlm,HALLMARK_GLYCOLYSIS__mean_z,16,0.15882352941176472,0.5568612810855391,1.0,0.7817117191779188,0.15882352941176472
COLLECTRI_BACH1_TF_ACTIVITY__decoupler_ulm,HALLMARK_REACTIVE_OXYGEN_SPECIES_PATHWAY__mean_z,16,0.15882352941176472,0.5568612810855391,1.0,0.7817117191779188,0.15882352941176472
COLLECTRI_BACH1_TF_ACTIVITY__decoupler_ulm,HALLMARK_HEME_METABOLISM__mean_z,16,-0.15588235294117647,0.5642819694728023,1.0,0.7817117191779188,0.15588235294117647
KLENJA2025_BACH1_INVERSE_ACTIVITY__mean_z,HALLMARK_HYPOXIA__mean_z,16,-0.15588235294117647,0.5642819694728023,1.0,0.7817117191779188,0.15588235294117647
COLLECTRI_BACH1_TF_ACTIVITY__decoupler_mlm,HALLMARK_EPITHELIAL_MESENCHYMAL_TRANSITION__ssgsea_NES,16,0.15294117647058825,0.5717446192454617,1.0,0.7848494318733157,0.15294117647058825
KLENJA2025_BACH1_ACTIVITY_INVERTED__ssgsea_NES,HALLMARK_HEME_METABOLISM__ssgsea_NES,16,-0.15294117647058825,0.5717446192454617,1.0,0.7848494318733157,0.15294117647058825
COLLECTRI_BACH1_TF_ACTIVITY__ssgsea_NES,HALLMARK_HEME_METABOLISM__mean_z,16,-0.15,0.5792486306642535,1.0,0.79155242742355,0.15
COLLECTRI_BACH1_TF_ACTIVITY__mean_z,HALLMARK_GLYCOLYSIS__mean_z,16,0.1411764705882353,0.6020026838819792,1.0,0.8075399741515578,0.1411764705882353
KLENJA2025_BACH1_ACTIVITY_INVERTED__ssgsea_NES,CURATED_NRF2_ANTIOXIDANT_RESPONSE__mean_z,16,0.1411764705882353,0.6020026838819792,1.0,0.8075399741515578,0.1411764705882353
KLENJA2025_BACH1_ACTIVITY_INVERTED__ssgsea_NES,HALLMARK_OXIDATIVE_PHOSPHORYLATION__ssgsea_NES,16,0.1411764705882353,0.6020026838819792,1.0,0.8075399741515578,0.1411764705882353
DOROTHEA_BACH1_ABC_TF_ACTIVITY__decoupler_ulm,CURATED_NRF2_ANTIOXIDANT_RESPONSE__mean_z,16,-0.13823529411764704,0.6096659407501827,1.0,0.8075399741515578,0.13823529411764704
KLENJA2025_BACH1_INVERSE_ACTIVITY__mean_z,HALLMARK_HEME_METABOLISM__ssgsea_NES,16,0.13823529411764704,0.6096659407501827,1.0,0.8075399741515578,0.13823529411764704
DOROTHEA_BACH1_ABC_TF_ACTIVITY__ssgsea_NES,CURATED_NRF2_ANTIOXIDANT_RESPONSE__mean_z,16,-0.13529411764705881,0.6173674089706421,1.0,0.8141701201272223,0.13529411764705881
KLENJA2025_BACH1_INVERSE_ACTIVITY__mean_z,CURATED_NRF2_ANTIOXIDANT_RESPONSE__mean_z,16,0.1323529411764706,0.6251064291516133,1.0,0.8203024223408351,0.1323529411764706
COLLECTRI_BACH1_TF_ACTIVITY__decoupler_ulm,HALLMARK_EPITHELIAL_MESENCHYMAL_TRANSITION__ssgsea_NES,16,0.12941176470588234,0.6328823324682601,1.0,0.8203024223408351,0.12941176470588234
DOROTHEA_BACH1_ABC_TF_ACTIVITY__ssgsea_NES,HALLMARK_EPITHELIAL_MESENCHYMAL_TRANSITION__mean_z,16,0.12941176470588234,0.6328823324682601,1.0,0.8203024223408351,0.12941176470588234
KLENJA2025_BACH1_INVERSE_ACTIVITY__mean_z,HALLMARK_EPITHELIAL_MESENCHYMAL_TRANSITION__ssgsea_NES,16,-0.12941176470588234,0.6328823324682601,1.0,0.8203024223408351,0.12941176470588234
DOROTHEA_BACH1_ABC_TF_ACTIVITY__ssgsea_NES,LITERATURE_LUNG_BACH1_EFFECTOR_ACTIVITY__mean_z,16,-0.1264705882352941,0.6406944408168839,1.0,0.826879150114098,0.1264705882352941
DOROTHEA_BACH1_ABC_TF_ACTIVITY__decoupler_ulm,LITERATURE_LUNG_BACH1_EFFECTOR_ACTIVITY__ssgsea_NES,16,0.12058823529411765,0.6564245147485953,1.0,0.843575333847131,0.12058823529411765
COLLECTRI_BACH1_TF_ACTIVITY__decoupler_mlm,HALLMARK_EPITHELIAL_MESENCHYMAL_TRANSITION__mean_z,16,-0.11470588235294117,0.6722910465997233,1.0,0.8530751935845228,0.11470588235294117
COLLECTRI_BACH1_TF_ACTIVITY__decoupler_ulm,HALLMARK_HYPOXIA__mean_z,16,0.11176470588235293,0.6802736949858407,1.0,0.8560110661905163,0.11176470588235293
COLLECTRI_BACH1_TF_ACTIVITY__decoupler_mlm,HALLMARK_REACTIVE_OXYGEN_SPECIES_PATHWAY__ssgsea_NES,16,-0.10294117647058824,0.7044103818167708,1.0,0.8718521938879704,0.10294117647058824
DOROTHEA_BACH1_ABC_TF_ACTIVITY__decoupler_mlm,LITERATURE_LUNG_BACH1_EFFECTOR_ACTIVITY__ssgsea_NES,16,0.09411764705882353,0.7288144270239807,1.0,0.8903019798097802,0.09411764705882353
COLLECTRI_BACH1_TF_ACTIVITY__decoupler_mlm,CURATED_NRF2_ANTIOXIDANT_RESPONSE__ssgsea_NES,16,-0.09117647058823529,0.7370049501736591,1.0,0.8903019798097802,0.09117647058823529
DOROTHEA_BACH1_ABC_TF_ACTIVITY__decoupler_mlm,HALLMARK_HEME_METABOLISM__ssgsea_NES,16,-0.09117647058823529,0.7370049501736591,1.0,0.8903019798097802,0.09117647058823529
DOROTHEA_BACH1_ABC_TF_ACTIVITY__mean_z,HALLMARK_GLYCOLYSIS__ssgsea_NES,16,0.09117647058823529,0.7370049501736591,1.0,0.8903019798097802,0.09117647058823529
DOROTHEA_BACH1_ABC_TF_ACTIVITY__ssgsea_NES,CURATED_NRF2_ANTIOXIDANT_RESPONSE__ssgsea_NES,16,-0.0823529411764706,0.7617330787524739,1.0,0.9021309403264592,0.0823529411764706
KLENJA2025_BACH1_ACTIVITY_INVERTED__ssgsea_NES,HALLMARK_HYPOXIA__mean_z,16,0.0823529411764706,0.7617330787524739,1.0,0.9021309403264592,0.0823529411764706
DOROTHEA_BACH1_ABC_TF_ACTIVITY__ssgsea_NES,HALLMARK_REACTIVE_OXYGEN_SPECIES_PATHWAY__ssgsea_NES,16,-0.07647058823529412,0.778340980960703,1.0,0.9110813032950864,0.07647058823529412
DOROTHEA_BACH1_ABC_TF_ACTIVITY__decoupler_mlm,HALLMARK_REACTIVE_OXYGEN_SPECIES_PATHWAY__mean_z,16,-0.07058823529411765,0.7950393023376281,1.0,0.9199305337393244,0.07058823529411765
COLLECTRI_BACH1_TF_ACTIVITY__decoupler_mlm,CURATED_NRF2_ANTIOXIDANT_RESPONSE__mean_z,16,-0.06470588235294117,0.8118214513105935,1.0,0.9251701067766008,0.06470588235294117
KLENJA2025_BACH1_INVERSE_ACTIVITY__mean_z,HALLMARK_OXIDATIVE_PHOSPHORYLATION__mean_z,16,-0.06470588235294117,0.8118214513105935,1.0,0.9251701067766008,0.06470588235294117
COLLECTRI_BACH1_TF_ACTIVITY__decoupler_ulm,HALLMARK_REACTIVE_OXYGEN_SPECIES_PATHWAY__ssgsea_NES,16,0.06176470588235294,0.8202418775044894,1.0,0.9312520564148714,0.06176470588235294
DOROTHEA_BACH1_ABC_TF_ACTIVITY__ssgsea_NES,HALLMARK_GLYCOLYSIS__mean_z,16,0.055882352941176466,0.8371372217954723,1.0,0.9433411976948979,0.055882352941176466
DOROTHEA_BACH1_ABC_TF_ACTIVITY__ssgsea_NES,HALLMARK_REACTIVE_OXYGEN_SPECIES_PATHWAY__mean_z,16,-0.049999999999999996,0.8540995521297438,1.0,0.9588775641010506,0.049999999999999996
KLENJA2025_BACH1_ACTIVITY_INVERTED__ssgsea_NES,HALLMARK_EPITHELIAL_MESENCHYMAL_TRANSITION__mean_z,16,0.044117647058823525,0.8711220048065985,1.0,0.9672016376896793,0.044117647058823525
KLENJA2025_BACH1_ACTIVITY_INVERTED__ssgsea_NES,HALLMARK_OXIDATIVE_PHOSPHORYLATION__mean_z,16,0.03823529411764706,0.8881976539853075,1.0,0.9825483205258713,0.03823529411764706
DOROTHEA_BACH1_ABC_TF_ACTIVITY__ssgsea_NES,HALLMARK_HEME_METABOLISM__ssgsea_NES,16,-0.032352941176470584,0.9053195187918449,1.0,0.9829297995154964,0.032352941176470584
KLENJA2025_BACH1_ACTIVITY_INVERTED__ssgsea_NES,HALLMARK_HEME_METABOLISM__mean_z,16,0.02941176470588235,0.9138955872505002,1.0,0.9829297995154964,0.02941176470588235
COLLECTRI_BACH1_TF_ACTIVITY__decoupler_ulm,CURATED_NRF2_ANTIOXIDANT_RESPONSE__mean_z,16,0.02647058823529412,0.9224805705017287,1.0,0.9829297995154964,0.02647058823529412
KLENJA2025_BACH1_INVERSE_ACTIVITY__mean_z,HALLMARK_GLYCOLYSIS__mean_z,16,0.02647058823529412,0.9224805705017287,1.0,0.9829297995154964,0.02647058823529412
COLLECTRI_BACH1_TF_ACTIVITY__decoupler_ulm,CURATED_NRF2_ANTIOXIDANT_RESPONSE__ssgsea_NES,16,0.023529411764705882,0.931073583667659,1.0,0.9829297995154964,0.023529411764705882
COLLECTRI_BACH1_TF_ACTIVITY__decoupler_ulm,HALLMARK_EPITHELIAL_MESENCHYMAL_TRANSITION__mean_z,16,-0.023529411764705882,0.931073583667659,1.0,0.9829297995154964,0.023529411764705882
COLLECTRI_BACH1_TF_ACTIVITY__decoupler_mlm,HALLMARK_HYPOXIA__mean_z,16,-0.014705882352941175,0.9568919240316421,1.0,0.9829297995154964,0.014705882352941175
COLLECTRI_BACH1_TF_ACTIVITY__decoupler_mlm,HALLMARK_REACTIVE_OXYGEN_SPECIES_PATHWAY__mean_z,16,-0.014705882352941175,0.9568919240316421,1.0,0.9829297995154964,0.014705882352941175
COLLECTRI_BACH1_TF_ACTIVITY__mean_z,HALLMARK_GLYCOLYSIS__ssgsea_NES,16,0.014705882352941175,0.9568919240316421,1.0,0.9829297995154964,0.014705882352941175
DOROTHEA_BACH1_ABC_TF_ACTIVITY__decoupler_ulm,HALLMARK_REACTIVE_OXYGEN_SPECIES_PATHWAY__mean_z,16,0.014705882352941175,0.9568919240316421,1.0,0.9829297995154964,0.014705882352941175
KLENJA2025_BACH1_ACTIVITY_INVERTED__ssgsea_NES,HALLMARK_EPITHELIAL_MESENCHYMAL_TRANSITION__ssgsea_NES,16,0.014705882352941175,0.9568919240316421,1.0,0.9829297995154964,0.014705882352941175
DOROTHEA_BACH1_ABC_TF_ACTIVITY__ssgsea_NES,HALLMARK_HYPOXIA__ssgsea_NES,16,-0.011764705882352941,0.9655081698956275,1.0,0.988418533249083,0.011764705882352941
