,COLLECTRI_BACH1_TF_ACTIVITY__decoupler_ulm,DOROTHEA_BACH1_ABC_TF_ACTIVITY__decoupler_ulm,KLENJA2025_BACH1_INVERSE_ACTIVITY__decoupler_ulm,COLLECTRI_BACH1_TF_ACTIVITY__decoupler_mlm,DOROTHEA_BACH1_ABC_TF_ACTIVITY__decoupler_mlm,KLENJA2025_BACH1_INVERSE_ACTIVITY__decoupler_mlm
AL02,-0.4228623410665308,-0.4326607155136608,0.21196173580166305,-0.4225668940253591,-0.4416340428768297,0.344701332920142
AL06,0.58045838963049,1.5191554318426705,0.9173222909106367,0.34292192787620035,1.348367885002971,0.6123931935313981
AL08,0.7037634528081197,-1.185466613909173,1.0199488876872274,0.670738940847757,-1.4322777347687785,1.1454225182926483
AL10,0.7293047337992853,-0.751076853787161,0.998451496136622,0.6644188980195562,-0.9880720762924705,1.0480773877292844
AL11,-0.3436771700356804,-1.0574307596439099,0.856460008551519,-0.3800111683868396,-1.1908184107563098,1.0970804376914685
P0006,0.5308443265728451,-0.47198366531902114,1.0752820818412512,0.43037557742605703,-0.7005757983531935,1.107144191251837
P0008,0.9158468410254813,-0.8358205924476153,1.0102093710070468,0.8588468697732932,-1.09140145140637,1.0492755900072226
P0009,0.6719462102861101,-0.8782232580522459,-0.15143592486931812,0.7719043983731115,-0.9224551460966778,-0.10098867658825522
P0018,1.1462538467733252,-0.042324407481789485,1.0079793248145201,1.028621310805376,-0.3009852985385375,0.8853971380671044
P0019,-0.2781407762679649,-0.6361853590065547,0.7692946369131608,-0.3352612782634064,-0.7525557206311748,0.929395924093365
P0020,1.8433245564435725,0.43669572101782234,0.8716308342861824,1.714712734597067,0.15417563135474593,0.5744428950698812
P0025,-0.1597819988495914,-1.2059688285841057,0.6684613868154782,-0.1561419511665429,-1.3253966198400258,0.9042571767173453
P0028,0.7025693598456687,-0.12212707818409003,1.0016637465618443,0.5862579885492666,-0.3457779386895354,0.9511807782325621
P0030,-0.06494483064474942,-0.9807057598646096,0.8976222342247357,-0.10899043034842723,-1.1416676693635208,1.0890822284134816
P0031,0.5261340829554445,-0.659289902287868,0.699100335696945,0.4914095035620265,-0.8286030321636583,0.7535022948970564
P0034,0.7292382044748079,-0.1297821690659473,0.8635140011768023,0.6325167791474742,-0.3328654447230892,0.8074770643707451
