signature,target,weight,source_type,target_in_adata,present_in_primary
HALLMARK_HYPOXIA,MAFF,1.0,MSigDB_Hallmark_via_decoupler,MAFF,True
HALLMARK_HYPOXIA,IER3,1.0,MSigDB_Hallmark_via_decoupler,IER3,True
HALLMARK_GLYCOLYSIS,IER3,1.0,MSigDB_Hallmark_via_decoupler,IER3,True
HALLMARK_EPITHELIAL_MESENCHYMAL_TRANSITION,PTX3,1.0,MSigDB_Hallmark_via_decoupler,PTX3,True
HALLMARK_EPITHELIAL_MESENCHYMAL_TRANSITION,ID2,1.0,MSigDB_Hallmark_via_decoupler,ID2,True
HALLMARK_EPITHELIAL_MESENCHYMAL_TRANSITION,INHBA,1.0,MSigDB_Hallmark_via_decoupler,INHBA,True
HALLMARK_HYPOXIA,VEGFA,1.0,MSigDB_Hallmark_via_decoupler,VEGFA,True
HALLMARK_EPITHELIAL_MESENCHYMAL_TRANSITION,VEGFA,1.0,MSigDB_Hallmark_via_decoupler,VEGFA,True
HALLMARK_GLYCOLYSIS,VEGFA,1.0,MSigDB_Hallmark_via_decoupler,VEGFA,True
HALLMARK_HYPOXIA,TNFAIP3,1.0,MSigDB_Hallmark_via_decoupler,TNFAIP3,True
HALLMARK_EPITHELIAL_MESENCHYMAL_TRANSITION,TNFAIP3,1.0,MSigDB_Hallmark_via_decoupler,TNFAIP3,True
HALLMARK_EPITHELIAL_MESENCHYMAL_TRANSITION,PMEPA1,1.0,MSigDB_Hallmark_via_decoupler,PMEPA1,True
HALLMARK_EPITHELIAL_MESENCHYMAL_TRANSITION,CXCL6,1.0,MSigDB_Hallmark_via_decoupler,CXCL6,True
HALLMARK_EPITHELIAL_MESENCHYMAL_TRANSITION,TNC,1.0,MSigDB_Hallmark_via_decoupler,TNC,True
HALLMARK_HYPOXIA,SDC4,1.0,MSigDB_Hallmark_via_decoupler,SDC4,True
HALLMARK_EPITHELIAL_MESENCHYMAL_TRANSITION,SDC4,1.0,MSigDB_Hallmark_via_decoupler,SDC4,True
HALLMARK_HEME_METABOLISM,MAP2K3,1.0,MSigDB_Hallmark_via_decoupler,MAP2K3,True
HALLMARK_HYPOXIA,SLC2A3,1.0,MSigDB_Hallmark_via_decoupler,SLC2A3,True
HALLMARK_EPITHELIAL_MESENCHYMAL_TRANSITION,CXCL1,1.0,MSigDB_Hallmark_via_decoupler,CXCL1,True
HALLMARK_HYPOXIA,KLF6,1.0,MSigDB_Hallmark_via_decoupler,KLF6,True
HALLMARK_EPITHELIAL_MESENCHYMAL_TRANSITION,GEM,1.0,MSigDB_Hallmark_via_decoupler,GEM,True
HALLMARK_HYPOXIA,SERPINE1,1.0,MSigDB_Hallmark_via_decoupler,SERPINE1,True
HALLMARK_EPITHELIAL_MESENCHYMAL_TRANSITION,SERPINE1,1.0,MSigDB_Hallmark_via_decoupler,SERPINE1,True
HALLMARK_HYPOXIA,PLAUR,1.0,MSigDB_Hallmark_via_decoupler,PLAUR,True
HALLMARK_EPITHELIAL_MESENCHYMAL_TRANSITION,PLAUR,1.0,MSigDB_Hallmark_via_decoupler,PLAUR,True
HALLMARK_HYPOXIA,PPP1R15A,1.0,MSigDB_Hallmark_via_decoupler,PPP1R15A,True
HALLMARK_HYPOXIA,PFKFB3,1.0,MSigDB_Hallmark_via_decoupler,PFKFB3,True
HALLMARK_HYPOXIA,CDKN1A,1.0,MSigDB_Hallmark_via_decoupler,CDKN1A,True
HALLMARK_EPITHELIAL_MESENCHYMAL_TRANSITION,SAT1,1.0,MSigDB_Hallmark_via_decoupler,SAT1,True
HALLMARK_HYPOXIA,F3,1.0,MSigDB_Hallmark_via_decoupler,F3,True
HALLMARK_HYPOXIA,CCN1,1.0,MSigDB_Hallmark_via_decoupler,CCN1,True
HALLMARK_EPITHELIAL_MESENCHYMAL_TRANSITION,CCN1,1.0,MSigDB_Hallmark_via_decoupler,CCN1,True
HALLMARK_HYPOXIA,FOS,1.0,MSigDB_Hallmark_via_decoupler,FOS,True
HALLMARK_HYPOXIA,ACKR3,1.0,MSigDB_Hallmark_via_decoupler,ACKR3,True
HALLMARK_EPITHELIAL_MESENCHYMAL_TRANSITION,GADD45A,1.0,MSigDB_Hallmark_via_decoupler,GADD45A,True
HALLMARK_REACTIVE_OXYGEN_SPECIES_PATHWAY,SOD2,1.0,MSigDB_Hallmark_via_decoupler,SOD2,True
HALLMARK_REACTIVE_OXYGEN_SPECIES_PATHWAY,JUNB,1.0,MSigDB_Hallmark_via_decoupler,JUNB,True
HALLMARK_HYPOXIA,BHLHE40,1.0,MSigDB_Hallmark_via_decoupler,BHLHE40,True
HALLMARK_EPITHELIAL_MESENCHYMAL_TRANSITION,CD44,1.0,MSigDB_Hallmark_via_decoupler,CD44,True
HALLMARK_GLYCOLYSIS,CD44,1.0,MSigDB_Hallmark_via_decoupler,CD44,True
HALLMARK_HYPOXIA,ATF3,1.0,MSigDB_Hallmark_via_decoupler,ATF3,True
HALLMARK_GLYCOLYSIS,B4GALT1,1.0,MSigDB_Hallmark_via_decoupler,B4GALT1,True
HALLMARK_EPITHELIAL_MESENCHYMAL_TRANSITION,RHOB,1.0,MSigDB_Hallmark_via_decoupler,RHOB,True
HALLMARK_HYPOXIA,BTG1,1.0,MSigDB_Hallmark_via_decoupler,BTG1,True
HALLMARK_HYPOXIA,DUSP1,1.0,MSigDB_Hallmark_via_decoupler,DUSP1,True
HALLMARK_HYPOXIA,PNRC1,1.0,MSigDB_Hallmark_via_decoupler,PNRC1,True
HALLMARK_HYPOXIA,EFNA1,1.0,MSigDB_Hallmark_via_decoupler,EFNA1,True
HALLMARK_HYPOXIA,NFIL3,1.0,MSigDB_Hallmark_via_decoupler,NFIL3,True
HALLMARK_HYPOXIA,FOSL2,1.0,MSigDB_Hallmark_via_decoupler,FOSL2,True
HALLMARK_HYPOXIA,ZFP36,1.0,MSigDB_Hallmark_via_decoupler,ZFP36,True
HALLMARK_HYPOXIA,JUN,1.0,MSigDB_Hallmark_via_decoupler,JUN,True
HALLMARK_EPITHELIAL_MESENCHYMAL_TRANSITION,JUN,1.0,MSigDB_Hallmark_via_decoupler,JUN,True
HALLMARK_HYPOXIA,IL6,1.0,MSigDB_Hallmark_via_decoupler,IL6,True
HALLMARK_EPITHELIAL_MESENCHYMAL_TRANSITION,IL6,1.0,MSigDB_Hallmark_via_decoupler,IL6,True
HALLMARK_HYPOXIA,IRS2,1.0,MSigDB_Hallmark_via_decoupler,IRS2,True
HALLMARK_GLYCOLYSIS,IRS2,1.0,MSigDB_Hallmark_via_decoupler,IRS2,True
HALLMARK_EPITHELIAL_MESENCHYMAL_TRANSITION,AREG,1.0,MSigDB_Hallmark_via_decoupler,AREG,True
HALLMARK_HYPOXIA,TIPARP,1.0,MSigDB_Hallmark_via_decoupler,TIPARP,True
HALLMARK_EPITHELIAL_MESENCHYMAL_TRANSITION,GADD45B,1.0,MSigDB_Hallmark_via_decoupler,GADD45B,True
HALLMARK_HEME_METABOLISM,BTG2,1.0,MSigDB_Hallmark_via_decoupler,BTG2,True
HALLMARK_HYPOXIA,CAVIN1,1.0,MSigDB_Hallmark_via_decoupler,CAVIN1,True
HALLMARK_HYPOXIA,ZNF292,1.0,MSigDB_Hallmark_via_decoupler,ZNF292,True
HALLMARK_GLYCOLYSIS,ZNF292,1.0,MSigDB_Hallmark_via_decoupler,ZNF292,True
HALLMARK_HYPOXIA,CA12,1.0,MSigDB_Hallmark_via_decoupler,CA12,True
HALLMARK_HYPOXIA,RBPJ,1.0,MSigDB_Hallmark_via_decoupler,RBPJ,True
HALLMARK_HYPOXIA,BRS3,1.0,MSigDB_Hallmark_via_decoupler,,False
HALLMARK_HYPOXIA,ETS1,1.0,MSigDB_Hallmark_via_decoupler,ETS1,True
HALLMARK_HYPOXIA,LALBA,1.0,MSigDB_Hallmark_via_decoupler,,False
HALLMARK_HYPOXIA,HK2,1.0,MSigDB_Hallmark_via_decoupler,HK2,True
HALLMARK_GLYCOLYSIS,HK2,1.0,MSigDB_Hallmark_via_decoupler,HK2,True
HALLMARK_HYPOXIA,GPC4,1.0,MSigDB_Hallmark_via_decoupler,GPC4,True
HALLMARK_GLYCOLYSIS,GPC4,1.0,MSigDB_Hallmark_via_decoupler,GPC4,True
HALLMARK_HYPOXIA,PGK1,1.0,MSigDB_Hallmark_via_decoupler,PGK1,True
HALLMARK_GLYCOLYSIS,PGK1,1.0,MSigDB_Hallmark_via_decoupler,PGK1,True
HALLMARK_HYPOXIA,FBP1,1.0,MSigDB_Hallmark_via_decoupler,FBP1,True
HALLMARK_HYPOXIA,P4HA1,1.0,MSigDB_Hallmark_via_decoupler,P4HA1,True
HALLMARK_GLYCOLYSIS,P4HA1,1.0,MSigDB_Hallmark_via_decoupler,P4HA1,True
HALLMARK_HYPOXIA,HS3ST1,1.0,MSigDB_Hallmark_via_decoupler,HS3ST1,True
HALLMARK_HYPOXIA,TGFBI,1.0,MSigDB_Hallmark_via_decoupler,TGFBI,True
HALLMARK_GLYCOLYSIS,TGFBI,1.0,MSigDB_Hallmark_via_decoupler,TGFBI,True
HALLMARK_EPITHELIAL_MESENCHYMAL_TRANSITION,TGFBI,1.0,MSigDB_Hallmark_via_decoupler,TGFBI,True
HALLMARK_HEME_METABOLISM,P4HA2,1.0,MSigDB_Hallmark_via_decoupler,P4HA2,True
HALLMARK_HYPOXIA,P4HA2,1.0,MSigDB_Hallmark_via_decoupler,P4HA2,True
HALLMARK_GLYCOLYSIS,P4HA2,1.0,MSigDB_Hallmark_via_decoupler,P4HA2,True
HALLMARK_HYPOXIA,GALK1,1.0,MSigDB_Hallmark_via_decoupler,GALK1,True
HALLMARK_GLYCOLYSIS,GALK1,1.0,MSigDB_Hallmark_via_decoupler,GALK1,True
HALLMARK_HYPOXIA,TES,1.0,MSigDB_Hallmark_via_decoupler,TES,True
HALLMARK_HEME_METABOLISM,BNIP3L,1.0,MSigDB_Hallmark_via_decoupler,BNIP3L,True
HALLMARK_HYPOXIA,BNIP3L,1.0,MSigDB_Hallmark_via_decoupler,BNIP3L,True
HALLMARK_HYPOXIA,SLC37A4,1.0,MSigDB_Hallmark_via_decoupler,SLC37A4,True
HALLMARK_GLYCOLYSIS,SLC37A4,1.0,MSigDB_Hallmark_via_decoupler,SLC37A4,True
HALLMARK_HYPOXIA,ENO1,1.0,MSigDB_Hallmark_via_decoupler,ENO1,True
HALLMARK_GLYCOLYSIS,ENO1,1.0,MSigDB_Hallmark_via_decoupler,ENO1,True
HALLMARK_HYPOXIA,PYGM,1.0,MSigDB_Hallmark_via_decoupler,PYGM,True
HALLMARK_HEME_METABOLISM,FOXO3,1.0,MSigDB_Hallmark_via_decoupler,FOXO3,True
HALLMARK_HYPOXIA,FOXO3,1.0,MSigDB_Hallmark_via_decoupler,FOXO3,True
HALLMARK_HEME_METABOLISM,SLC2A1,1.0,MSigDB_Hallmark_via_decoupler,SLC2A1,True
HALLMARK_HYPOXIA,SLC2A1,1.0,MSigDB_Hallmark_via_decoupler,SLC2A1,True
HALLMARK_HYPOXIA,EGFR,1.0,MSigDB_Hallmark_via_decoupler,EGFR,True
HALLMARK_GLYCOLYSIS,EGFR,1.0,MSigDB_Hallmark_via_decoupler,EGFR,True
HALLMARK_HYPOXIA,CP,1.0,MSigDB_Hallmark_via_decoupler,CP,True
HALLMARK_HYPOXIA,GAPDHS,1.0,MSigDB_Hallmark_via_decoupler,,False
HALLMARK_GLYCOLYSIS,GAPDHS,1.0,MSigDB_Hallmark_via_decoupler,,False
HALLMARK_HYPOXIA,STC1,1.0,MSigDB_Hallmark_via_decoupler,STC1,True
HALLMARK_GLYCOLYSIS,STC1,1.0,MSigDB_Hallmark_via_decoupler,STC1,True
HALLMARK_HYPOXIA,PKP1,1.0,MSigDB_Hallmark_via_decoupler,PKP1,True
HALLMARK_HYPOXIA,EXT1,1.0,MSigDB_Hallmark_via_decoupler,EXT1,True
HALLMARK_GLYCOLYSIS,EXT1,1.0,MSigDB_Hallmark_via_decoupler,EXT1,True
HALLMARK_HYPOXIA,TPST2,1.0,MSigDB_Hallmark_via_decoupler,TPST2,True
HALLMARK_HYPOXIA,PIM1,1.0,MSigDB_Hallmark_via_decoupler,PIM1,True
HALLMARK_HYPOXIA,NDST2,1.0,MSigDB_Hallmark_via_decoupler,NDST2,True
HALLMARK_HYPOXIA,WSB1,1.0,MSigDB_Hallmark_via_decoupler,WSB1,True
HALLMARK_HYPOXIA,CHST3,1.0,MSigDB_Hallmark_via_decoupler,CHST3,True
HALLMARK_HYPOXIA,DDIT3,1.0,MSigDB_Hallmark_via_decoupler,DDIT3,True
HALLMARK_HYPOXIA,SDC3,1.0,MSigDB_Hallmark_via_decoupler,SDC3,True
HALLMARK_GLYCOLYSIS,SDC3,1.0,MSigDB_Hallmark_via_decoupler,SDC3,True
HALLMARK_HYPOXIA,ANXA2,1.0,MSigDB_Hallmark_via_decoupler,ANXA2,True
HALLMARK_HYPOXIA,ALDOB,1.0,MSigDB_Hallmark_via_decoupler,ALDOB,True
HALLMARK_GLYCOLYSIS,ALDOB,1.0,MSigDB_Hallmark_via_decoupler,ALDOB,True
HALLMARK_HYPOXIA,BCAN,1.0,MSigDB_Hallmark_via_decoupler,BCAN,True
HALLMARK_OXIDATIVE_PHOSPHORYLATION,LDHA,1.0,MSigDB_Hallmark_via_decoupler,LDHA,True
HALLMARK_HYPOXIA,LDHA,1.0,MSigDB_Hallmark_via_decoupler,LDHA,True
HALLMARK_GLYCOLYSIS,LDHA,1.0,MSigDB_Hallmark_via_decoupler,LDHA,True
HALLMARK_HYPOXIA,RRAGD,1.0,MSigDB_Hallmark_via_decoupler,RRAGD,True
HALLMARK_GLYCOLYSIS,RRAGD,1.0,MSigDB_Hallmark_via_decoupler,RRAGD,True
HALLMARK_HYPOXIA,RORA,1.0,MSigDB_Hallmark_via_decoupler,RORA,True
HALLMARK_HYPOXIA,SDC2,1.0,MSigDB_Hallmark_via_decoupler,SDC2,True
HALLMARK_GLYCOLYSIS,SDC2,1.0,MSigDB_Hallmark_via_decoupler,SDC2,True
HALLMARK_HYPOXIA,SLC2A5,1.0,MSigDB_Hallmark_via_decoupler,SLC2A5,True
HALLMARK_HYPOXIA,HSPA5,1.0,MSigDB_Hallmark_via_decoupler,HSPA5,True
HALLMARK_GLYCOLYSIS,HSPA5,1.0,MSigDB_Hallmark_via_decoupler,HSPA5,True
HALLMARK_HYPOXIA,SCARB1,1.0,MSigDB_Hallmark_via_decoupler,SCARB1,True
HALLMARK_HYPOXIA,B3GALT6,1.0,MSigDB_Hallmark_via_decoupler,B3GALT6,True
HALLMARK_GLYCOLYSIS,B3GALT6,1.0,MSigDB_Hallmark_via_decoupler,B3GALT6,True
HALLMARK_HYPOXIA,GBE1,1.0,MSigDB_Hallmark_via_decoupler,GBE1,True
HALLMARK_HYPOXIA,PPFIA4,1.0,MSigDB_Hallmark_via_decoupler,PPFIA4,True
HALLMARK_GLYCOLYSIS,PPFIA4,1.0,MSigDB_Hallmark_via_decoupler,PPFIA4,True
HALLMARK_HYPOXIA,SLC6A6,1.0,MSigDB_Hallmark_via_decoupler,SLC6A6,True
HALLMARK_HYPOXIA,MAP3K1,1.0,MSigDB_Hallmark_via_decoupler,MAP3K1,True
HALLMARK_HYPOXIA,DCN,1.0,MSigDB_Hallmark_via_decoupler,DCN,True
HALLMARK_GLYCOLYSIS,DCN,1.0,MSigDB_Hallmark_via_decoupler,DCN,True
HALLMARK_EPITHELIAL_MESENCHYMAL_TRANSITION,DCN,1.0,MSigDB_Hallmark_via_decoupler,DCN,True
HALLMARK_HYPOXIA,ISG20,1.0,MSigDB_Hallmark_via_decoupler,ISG20,True
HALLMARK_GLYCOLYSIS,ISG20,1.0,MSigDB_Hallmark_via_decoupler,ISG20,True
HALLMARK_HYPOXIA,KLF7,1.0,MSigDB_Hallmark_via_decoupler,KLF7,True
HALLMARK_HYPOXIA,GAPDH,1.0,MSigDB_Hallmark_via_decoupler,GAPDH,True
HALLMARK_HYPOXIA,SLC25A1,1.0,MSigDB_Hallmark_via_decoupler,SLC25A1,True
HALLMARK_HYPOXIA,NOCT,1.0,MSigDB_Hallmark_via_decoupler,NOCT,True
HALLMARK_HYPOXIA,PFKL,1.0,MSigDB_Hallmark_via_decoupler,PFKL,True
HALLMARK_HYPOXIA,IDS,1.0,MSigDB_Hallmark_via_decoupler,IDS,True
HALLMARK_HEME_METABOLISM,NR3C1,1.0,MSigDB_Hallmark_via_decoupler,NR3C1,True
HALLMARK_HYPOXIA,NR3C1,1.0,MSigDB_Hallmark_via_decoupler,NR3C1,True
HALLMARK_HYPOXIA,ANGPTL4,1.0,MSigDB_Hallmark_via_decoupler,ANGPTL4,True
HALLMARK_GLYCOLYSIS,ANGPTL4,1.0,MSigDB_Hallmark_via_decoupler,ANGPTL4,True
HALLMARK_HYPOXIA,B4GALNT2,1.0,MSigDB_Hallmark_via_decoupler,B4GALNT2,True
HALLMARK_HYPOXIA,GRHPR,1.0,MSigDB_Hallmark_via_decoupler,GRHPR,True
HALLMARK_HYPOXIA,ALDOA,1.0,MSigDB_Hallmark_via_decoupler,ALDOA,True
HALLMARK_GLYCOLYSIS,ALDOA,1.0,MSigDB_Hallmark_via_decoupler,ALDOA,True
HALLMARK_HYPOXIA,SRPX,1.0,MSigDB_Hallmark_via_decoupler,SRPX,True
HALLMARK_HYPOXIA,TGM2,1.0,MSigDB_Hallmark_via_decoupler,TGM2,True
HALLMARK_EPITHELIAL_MESENCHYMAL_TRANSITION,TGM2,1.0,MSigDB_Hallmark_via_decoupler,TGM2,True
HALLMARK_HYPOXIA,DTNA,1.0,MSigDB_Hallmark_via_decoupler,DTNA,True
HALLMARK_HYPOXIA,PLIN2,1.0,MSigDB_Hallmark_via_decoupler,PLIN2,True
HALLMARK_HYPOXIA,CXCR4,1.0,MSigDB_Hallmark_via_decoupler,CXCR4,True
HALLMARK_GLYCOLYSIS,CXCR4,1.0,MSigDB_Hallmark_via_decoupler,CXCR4,True
HALLMARK_HYPOXIA,MYH9,1.0,MSigDB_Hallmark_via_decoupler,MYH9,True
HALLMARK_HYPOXIA,MT1E,1.0,MSigDB_Hallmark_via_decoupler,MT1E,True
HALLMARK_HYPOXIA,CASP6,1.0,MSigDB_Hallmark_via_decoupler,CASP6,True
HALLMARK_GLYCOLYSIS,CASP6,1.0,MSigDB_Hallmark_via_decoupler,CASP6,True
HALLMARK_HYPOXIA,HK1,1.0,MSigDB_Hallmark_via_decoupler,HK1,True
HALLMARK_REACTIVE_OXYGEN_SPECIES_PATHWAY,PFKP,1.0,MSigDB_Hallmark_via_decoupler,PFKP,True
HALLMARK_HYPOXIA,PFKP,1.0,MSigDB_Hallmark_via_decoupler,PFKP,True
HALLMARK_GLYCOLYSIS,PFKP,1.0,MSigDB_Hallmark_via_decoupler,PFKP,True
HALLMARK_HYPOXIA,ATP7A,1.0,MSigDB_Hallmark_via_decoupler,ATP7A,True
HALLMARK_HYPOXIA,TKTL1,1.0,MSigDB_Hallmark_via_decoupler,TKTL1,True
HALLMARK_GLYCOLYSIS,TKTL1,1.0,MSigDB_Hallmark_via_decoupler,TKTL1,True
HALLMARK_HYPOXIA,HEXA,1.0,MSigDB_Hallmark_via_decoupler,HEXA,True
HALLMARK_REACTIVE_OXYGEN_SPECIES_PATHWAY,GLRX,1.0,MSigDB_Hallmark_via_decoupler,GLRX,True
HALLMARK_HYPOXIA,GLRX,1.0,MSigDB_Hallmark_via_decoupler,GLRX,True
HALLMARK_GLYCOLYSIS,GLRX,1.0,MSigDB_Hallmark_via_decoupler,GLRX,True
HALLMARK_HYPOXIA,PDGFB,1.0,MSigDB_Hallmark_via_decoupler,PDGFB,True
HALLMARK_HYPOXIA,PGAM2,1.0,MSigDB_Hallmark_via_decoupler,PGAM2,True
HALLMARK_GLYCOLYSIS,PGAM2,1.0,MSigDB_Hallmark_via_decoupler,PGAM2,True
HALLMARK_HYPOXIA,PGF,1.0,MSigDB_Hallmark_via_decoupler,PGF,True
HALLMARK_HYPOXIA,TMEM45A,1.0,MSigDB_Hallmark_via_decoupler,TMEM45A,True
HALLMARK_HYPOXIA,CSRP2,1.0,MSigDB_Hallmark_via_decoupler,CSRP2,True
HALLMARK_HEME_METABOLISM,MXI1,1.0,MSigDB_Hallmark_via_decoupler,MXI1,True
HALLMARK_HYPOXIA,MXI1,1.0,MSigDB_Hallmark_via_decoupler,MXI1,True
HALLMARK_GLYCOLYSIS,MXI1,1.0,MSigDB_Hallmark_via_decoupler,MXI1,True
HALLMARK_HYPOXIA,SULT2B1,1.0,MSigDB_Hallmark_via_decoupler,SULT2B1,True
HALLMARK_HYPOXIA,PDK3,1.0,MSigDB_Hallmark_via_decoupler,PDK3,True
HALLMARK_GLYCOLYSIS,PDK3,1.0,MSigDB_Hallmark_via_decoupler,PDK3,True
HALLMARK_HYPOXIA,LXN,1.0,MSigDB_Hallmark_via_decoupler,LXN,True
HALLMARK_HYPOXIA,JMJD6,1.0,MSigDB_Hallmark_via_decoupler,JMJD6,True
HALLMARK_HYPOXIA,PCK1,1.0,MSigDB_Hallmark_via_decoupler,PCK1,True
HALLMARK_HYPOXIA,AKAP12,1.0,MSigDB_Hallmark_via_decoupler,AKAP12,True
HALLMARK_HYPOXIA,BGN,1.0,MSigDB_Hallmark_via_decoupler,BGN,True
HALLMARK_EPITHELIAL_MESENCHYMAL_TRANSITION,BGN,1.0,MSigDB_Hallmark_via_decoupler,BGN,True
HALLMARK_HYPOXIA,GAA,1.0,MSigDB_Hallmark_via_decoupler,GAA,True
HALLMARK_HYPOXIA,MT2A,1.0,MSigDB_Hallmark_via_decoupler,MT2A,True
HALLMARK_HYPOXIA,VHL,1.0,MSigDB_Hallmark_via_decoupler,VHL,True
HALLMARK_HYPOXIA,NCAN,1.0,MSigDB_Hallmark_via_decoupler,,False
HALLMARK_HYPOXIA,ERRFI1,1.0,MSigDB_Hallmark_via_decoupler,ERRFI1,True
HALLMARK_HYPOXIA,SIAH2,1.0,MSigDB_Hallmark_via_decoupler,SIAH2,True
HALLMARK_HYPOXIA,HDLBP,1.0,MSigDB_Hallmark_via_decoupler,HDLBP,True
HALLMARK_GLYCOLYSIS,HDLBP,1.0,MSigDB_Hallmark_via_decoupler,HDLBP,True
HALLMARK_HYPOXIA,KIF5A,1.0,MSigDB_Hallmark_via_decoupler,KIF5A,True
HALLMARK_HYPOXIA,PLAC8,1.0,MSigDB_Hallmark_via_decoupler,PLAC8,True
HALLMARK_HYPOXIA,CDKN1C,1.0,MSigDB_Hallmark_via_decoupler,CDKN1C,True
HALLMARK_HYPOXIA,CCN5,1.0,MSigDB_Hallmark_via_decoupler,CCN5,True
HALLMARK_HYPOXIA,AMPD3,1.0,MSigDB_Hallmark_via_decoupler,AMPD3,True
HALLMARK_HYPOXIA,CAVIN3,1.0,MSigDB_Hallmark_via_decoupler,CAVIN3,True
HALLMARK_HYPOXIA,ENO3,1.0,MSigDB_Hallmark_via_decoupler,ENO3,True
HALLMARK_HYPOXIA,STBD1,1.0,MSigDB_Hallmark_via_decoupler,STBD1,True
HALLMARK_OXIDATIVE_PHOSPHORYLATION,GPI,1.0,MSigDB_Hallmark_via_decoupler,GPI,True
HALLMARK_HYPOXIA,GPI,1.0,MSigDB_Hallmark_via_decoupler,GPI,True
HALLMARK_HYPOXIA,GPC3,1.0,MSigDB_Hallmark_via_decoupler,GPC3,True
HALLMARK_GLYCOLYSIS,GPC3,1.0,MSigDB_Hallmark_via_decoupler,GPC3,True
HALLMARK_HYPOXIA,TPBG,1.0,MSigDB_Hallmark_via_decoupler,TPBG,True
HALLMARK_GLYCOLYSIS,TPBG,1.0,MSigDB_Hallmark_via_decoupler,TPBG,True
HALLMARK_HYPOXIA,S100A4,1.0,MSigDB_Hallmark_via_decoupler,S100A4,True
HALLMARK_HYPOXIA,AK4,1.0,MSigDB_Hallmark_via_decoupler,AK4,True
HALLMARK_GLYCOLYSIS,AK4,1.0,MSigDB_Hallmark_via_decoupler,AK4,True
HALLMARK_HYPOXIA,PRDX5,1.0,MSigDB_Hallmark_via_decoupler,PRDX5,True
HALLMARK_HYPOXIA,KDM3A,1.0,MSigDB_Hallmark_via_decoupler,KDM3A,True
HALLMARK_HYPOXIA,LOX,1.0,MSigDB_Hallmark_via_decoupler,LOX,True
HALLMARK_EPITHELIAL_MESENCHYMAL_TRANSITION,LOX,1.0,MSigDB_Hallmark_via_decoupler,LOX,True
HALLMARK_HYPOXIA,MIF,1.0,MSigDB_Hallmark_via_decoupler,MIF,True
HALLMARK_GLYCOLYSIS,MIF,1.0,MSigDB_Hallmark_via_decoupler,MIF,True
HALLMARK_HYPOXIA,ENO2,1.0,MSigDB_Hallmark_via_decoupler,ENO2,True
HALLMARK_GLYCOLYSIS,ENO2,1.0,MSigDB_Hallmark_via_decoupler,ENO2,True
HALLMARK_EPITHELIAL_MESENCHYMAL_TRANSITION,ENO2,1.0,MSigDB_Hallmark_via_decoupler,ENO2,True
HALLMARK_HYPOXIA,CHST2,1.0,MSigDB_Hallmark_via_decoupler,CHST2,True
HALLMARK_GLYCOLYSIS,CHST2,1.0,MSigDB_Hallmark_via_decoupler,CHST2,True
HALLMARK_HYPOXIA,PAM,1.0,MSigDB_Hallmark_via_decoupler,PAM,True
HALLMARK_GLYCOLYSIS,PAM,1.0,MSigDB_Hallmark_via_decoupler,PAM,True
HALLMARK_HYPOXIA,NEDD4L,1.0,MSigDB_Hallmark_via_decoupler,NEDD4L,True
HALLMARK_HYPOXIA,GCK,1.0,MSigDB_Hallmark_via_decoupler,,False
HALLMARK_HYPOXIA,ANKZF1,1.0,MSigDB_Hallmark_via_decoupler,ANKZF1,True
HALLMARK_GLYCOLYSIS,ANKZF1,1.0,MSigDB_Hallmark_via_decoupler,ANKZF1,True
HALLMARK_HYPOXIA,PDK1,1.0,MSigDB_Hallmark_via_decoupler,PDK1,True
HALLMARK_HYPOXIA,KDELR3,1.0,MSigDB_Hallmark_via_decoupler,KDELR3,True
HALLMARK_GLYCOLYSIS,KDELR3,1.0,MSigDB_Hallmark_via_decoupler,KDELR3,True
HALLMARK_HYPOXIA,BCL2,1.0,MSigDB_Hallmark_via_decoupler,BCL2,True
HALLMARK_HYPOXIA,TPD52,1.0,MSigDB_Hallmark_via_decoupler,TPD52,True
HALLMARK_HYPOXIA,PPP1R3C,1.0,MSigDB_Hallmark_via_decoupler,PPP1R3C,True
HALLMARK_HYPOXIA,CDKN1B,1.0,MSigDB_Hallmark_via_decoupler,CDKN1B,True
HALLMARK_HYPOXIA,PGM1,1.0,MSigDB_Hallmark_via_decoupler,PGM1,True
HALLMARK_GLYCOLYSIS,LDHC,1.0,MSigDB_Hallmark_via_decoupler,LDHC,True
HALLMARK_HYPOXIA,LDHC,1.0,MSigDB_Hallmark_via_decoupler,LDHC,True
HALLMARK_HYPOXIA,UGP2,1.0,MSigDB_Hallmark_via_decoupler,UGP2,True
HALLMARK_GLYCOLYSIS,UGP2,1.0,MSigDB_Hallmark_via_decoupler,UGP2,True
HALLMARK_HYPOXIA,PRKCA,1.0,MSigDB_Hallmark_via_decoupler,PRKCA,True
HALLMARK_HYPOXIA,PPARGC1A,1.0,MSigDB_Hallmark_via_decoupler,PPARGC1A,True
HALLMARK_HYPOXIA,SAP30,1.0,MSigDB_Hallmark_via_decoupler,SAP30,True
HALLMARK_GLYCOLYSIS,SAP30,1.0,MSigDB_Hallmark_via_decoupler,SAP30,True
HALLMARK_HYPOXIA,PGM2,1.0,MSigDB_Hallmark_via_decoupler,PGM2,True
HALLMARK_GLYCOLYSIS,PGM2,1.0,MSigDB_Hallmark_via_decoupler,PGM2,True
HALLMARK_HYPOXIA,DDIT4,1.0,MSigDB_Hallmark_via_decoupler,DDIT4,True
HALLMARK_GLYCOLYSIS,DDIT4,1.0,MSigDB_Hallmark_via_decoupler,DDIT4,True
HALLMARK_HYPOXIA,CITED2,1.0,MSigDB_Hallmark_via_decoupler,CITED2,True
HALLMARK_GLYCOLYSIS,CITED2,1.0,MSigDB_Hallmark_via_decoupler,CITED2,True
HALLMARK_HYPOXIA,FAM162A,1.0,MSigDB_Hallmark_via_decoupler,FAM162A,True
HALLMARK_GLYCOLYSIS,FAM162A,1.0,MSigDB_Hallmark_via_decoupler,FAM162A,True
HALLMARK_HYPOXIA,TGFB3,1.0,MSigDB_Hallmark_via_decoupler,TGFB3,True
HALLMARK_HYPOXIA,ALDOC,1.0,MSigDB_Hallmark_via_decoupler,ALDOC,True
HALLMARK_HYPOXIA,SELENBP1,1.0,MSigDB_Hallmark_via_decoupler,SELENBP1,True
HALLMARK_HEME_METABOLISM,SELENBP1,1.0,MSigDB_Hallmark_via_decoupler,SELENBP1,True
HALLMARK_HYPOXIA,ERO1A,1.0,MSigDB_Hallmark_via_decoupler,ERO1A,True
HALLMARK_GLYCOLYSIS,ERO1A,1.0,MSigDB_Hallmark_via_decoupler,ERO1A,True
HALLMARK_HYPOXIA,XPNPEP1,1.0,MSigDB_Hallmark_via_decoupler,XPNPEP1,True
HALLMARK_HYPOXIA,STC2,1.0,MSigDB_Hallmark_via_decoupler,STC2,True
HALLMARK_GLYCOLYSIS,STC2,1.0,MSigDB_Hallmark_via_decoupler,STC2,True
HALLMARK_HYPOXIA,LARGE1,1.0,MSigDB_Hallmark_via_decoupler,LARGE1,True
HALLMARK_HYPOXIA,NDRG1,1.0,MSigDB_Hallmark_via_decoupler,NDRG1,True
HALLMARK_HYPOXIA,VLDLR,1.0,MSigDB_Hallmark_via_decoupler,VLDLR,True
HALLMARK_GLYCOLYSIS,VLDLR,1.0,MSigDB_Hallmark_via_decoupler,VLDLR,True
HALLMARK_HYPOXIA,ILVBL,1.0,MSigDB_Hallmark_via_decoupler,ILVBL,True
HALLMARK_HYPOXIA,EFNA3,1.0,MSigDB_Hallmark_via_decoupler,EFNA3,True
HALLMARK_GLYCOLYSIS,EFNA3,1.0,MSigDB_Hallmark_via_decoupler,EFNA3,True
HALLMARK_HYPOXIA,HMOX1,1.0,MSigDB_Hallmark_via_decoupler,HMOX1,True
HALLMARK_HYPOXIA,PKLR,1.0,MSigDB_Hallmark_via_decoupler,,False
HALLMARK_HYPOXIA,CAV1,1.0,MSigDB_Hallmark_via_decoupler,CAV1,True
HALLMARK_HYPOXIA,ADM,1.0,MSigDB_Hallmark_via_decoupler,ADM,True
HALLMARK_HYPOXIA,HOXB9,1.0,MSigDB_Hallmark_via_decoupler,HOXB9,True
HALLMARK_GLYCOLYSIS,DPYSL4,1.0,MSigDB_Hallmark_via_decoupler,DPYSL4,True
HALLMARK_HYPOXIA,DPYSL4,1.0,MSigDB_Hallmark_via_decoupler,DPYSL4,True
HALLMARK_HYPOXIA,NDST1,1.0,MSigDB_Hallmark_via_decoupler,NDST1,True
HALLMARK_HYPOXIA,NAGK,1.0,MSigDB_Hallmark_via_decoupler,NAGK,True
HALLMARK_HYPOXIA,PHKG1,1.0,MSigDB_Hallmark_via_decoupler,PHKG1,True
HALLMARK_HYPOXIA,GYS1,1.0,MSigDB_Hallmark_via_decoupler,GYS1,True
HALLMARK_GLYCOLYSIS,GYS1,1.0,MSigDB_Hallmark_via_decoupler,GYS1,True
HALLMARK_HYPOXIA,GPC1,1.0,MSigDB_Hallmark_via_decoupler,GPC1,True
HALLMARK_GLYCOLYSIS,GPC1,1.0,MSigDB_Hallmark_via_decoupler,GPC1,True
HALLMARK_EPITHELIAL_MESENCHYMAL_TRANSITION,GPC1,1.0,MSigDB_Hallmark_via_decoupler,GPC1,True
HALLMARK_HYPOXIA,TPI1,1.0,MSigDB_Hallmark_via_decoupler,TPI1,True
HALLMARK_GLYCOLYSIS,TPI1,1.0,MSigDB_Hallmark_via_decoupler,TPI1,True
HALLMARK_HYPOXIA,CCNG2,1.0,MSigDB_Hallmark_via_decoupler,CCNG2,True
HALLMARK_HYPOXIA,ADORA2B,1.0,MSigDB_Hallmark_via_decoupler,ADORA2B,True
HALLMARK_GLYCOLYSIS,ADORA2B,1.0,MSigDB_Hallmark_via_decoupler,ADORA2B,True
HALLMARK_HYPOXIA,CCN2,1.0,MSigDB_Hallmark_via_decoupler,CCN2,True
HALLMARK_EPITHELIAL_MESENCHYMAL_TRANSITION,CCN2,1.0,MSigDB_Hallmark_via_decoupler,CCN2,True
HALLMARK_HYPOXIA,KLHL24,1.0,MSigDB_Hallmark_via_decoupler,KLHL24,True
HALLMARK_HYPOXIA,COL5A1,1.0,MSigDB_Hallmark_via_decoupler,COL5A1,True
HALLMARK_EPITHELIAL_MESENCHYMAL_TRANSITION,COL5A1,1.0,MSigDB_Hallmark_via_decoupler,COL5A1,True
HALLMARK_GLYCOLYSIS,COL5A1,1.0,MSigDB_Hallmark_via_decoupler,COL5A1,True
HALLMARK_HYPOXIA,IGFBP1,1.0,MSigDB_Hallmark_via_decoupler,IGFBP1,True
HALLMARK_HYPOXIA,IGFBP3,1.0,MSigDB_Hallmark_via_decoupler,IGFBP3,True
HALLMARK_GLYCOLYSIS,IGFBP3,1.0,MSigDB_Hallmark_via_decoupler,IGFBP3,True
HALLMARK_EPITHELIAL_MESENCHYMAL_TRANSITION,IGFBP3,1.0,MSigDB_Hallmark_via_decoupler,IGFBP3,True
HALLMARK_HYPOXIA,HAS1,1.0,MSigDB_Hallmark_via_decoupler,HAS1,True
HALLMARK_HYPOXIA,INHA,1.0,MSigDB_Hallmark_via_decoupler,INHA,True
HALLMARK_HYPOXIA,EDN2,1.0,MSigDB_Hallmark_via_decoupler,EDN2,True
HALLMARK_HYPOXIA,GCNT2,1.0,MSigDB_Hallmark_via_decoupler,GCNT2,True
HALLMARK_GLYCOLYSIS,NSDHL,1.0,MSigDB_Hallmark_via_decoupler,NSDHL,True
HALLMARK_EPITHELIAL_MESENCHYMAL_TRANSITION,TNFRSF12A,1.0,MSigDB_Hallmark_via_decoupler,TNFRSF12A,True
HALLMARK_OXIDATIVE_PHOSPHORYLATION,ECH1,1.0,MSigDB_Hallmark_via_decoupler,ECH1,True
HALLMARK_GLYCOLYSIS,GUSB,1.0,MSigDB_Hallmark_via_decoupler,GUSB,True
HALLMARK_GLYCOLYSIS,AURKA,1.0,MSigDB_Hallmark_via_decoupler,AURKA,True
HALLMARK_OXIDATIVE_PHOSPHORYLATION,LRPPRC,1.0,MSigDB_Hallmark_via_decoupler,LRPPRC,True
HALLMARK_EPITHELIAL_MESENCHYMAL_TRANSITION,DST,1.0,MSigDB_Hallmark_via_decoupler,DST,True
HALLMARK_EPITHELIAL_MESENCHYMAL_TRANSITION,FLNA,1.0,MSigDB_Hallmark_via_decoupler,FLNA,True
HALLMARK_EPITHELIAL_MESENCHYMAL_TRANSITION,NOTCH2,1.0,MSigDB_Hallmark_via_decoupler,NOTCH2,True
HALLMARK_GLYCOLYSIS,CDK1,1.0,MSigDB_Hallmark_via_decoupler,CDK1,True
HALLMARK_HEME_METABOLISM,CDC27,1.0,MSigDB_Hallmark_via_decoupler,CDC27,True
HALLMARK_OXIDATIVE_PHOSPHORYLATION,RHOT2,1.0,MSigDB_Hallmark_via_decoupler,RHOT2,True
HALLMARK_HEME_METABOLISM,ARHGEF12,1.0,MSigDB_Hallmark_via_decoupler,ARHGEF12,True
HALLMARK_HEME_METABOLISM,EPB41,1.0,MSigDB_Hallmark_via_decoupler,EPB41,True
HALLMARK_EPITHELIAL_MESENCHYMAL_TRANSITION,FZD8,1.0,MSigDB_Hallmark_via_decoupler,FZD8,True
HALLMARK_EPITHELIAL_MESENCHYMAL_TRANSITION,DKK1,1.0,MSigDB_Hallmark_via_decoupler,DKK1,True
HALLMARK_EPITHELIAL_MESENCHYMAL_TRANSITION,TGFB1,1.0,MSigDB_Hallmark_via_decoupler,TGFB1,True
HALLMARK_EPITHELIAL_MESENCHYMAL_TRANSITION,THBS1,1.0,MSigDB_Hallmark_via_decoupler,THBS1,True
HALLMARK_EPITHELIAL_MESENCHYMAL_TRANSITION,FAS,1.0,MSigDB_Hallmark_via_decoupler,FAS,True
HALLMARK_GLYCOLYSIS,HAX1,1.0,MSigDB_Hallmark_via_decoupler,HAX1,True
HALLMARK_GLYCOLYSIS,IL13RA1,1.0,MSigDB_Hallmark_via_decoupler,IL13RA1,True
HALLMARK_EPITHELIAL_MESENCHYMAL_TRANSITION,ITGB3,1.0,MSigDB_Hallmark_via_decoupler,ITGB3,True
HALLMARK_OXIDATIVE_PHOSPHORYLATION,COX17,1.0,MSigDB_Hallmark_via_decoupler,COX17,True
HALLMARK_OXIDATIVE_PHOSPHORYLATION,POLR2F,1.0,MSigDB_Hallmark_via_decoupler,POLR2F,True
HALLMARK_OXIDATIVE_PHOSPHORYLATION,SURF1,1.0,MSigDB_Hallmark_via_decoupler,SURF1,True
HALLMARK_GLYCOLYSIS,AK3,1.0,MSigDB_Hallmark_via_decoupler,AK3,True
HALLMARK_REACTIVE_OXYGEN_SPECIES_PATHWAY,ERCC2,1.0,MSigDB_Hallmark_via_decoupler,ERCC2,True
HALLMARK_HEME_METABOLISM,BCAM,1.0,MSigDB_Hallmark_via_decoupler,BCAM,True
HALLMARK_HEME_METABOLISM,SDCBP,1.0,MSigDB_Hallmark_via_decoupler,SDCBP,True
HALLMARK_REACTIVE_OXYGEN_SPECIES_PATHWAY,GPX4,1.0,MSigDB_Hallmark_via_decoupler,GPX4,True
HALLMARK_OXIDATIVE_PHOSPHORYLATION,GPX4,1.0,MSigDB_Hallmark_via_decoupler,GPX4,True
HALLMARK_HEME_METABOLISM,TOP1,1.0,MSigDB_Hallmark_via_decoupler,TOP1,True
HALLMARK_GLYCOLYSIS,NASP,1.0,MSigDB_Hallmark_via_decoupler,NASP,True
HALLMARK_GLYCOLYSIS,HMMR,1.0,MSigDB_Hallmark_via_decoupler,HMMR,True
HALLMARK_HEME_METABOLISM,E2F2,1.0,MSigDB_Hallmark_via_decoupler,E2F2,True
HALLMARK_GLYCOLYSIS,STMN1,1.0,MSigDB_Hallmark_via_decoupler,STMN1,True
HALLMARK_GLYCOLYSIS,CENPA,1.0,MSigDB_Hallmark_via_decoupler,CENPA,True
HALLMARK_REACTIVE_OXYGEN_SPECIES_PATHWAY,SOD1,1.0,MSigDB_Hallmark_via_decoupler,SOD1,True
HALLMARK_GLYCOLYSIS,SOD1,1.0,MSigDB_Hallmark_via_decoupler,SOD1,True
HALLMARK_GLYCOLYSIS,CTH,1.0,MSigDB_Hallmark_via_decoupler,CTH,True
HALLMARK_EPITHELIAL_MESENCHYMAL_TRANSITION,LUM,1.0,MSigDB_Hallmark_via_decoupler,LUM,True
HALLMARK_REACTIVE_OXYGEN_SPECIES_PATHWAY,GPX3,1.0,MSigDB_Hallmark_via_decoupler,GPX3,True
HALLMARK_EPITHELIAL_MESENCHYMAL_TRANSITION,TIMP1,1.0,MSigDB_Hallmark_via_decoupler,TIMP1,True
HALLMARK_OXIDATIVE_PHOSPHORYLATION,CASP7,1.0,MSigDB_Hallmark_via_decoupler,CASP7,True
HALLMARK_OXIDATIVE_PHOSPHORYLATION,RETSAT,1.0,MSigDB_Hallmark_via_decoupler,RETSAT,True
HALLMARK_GLYCOLYSIS,BIK,1.0,MSigDB_Hallmark_via_decoupler,BIK,True
HALLMARK_EPITHELIAL_MESENCHYMAL_TRANSITION,PDGFRB,1.0,MSigDB_Hallmark_via_decoupler,PDGFRB,True
HALLMARK_OXIDATIVE_PHOSPHORYLATION,VDAC2,1.0,MSigDB_Hallmark_via_decoupler,VDAC2,True
HALLMARK_REACTIVE_OXYGEN_SPECIES_PATHWAY,GSR,1.0,MSigDB_Hallmark_via_decoupler,GSR,True
HALLMARK_EPITHELIAL_MESENCHYMAL_TRANSITION,MMP2,1.0,MSigDB_Hallmark_via_decoupler,MMP2,True
HALLMARK_HEME_METABOLISM,H1-0,1.0,MSigDB_Hallmark_via_decoupler,,False
HALLMARK_EPITHELIAL_MESENCHYMAL_TRANSITION,TGFBR3,1.0,MSigDB_Hallmark_via_decoupler,TGFBR3,True
HALLMARK_HEME_METABOLISM,ADD1,1.0,MSigDB_Hallmark_via_decoupler,ADD1,True
HALLMARK_EPITHELIAL_MESENCHYMAL_TRANSITION,TIMP3,1.0,MSigDB_Hallmark_via_decoupler,TIMP3,True
HALLMARK_OXIDATIVE_PHOSPHORYLATION,BAX,1.0,MSigDB_Hallmark_via_decoupler,BAX,True
HALLMARK_HEME_METABOLISM,PPP2R5B,1.0,MSigDB_Hallmark_via_decoupler,PPP2R5B,True
HALLMARK_EPITHELIAL_MESENCHYMAL_TRANSITION,WNT5A,1.0,MSigDB_Hallmark_via_decoupler,WNT5A,True
HALLMARK_EPITHELIAL_MESENCHYMAL_TRANSITION,MYLK,1.0,MSigDB_Hallmark_via_decoupler,MYLK,True
HALLMARK_OXIDATIVE_PHOSPHORYLATION,IMMT,1.0,MSigDB_Hallmark_via_decoupler,IMMT,True
HALLMARK_HEME_METABOLISM,UCP2,1.0,MSigDB_Hallmark_via_decoupler,UCP2,True
HALLMARK_GLYCOLYSIS,SLC25A10,1.0,MSigDB_Hallmark_via_decoupler,SLC25A10,True
HALLMARK_OXIDATIVE_PHOSPHORYLATION,DECR1,1.0,MSigDB_Hallmark_via_decoupler,DECR1,True
HALLMARK_OXIDATIVE_PHOSPHORYLATION,UQCR10,1.0,MSigDB_Hallmark_via_decoupler,UQCR10,True
HALLMARK_OXIDATIVE_PHOSPHORYLATION,MGST3,1.0,MSigDB_Hallmark_via_decoupler,MGST3,True
HALLMARK_HEME_METABOLISM,MGST3,1.0,MSigDB_Hallmark_via_decoupler,MGST3,True
HALLMARK_EPITHELIAL_MESENCHYMAL_TRANSITION,COL4A1,1.0,MSigDB_Hallmark_via_decoupler,COL4A1,True
HALLMARK_HEME_METABOLISM,C3,1.0,MSigDB_Hallmark_via_decoupler,C3,True
HALLMARK_OXIDATIVE_PHOSPHORYLATION,SDHC,1.0,MSigDB_Hallmark_via_decoupler,SDHC,True
HALLMARK_GLYCOLYSIS,SDHC,1.0,MSigDB_Hallmark_via_decoupler,SDHC,True
HALLMARK_OXIDATIVE_PHOSPHORYLATION,COX6A1,1.0,MSigDB_Hallmark_via_decoupler,COX6A1,True
HALLMARK_OXIDATIVE_PHOSPHORYLATION,ETFB,1.0,MSigDB_Hallmark_via_decoupler,ETFB,True
HALLMARK_REACTIVE_OXYGEN_SPECIES_PATHWAY,CAT,1.0,MSigDB_Hallmark_via_decoupler,CAT,True
HALLMARK_HEME_METABOLISM,CAT,1.0,MSigDB_Hallmark_via_decoupler,CAT,True
HALLMARK_OXIDATIVE_PHOSPHORYLATION,AIFM1,1.0,MSigDB_Hallmark_via_decoupler,AIFM1,True
HALLMARK_OXIDATIVE_PHOSPHORYLATION,IDH1,1.0,MSigDB_Hallmark_via_decoupler,IDH1,True
HALLMARK_GLYCOLYSIS,IDH1,1.0,MSigDB_Hallmark_via_decoupler,IDH1,True
HALLMARK_OXIDATIVE_PHOSPHORYLATION,NDUFS3,1.0,MSigDB_Hallmark_via_decoupler,NDUFS3,True
HALLMARK_OXIDATIVE_PHOSPHORYLATION,ATP5PO,1.0,MSigDB_Hallmark_via_decoupler,ATP5PO,True
HALLMARK_OXIDATIVE_PHOSPHORYLATION,PRDX3,1.0,MSigDB_Hallmark_via_decoupler,PRDX3,True
HALLMARK_OXIDATIVE_PHOSPHORYLATION,COX8A,1.0,MSigDB_Hallmark_via_decoupler,COX8A,True
HALLMARK_HEME_METABOLISM,RIOK3,1.0,MSigDB_Hallmark_via_decoupler,RIOK3,True
HALLMARK_OXIDATIVE_PHOSPHORYLATION,UQCRC1,1.0,MSigDB_Hallmark_via_decoupler,UQCRC1,True
HALLMARK_OXIDATIVE_PHOSPHORYLATION,GRPEL1,1.0,MSigDB_Hallmark_via_decoupler,GRPEL1,True
HALLMARK_OXIDATIVE_PHOSPHORYLATION,NDUFB7,1.0,MSigDB_Hallmark_via_decoupler,NDUFB7,True
HALLMARK_OXIDATIVE_PHOSPHORYLATION,ACAA2,1.0,MSigDB_Hallmark_via_decoupler,ACAA2,True
HALLMARK_GLYCOLYSIS,ME1,1.0,MSigDB_Hallmark_via_decoupler,ME1,True
HALLMARK_OXIDATIVE_PHOSPHORYLATION,IDH3A,1.0,MSigDB_Hallmark_via_decoupler,IDH3A,True
HALLMARK_OXIDATIVE_PHOSPHORYLATION,ACO2,1.0,MSigDB_Hallmark_via_decoupler,ACO2,True
HALLMARK_OXIDATIVE_PHOSPHORYLATION,SDHB,1.0,MSigDB_Hallmark_via_decoupler,SDHB,True
HALLMARK_OXIDATIVE_PHOSPHORYLATION,SUCLG1,1.0,MSigDB_Hallmark_via_decoupler,SUCLG1,True
HALLMARK_OXIDATIVE_PHOSPHORYLATION,POR,1.0,MSigDB_Hallmark_via_decoupler,POR,True
HALLMARK_OXIDATIVE_PHOSPHORYLATION,UQCRQ,1.0,MSigDB_Hallmark_via_decoupler,UQCRQ,True
HALLMARK_OXIDATIVE_PHOSPHORYLATION,NDUFA5,1.0,MSigDB_Hallmark_via_decoupler,NDUFA5,True
HALLMARK_OXIDATIVE_PHOSPHORYLATION,CYC1,1.0,MSigDB_Hallmark_via_decoupler,CYC1,True
HALLMARK_OXIDATIVE_PHOSPHORYLATION,DLAT,1.0,MSigDB_Hallmark_via_decoupler,DLAT,True
HALLMARK_OXIDATIVE_PHOSPHORYLATION,MDH2,1.0,MSigDB_Hallmark_via_decoupler,MDH2,True
HALLMARK_GLYCOLYSIS,MDH2,1.0,MSigDB_Hallmark_via_decoupler,MDH2,True
HALLMARK_OXIDATIVE_PHOSPHORYLATION,CS,1.0,MSigDB_Hallmark_via_decoupler,CS,True
HALLMARK_OXIDATIVE_PHOSPHORYLATION,IDH3G,1.0,MSigDB_Hallmark_via_decoupler,IDH3G,True
HALLMARK_OXIDATIVE_PHOSPHORYLATION,ACADM,1.0,MSigDB_Hallmark_via_decoupler,ACADM,True
HALLMARK_OXIDATIVE_PHOSPHORYLATION,UQCR11,1.0,MSigDB_Hallmark_via_decoupler,UQCR11,True
HALLMARK_OXIDATIVE_PHOSPHORYLATION,BCKDHA,1.0,MSigDB_Hallmark_via_decoupler,BCKDHA,True
HALLMARK_OXIDATIVE_PHOSPHORYLATION,DLD,1.0,MSigDB_Hallmark_via_decoupler,DLD,True
HALLMARK_GLYCOLYSIS,DLD,1.0,MSigDB_Hallmark_via_decoupler,DLD,True
HALLMARK_OXIDATIVE_PHOSPHORYLATION,ECHS1,1.0,MSigDB_Hallmark_via_decoupler,ECHS1,True
HALLMARK_OXIDATIVE_PHOSPHORYLATION,PHYH,1.0,MSigDB_Hallmark_via_decoupler,PHYH,True
HALLMARK_OXIDATIVE_PHOSPHORYLATION,MRPL15,1.0,MSigDB_Hallmark_via_decoupler,MRPL15,True
HALLMARK_OXIDATIVE_PHOSPHORYLATION,COX7B,1.0,MSigDB_Hallmark_via_decoupler,COX7B,True
HALLMARK_OXIDATIVE_PHOSPHORYLATION,NDUFAB1,1.0,MSigDB_Hallmark_via_decoupler,NDUFAB1,True
HALLMARK_GLYCOLYSIS,TALDO1,1.0,MSigDB_Hallmark_via_decoupler,TALDO1,True
HALLMARK_GLYCOLYSIS,ELF3,1.0,MSigDB_Hallmark_via_decoupler,ELF3,True
HALLMARK_HEME_METABOLISM,ENDOD1,1.0,MSigDB_Hallmark_via_decoupler,ENDOD1,True
HALLMARK_EPITHELIAL_MESENCHYMAL_TRANSITION,GJA1,1.0,MSigDB_Hallmark_via_decoupler,GJA1,True
HALLMARK_GLYCOLYSIS,FKBP4,1.0,MSigDB_Hallmark_via_decoupler,FKBP4,True
HALLMARK_HEME_METABOLISM,BLVRB,1.0,MSigDB_Hallmark_via_decoupler,BLVRB,True
HALLMARK_EPITHELIAL_MESENCHYMAL_TRANSITION,IGFBP4,1.0,MSigDB_Hallmark_via_decoupler,IGFBP4,True
HALLMARK_GLYCOLYSIS,TFF3,1.0,MSigDB_Hallmark_via_decoupler,TFF3,True
HALLMARK_GLYCOLYSIS,MED24,1.0,MSigDB_Hallmark_via_decoupler,MED24,True
HALLMARK_EPITHELIAL_MESENCHYMAL_TRANSITION,CXCL12,1.0,MSigDB_Hallmark_via_decoupler,CXCL12,True
HALLMARK_HEME_METABOLISM,AQP3,1.0,MSigDB_Hallmark_via_decoupler,AQP3,True
HALLMARK_GLYCOLYSIS,KIF20A,1.0,MSigDB_Hallmark_via_decoupler,KIF20A,True
HALLMARK_GLYCOLYSIS,GFUS,1.0,MSigDB_Hallmark_via_decoupler,,False
HALLMARK_HEME_METABOLISM,CA2,1.0,MSigDB_Hallmark_via_decoupler,CA2,True
HALLMARK_OXIDATIVE_PHOSPHORYLATION,COX6C,1.0,MSigDB_Hallmark_via_decoupler,COX6C,True
HALLMARK_GLYCOLYSIS,GALE,1.0,MSigDB_Hallmark_via_decoupler,GALE,True
HALLMARK_EPITHELIAL_MESENCHYMAL_TRANSITION,LAMC2,1.0,MSigDB_Hallmark_via_decoupler,LAMC2,True
HALLMARK_EPITHELIAL_MESENCHYMAL_TRANSITION,TFPI2,1.0,MSigDB_Hallmark_via_decoupler,TFPI2,True
HALLMARK_OXIDATIVE_PHOSPHORYLATION,IDH2,1.0,MSigDB_Hallmark_via_decoupler,IDH2,True
HALLMARK_EPITHELIAL_MESENCHYMAL_TRANSITION,MEST,1.0,MSigDB_Hallmark_via_decoupler,MEST,True
HALLMARK_HEME_METABOLISM,ELL2,1.0,MSigDB_Hallmark_via_decoupler,ELL2,True
HALLMARK_GLYCOLYSIS,MERTK,1.0,MSigDB_Hallmark_via_decoupler,MERTK,True
HALLMARK_EPITHELIAL_MESENCHYMAL_TRANSITION,ITGAV,1.0,MSigDB_Hallmark_via_decoupler,ITGAV,True
HALLMARK_HEME_METABOLISM,CCND3,1.0,MSigDB_Hallmark_via_decoupler,CCND3,True
HALLMARK_HEME_METABOLISM,NCOA4,1.0,MSigDB_Hallmark_via_decoupler,NCOA4,True
HALLMARK_EPITHELIAL_MESENCHYMAL_TRANSITION,COL1A1,1.0,MSigDB_Hallmark_via_decoupler,COL1A1,True
HALLMARK_EPITHELIAL_MESENCHYMAL_TRANSITION,COL6A2,1.0,MSigDB_Hallmark_via_decoupler,COL6A2,True
HALLMARK_EPITHELIAL_MESENCHYMAL_TRANSITION,TPM2,1.0,MSigDB_Hallmark_via_decoupler,TPM2,True
HALLMARK_GLYCOLYSIS,CACNA1H,1.0,MSigDB_Hallmark_via_decoupler,CACNA1H,True
HALLMARK_REACTIVE_OXYGEN_SPECIES_PATHWAY,PRNP,1.0,MSigDB_Hallmark_via_decoupler,PRNP,True
HALLMARK_EPITHELIAL_MESENCHYMAL_TRANSITION,ITGB1,1.0,MSigDB_Hallmark_via_decoupler,ITGB1,True
HALLMARK_GLYCOLYSIS,AGRN,1.0,MSigDB_Hallmark_via_decoupler,AGRN,True
HALLMARK_EPITHELIAL_MESENCHYMAL_TRANSITION,SGCD,1.0,MSigDB_Hallmark_via_decoupler,SGCD,True
HALLMARK_HEME_METABOLISM,SLC6A8,1.0,MSigDB_Hallmark_via_decoupler,SLC6A8,True
HALLMARK_EPITHELIAL_MESENCHYMAL_TRANSITION,SLC6A8,1.0,MSigDB_Hallmark_via_decoupler,SLC6A8,True
HALLMARK_EPITHELIAL_MESENCHYMAL_TRANSITION,SGCG,1.0,MSigDB_Hallmark_via_decoupler,SGCG,True
HALLMARK_EPITHELIAL_MESENCHYMAL_TRANSITION,LAMA2,1.0,MSigDB_Hallmark_via_decoupler,LAMA2,True
HALLMARK_GLYCOLYSIS,AGL,1.0,MSigDB_Hallmark_via_decoupler,AGL,True
HALLMARK_EPITHELIAL_MESENCHYMAL_TRANSITION,ITGB5,1.0,MSigDB_Hallmark_via_decoupler,ITGB5,True
HALLMARK_EPITHELIAL_MESENCHYMAL_TRANSITION,ADAM12,1.0,MSigDB_Hallmark_via_decoupler,ADAM12,True
HALLMARK_EPITHELIAL_MESENCHYMAL_TRANSITION,COL3A1,1.0,MSigDB_Hallmark_via_decoupler,COL3A1,True
HALLMARK_EPITHELIAL_MESENCHYMAL_TRANSITION,TAGLN,1.0,MSigDB_Hallmark_via_decoupler,TAGLN,True
HALLMARK_EPITHELIAL_MESENCHYMAL_TRANSITION,COL6A3,1.0,MSigDB_Hallmark_via_decoupler,COL6A3,True
HALLMARK_REACTIVE_OXYGEN_SPECIES_PATHWAY,NQO1,1.0,MSigDB_Hallmark_via_decoupler,NQO1,True
HALLMARK_GLYCOLYSIS,PC,1.0,MSigDB_Hallmark_via_decoupler,PC,True
HALLMARK_HEME_METABOLISM,PC,1.0,MSigDB_Hallmark_via_decoupler,PC,True
HALLMARK_EPITHELIAL_MESENCHYMAL_TRANSITION,SPARC,1.0,MSigDB_Hallmark_via_decoupler,SPARC,True
HALLMARK_HEME_METABOLISM,MYL4,1.0,MSigDB_Hallmark_via_decoupler,MYL4,True
HALLMARK_EPITHELIAL_MESENCHYMAL_TRANSITION,COL4A2,1.0,MSigDB_Hallmark_via_decoupler,COL4A2,True
HALLMARK_EPITHELIAL_MESENCHYMAL_TRANSITION,FGF2,1.0,MSigDB_Hallmark_via_decoupler,FGF2,True
HALLMARK_OXIDATIVE_PHOSPHORYLATION,ATP6AP1,1.0,MSigDB_Hallmark_via_decoupler,ATP6AP1,True
HALLMARK_REACTIVE_OXYGEN_SPECIES_PATHWAY,LSP1,1.0,MSigDB_Hallmark_via_decoupler,LSP1,True
HALLMARK_HEME_METABOLISM,CLCN3,1.0,MSigDB_Hallmark_via_decoupler,CLCN3,True
HALLMARK_GLYCOLYSIS,COPB2,1.0,MSigDB_Hallmark_via_decoupler,COPB2,True
HALLMARK_OXIDATIVE_PHOSPHORYLATION,ATP6V1H,1.0,MSigDB_Hallmark_via_decoupler,ATP6V1H,True
HALLMARK_GLYCOLYSIS,COG2,1.0,MSigDB_Hallmark_via_decoupler,COG2,True
HALLMARK_HEME_METABOLISM,LAMP2,1.0,MSigDB_Hallmark_via_decoupler,LAMP2,True
HALLMARK_EPITHELIAL_MESENCHYMAL_TRANSITION,IL15,1.0,MSigDB_Hallmark_via_decoupler,IL15,True
HALLMARK_EPITHELIAL_MESENCHYMAL_TRANSITION,VCAM1,1.0,MSigDB_Hallmark_via_decoupler,VCAM1,True
HALLMARK_GLYCOLYSIS,RBCK1,1.0,MSigDB_Hallmark_via_decoupler,RBCK1,True
HALLMARK_HEME_METABOLISM,BPGM,1.0,MSigDB_Hallmark_via_decoupler,BPGM,True
HALLMARK_EPITHELIAL_MESENCHYMAL_TRANSITION,ITGA2,1.0,MSigDB_Hallmark_via_decoupler,ITGA2,True
HALLMARK_EPITHELIAL_MESENCHYMAL_TRANSITION,TNFRSF11B,1.0,MSigDB_Hallmark_via_decoupler,TNFRSF11B,True
HALLMARK_EPITHELIAL_MESENCHYMAL_TRANSITION,BMP1,1.0,MSigDB_Hallmark_via_decoupler,BMP1,True
HALLMARK_EPITHELIAL_MESENCHYMAL_TRANSITION,LAMA3,1.0,MSigDB_Hallmark_via_decoupler,LAMA3,True
HALLMARK_EPITHELIAL_MESENCHYMAL_TRANSITION,MYL9,1.0,MSigDB_Hallmark_via_decoupler,MYL9,True
HALLMARK_HEME_METABOLISM,ICAM4,1.0,MSigDB_Hallmark_via_decoupler,ICAM4,True
HALLMARK_EPITHELIAL_MESENCHYMAL_TRANSITION,SLIT2,1.0,MSigDB_Hallmark_via_decoupler,SLIT2,True
HALLMARK_EPITHELIAL_MESENCHYMAL_TRANSITION,CDH11,1.0,MSigDB_Hallmark_via_decoupler,CDH11,True
HALLMARK_EPITHELIAL_MESENCHYMAL_TRANSITION,THY1,1.0,MSigDB_Hallmark_via_decoupler,THY1,True
HALLMARK_EPITHELIAL_MESENCHYMAL_TRANSITION,CDH6,1.0,MSigDB_Hallmark_via_decoupler,CDH6,True
HALLMARK_GLYCOLYSIS,CLDN9,1.0,MSigDB_Hallmark_via_decoupler,CLDN9,True
HALLMARK_GLYCOLYSIS,VCAN,1.0,MSigDB_Hallmark_via_decoupler,VCAN,True
HALLMARK_EPITHELIAL_MESENCHYMAL_TRANSITION,VCAN,1.0,MSigDB_Hallmark_via_decoupler,VCAN,True
HALLMARK_EPITHELIAL_MESENCHYMAL_TRANSITION,FBN1,1.0,MSigDB_Hallmark_via_decoupler,FBN1,True
HALLMARK_EPITHELIAL_MESENCHYMAL_TRANSITION,COL16A1,1.0,MSigDB_Hallmark_via_decoupler,COL16A1,True
HALLMARK_EPITHELIAL_MESENCHYMAL_TRANSITION,GAS1,1.0,MSigDB_Hallmark_via_decoupler,GAS1,True
HALLMARK_EPITHELIAL_MESENCHYMAL_TRANSITION,SCG2,1.0,MSigDB_Hallmark_via_decoupler,SCG2,True
HALLMARK_EPITHELIAL_MESENCHYMAL_TRANSITION,FN1,1.0,MSigDB_Hallmark_via_decoupler,FN1,True
HALLMARK_EPITHELIAL_MESENCHYMAL_TRANSITION,LRP1,1.0,MSigDB_Hallmark_via_decoupler,LRP1,True
HALLMARK_OXIDATIVE_PHOSPHORYLATION,PDP1,1.0,MSigDB_Hallmark_via_decoupler,PDP1,True
HALLMARK_HEME_METABOLISM,USP15,1.0,MSigDB_Hallmark_via_decoupler,USP15,True
HALLMARK_GLYCOLYSIS,PPP2CB,1.0,MSigDB_Hallmark_via_decoupler,PPP2CB,True
HALLMARK_GLYCOLYSIS,KIF2A,1.0,MSigDB_Hallmark_via_decoupler,KIF2A,True
HALLMARK_GLYCOLYSIS,ANG,1.0,MSigDB_Hallmark_via_decoupler,ANG,True
HALLMARK_REACTIVE_OXYGEN_SPECIES_PATHWAY,ATOX1,1.0,MSigDB_Hallmark_via_decoupler,ATOX1,True
HALLMARK_EPITHELIAL_MESENCHYMAL_TRANSITION,CD59,1.0,MSigDB_Hallmark_via_decoupler,CD59,True
HALLMARK_EPITHELIAL_MESENCHYMAL_TRANSITION,MMP14,1.0,MSigDB_Hallmark_via_decoupler,MMP14,True
HALLMARK_OXIDATIVE_PHOSPHORYLATION,FDX1,1.0,MSigDB_Hallmark_via_decoupler,FDX1,True
HALLMARK_HEME_METABOLISM,CTSB,1.0,MSigDB_Hallmark_via_decoupler,CTSB,True
HALLMARK_OXIDATIVE_PHOSPHORYLATION,HSPA9,1.0,MSigDB_Hallmark_via_decoupler,HSPA9,True
HALLMARK_HEME_METABOLISM,ASNS,1.0,MSigDB_Hallmark_via_decoupler,ASNS,True
HALLMARK_HEME_METABOLISM,GCLC,1.0,MSigDB_Hallmark_via_decoupler,GCLC,True
HALLMARK_REACTIVE_OXYGEN_SPECIES_PATHWAY,GCLC,1.0,MSigDB_Hallmark_via_decoupler,GCLC,True
HALLMARK_GLYCOLYSIS,GCLC,1.0,MSigDB_Hallmark_via_decoupler,GCLC,True
HALLMARK_OXIDATIVE_PHOSPHORYLATION,ATP5MC1,1.0,MSigDB_Hallmark_via_decoupler,ATP5MC1,True
HALLMARK_REACTIVE_OXYGEN_SPECIES_PATHWAY,G6PD,1.0,MSigDB_Hallmark_via_decoupler,G6PD,True
HALLMARK_GLYCOLYSIS,G6PD,1.0,MSigDB_Hallmark_via_decoupler,G6PD,True
HALLMARK_REACTIVE_OXYGEN_SPECIES_PATHWAY,TXNRD1,1.0,MSigDB_Hallmark_via_decoupler,TXNRD1,True
HALLMARK_GLYCOLYSIS,EGLN3,1.0,MSigDB_Hallmark_via_decoupler,EGLN3,True
HALLMARK_GLYCOLYSIS,PPIA,1.0,MSigDB_Hallmark_via_decoupler,PPIA,True
HALLMARK_REACTIVE_OXYGEN_SPECIES_PATHWAY,PRDX1,1.0,MSigDB_Hallmark_via_decoupler,PRDX1,True
HALLMARK_GLYCOLYSIS,GOT1,1.0,MSigDB_Hallmark_via_decoupler,GOT1,True
HALLMARK_EPITHELIAL_MESENCHYMAL_TRANSITION,SERPINH1,1.0,MSigDB_Hallmark_via_decoupler,SERPINH1,True
HALLMARK_HEME_METABOLISM,GMPS,1.0,MSigDB_Hallmark_via_decoupler,GMPS,True
HALLMARK_HEME_METABOLISM,HMBS,1.0,MSigDB_Hallmark_via_decoupler,HMBS,True
HALLMARK_HEME_METABOLISM,TCEA1,1.0,MSigDB_Hallmark_via_decoupler,TCEA1,True
HALLMARK_GLYCOLYSIS,PLOD2,1.0,MSigDB_Hallmark_via_decoupler,PLOD2,True
HALLMARK_EPITHELIAL_MESENCHYMAL_TRANSITION,PLOD2,1.0,MSigDB_Hallmark_via_decoupler,PLOD2,True
HALLMARK_GLYCOLYSIS,PSMC4,1.0,MSigDB_Hallmark_via_decoupler,PSMC4,True
HALLMARK_HEME_METABOLISM,SLC7A11,1.0,MSigDB_Hallmark_via_decoupler,SLC7A11,True
HALLMARK_OXIDATIVE_PHOSPHORYLATION,ATP6V1D,1.0,MSigDB_Hallmark_via_decoupler,ATP6V1D,True
HALLMARK_HEME_METABOLISM,TFRC,1.0,MSigDB_Hallmark_via_decoupler,TFRC,True
HALLMARK_REACTIVE_OXYGEN_SPECIES_PATHWAY,PRDX4,1.0,MSigDB_Hallmark_via_decoupler,PRDX4,True
HALLMARK_EPITHELIAL_MESENCHYMAL_TRANSITION,MCM7,1.0,MSigDB_Hallmark_via_decoupler,MCM7,True
HALLMARK_GLYCOLYSIS,DEPDC1,1.0,MSigDB_Hallmark_via_decoupler,DEPDC1,True
HALLMARK_GLYCOLYSIS,PRPS1,1.0,MSigDB_Hallmark_via_decoupler,PRPS1,True
HALLMARK_OXIDATIVE_PHOSPHORYLATION,VDAC1,1.0,MSigDB_Hallmark_via_decoupler,VDAC1,True
HALLMARK_OXIDATIVE_PHOSPHORYLATION,TOMM70,1.0,MSigDB_Hallmark_via_decoupler,TOMM70,True
HALLMARK_OXIDATIVE_PHOSPHORYLATION,SLC25A3,1.0,MSigDB_Hallmark_via_decoupler,SLC25A3,True
HALLMARK_OXIDATIVE_PHOSPHORYLATION,GOT2,1.0,MSigDB_Hallmark_via_decoupler,GOT2,True
HALLMARK_GLYCOLYSIS,GOT2,1.0,MSigDB_Hallmark_via_decoupler,GOT2,True
HALLMARK_OXIDATIVE_PHOSPHORYLATION,VDAC3,1.0,MSigDB_Hallmark_via_decoupler,VDAC3,True
HALLMARK_OXIDATIVE_PHOSPHORYLATION,PHB2,1.0,MSigDB_Hallmark_via_decoupler,PHB2,True
HALLMARK_HEME_METABOLISM,HDGF,1.0,MSigDB_Hallmark_via_decoupler,HDGF,True
HALLMARK_OXIDATIVE_PHOSPHORYLATION,COX5A,1.0,MSigDB_Hallmark_via_decoupler,COX5A,True
HALLMARK_HEME_METABOLISM,RCL1,1.0,MSigDB_Hallmark_via_decoupler,RCL1,True
HALLMARK_OXIDATIVE_PHOSPHORYLATION,SUPV3L1,1.0,MSigDB_Hallmark_via_decoupler,SUPV3L1,True
HALLMARK_EPITHELIAL_MESENCHYMAL_TRANSITION,COL7A1,1.0,MSigDB_Hallmark_via_decoupler,COL7A1,True
HALLMARK_EPITHELIAL_MESENCHYMAL_TRANSITION,ECM2,1.0,MSigDB_Hallmark_via_decoupler,ECM2,True
HALLMARK_EPITHELIAL_MESENCHYMAL_TRANSITION,NID2,1.0,MSigDB_Hallmark_via_decoupler,NID2,True
HALLMARK_EPITHELIAL_MESENCHYMAL_TRANSITION,EFEMP2,1.0,MSigDB_Hallmark_via_decoupler,EFEMP2,True
HALLMARK_EPITHELIAL_MESENCHYMAL_TRANSITION,SNAI2,1.0,MSigDB_Hallmark_via_decoupler,SNAI2,True
HALLMARK_EPITHELIAL_MESENCHYMAL_TRANSITION,BASP1,1.0,MSigDB_Hallmark_via_decoupler,BASP1,True
HALLMARK_EPITHELIAL_MESENCHYMAL_TRANSITION,SGCB,1.0,MSigDB_Hallmark_via_decoupler,SGCB,True
HALLMARK_EPITHELIAL_MESENCHYMAL_TRANSITION,APLP1,1.0,MSigDB_Hallmark_via_decoupler,APLP1,True
HALLMARK_EPITHELIAL_MESENCHYMAL_TRANSITION,COL8A2,1.0,MSigDB_Hallmark_via_decoupler,COL8A2,True
HALLMARK_EPITHELIAL_MESENCHYMAL_TRANSITION,ANPEP,1.0,MSigDB_Hallmark_via_decoupler,ANPEP,True
HALLMARK_EPITHELIAL_MESENCHYMAL_TRANSITION,MSX1,1.0,MSigDB_Hallmark_via_decoupler,MSX1,True
HALLMARK_EPITHELIAL_MESENCHYMAL_TRANSITION,ACTA2,1.0,MSigDB_Hallmark_via_decoupler,ACTA2,True
HALLMARK_EPITHELIAL_MESENCHYMAL_TRANSITION,LGALS1,1.0,MSigDB_Hallmark_via_decoupler,LGALS1,True
HALLMARK_EPITHELIAL_MESENCHYMAL_TRANSITION,GPX7,1.0,MSigDB_Hallmark_via_decoupler,GPX7,True
HALLMARK_EPITHELIAL_MESENCHYMAL_TRANSITION,FBN2,1.0,MSigDB_Hallmark_via_decoupler,FBN2,True
HALLMARK_EPITHELIAL_MESENCHYMAL_TRANSITION,ELN,1.0,MSigDB_Hallmark_via_decoupler,ELN,True
HALLMARK_EPITHELIAL_MESENCHYMAL_TRANSITION,CALU,1.0,MSigDB_Hallmark_via_decoupler,CALU,True
HALLMARK_EPITHELIAL_MESENCHYMAL_TRANSITION,DAB2,1.0,MSigDB_Hallmark_via_decoupler,DAB2,True
HALLMARK_EPITHELIAL_MESENCHYMAL_TRANSITION,COL12A1,1.0,MSigDB_Hallmark_via_decoupler,COL12A1,True
HALLMARK_EPITHELIAL_MESENCHYMAL_TRANSITION,PPIB,1.0,MSigDB_Hallmark_via_decoupler,PPIB,True
HALLMARK_EPITHELIAL_MESENCHYMAL_TRANSITION,VIM,1.0,MSigDB_Hallmark_via_decoupler,VIM,True
HALLMARK_EPITHELIAL_MESENCHYMAL_TRANSITION,MATN2,1.0,MSigDB_Hallmark_via_decoupler,MATN2,True
HALLMARK_EPITHELIAL_MESENCHYMAL_TRANSITION,PDLIM4,1.0,MSigDB_Hallmark_via_decoupler,PDLIM4,True
HALLMARK_EPITHELIAL_MESENCHYMAL_TRANSITION,CRLF1,1.0,MSigDB_Hallmark_via_decoupler,CRLF1,True
HALLMARK_EPITHELIAL_MESENCHYMAL_TRANSITION,SPOCK1,1.0,MSigDB_Hallmark_via_decoupler,SPOCK1,True
HALLMARK_EPITHELIAL_MESENCHYMAL_TRANSITION,POSTN,1.0,MSigDB_Hallmark_via_decoupler,POSTN,True
HALLMARK_EPITHELIAL_MESENCHYMAL_TRANSITION,COL1A2,1.0,MSigDB_Hallmark_via_decoupler,COL1A2,True
HALLMARK_EPITHELIAL_MESENCHYMAL_TRANSITION,DPYSL3,1.0,MSigDB_Hallmark_via_decoupler,DPYSL3,True
HALLMARK_EPITHELIAL_MESENCHYMAL_TRANSITION,RGS4,1.0,MSigDB_Hallmark_via_decoupler,RGS4,True
HALLMARK_EPITHELIAL_MESENCHYMAL_TRANSITION,BDNF,1.0,MSigDB_Hallmark_via_decoupler,BDNF,True
HALLMARK_EPITHELIAL_MESENCHYMAL_TRANSITION,WIPF1,1.0,MSigDB_Hallmark_via_decoupler,WIPF1,True
HALLMARK_EPITHELIAL_MESENCHYMAL_TRANSITION,FERMT2,1.0,MSigDB_Hallmark_via_decoupler,FERMT2,True
HALLMARK_GLYCOLYSIS,QSOX1,1.0,MSigDB_Hallmark_via_decoupler,QSOX1,True
HALLMARK_EPITHELIAL_MESENCHYMAL_TRANSITION,QSOX1,1.0,MSigDB_Hallmark_via_decoupler,QSOX1,True
HALLMARK_EPITHELIAL_MESENCHYMAL_TRANSITION,PTHLH,1.0,MSigDB_Hallmark_via_decoupler,PTHLH,True
HALLMARK_EPITHELIAL_MESENCHYMAL_TRANSITION,LOXL1,1.0,MSigDB_Hallmark_via_decoupler,LOXL1,True
HALLMARK_EPITHELIAL_MESENCHYMAL_TRANSITION,NTM,1.0,MSigDB_Hallmark_via_decoupler,NTM,True
HALLMARK_EPITHELIAL_MESENCHYMAL_TRANSITION,EDIL3,1.0,MSigDB_Hallmark_via_decoupler,EDIL3,True
HALLMARK_EPITHELIAL_MESENCHYMAL_TRANSITION,MMP3,1.0,MSigDB_Hallmark_via_decoupler,MMP3,True
HALLMARK_EPITHELIAL_MESENCHYMAL_TRANSITION,PVR,1.0,MSigDB_Hallmark_via_decoupler,PVR,True
HALLMARK_EPITHELIAL_MESENCHYMAL_TRANSITION,GLIPR1,1.0,MSigDB_Hallmark_via_decoupler,GLIPR1,True
HALLMARK_EPITHELIAL_MESENCHYMAL_TRANSITION,SPP1,1.0,MSigDB_Hallmark_via_decoupler,SPP1,True
HALLMARK_EPITHELIAL_MESENCHYMAL_TRANSITION,PMP22,1.0,MSigDB_Hallmark_via_decoupler,PMP22,True
HALLMARK_EPITHELIAL_MESENCHYMAL_TRANSITION,NNMT,1.0,MSigDB_Hallmark_via_decoupler,NNMT,True
HALLMARK_EPITHELIAL_MESENCHYMAL_TRANSITION,MXRA5,1.0,MSigDB_Hallmark_via_decoupler,MXRA5,True
HALLMARK_EPITHELIAL_MESENCHYMAL_TRANSITION,PCOLCE2,1.0,MSigDB_Hallmark_via_decoupler,PCOLCE2,True
HALLMARK_EPITHELIAL_MESENCHYMAL_TRANSITION,FBLN5,1.0,MSigDB_Hallmark_via_decoupler,FBLN5,True
HALLMARK_EPITHELIAL_MESENCHYMAL_TRANSITION,TPM4,1.0,MSigDB_Hallmark_via_decoupler,TPM4,True
HALLMARK_EPITHELIAL_MESENCHYMAL_TRANSITION,MMP1,1.0,MSigDB_Hallmark_via_decoupler,MMP1,True
HALLMARK_EPITHELIAL_MESENCHYMAL_TRANSITION,FSTL3,1.0,MSigDB_Hallmark_via_decoupler,FSTL3,True
HALLMARK_EPITHELIAL_MESENCHYMAL_TRANSITION,IGFBP2,1.0,MSigDB_Hallmark_via_decoupler,IGFBP2,True
HALLMARK_EPITHELIAL_MESENCHYMAL_TRANSITION,SLIT3,1.0,MSigDB_Hallmark_via_decoupler,SLIT3,True
HALLMARK_EPITHELIAL_MESENCHYMAL_TRANSITION,MFAP5,1.0,MSigDB_Hallmark_via_decoupler,MFAP5,True
HALLMARK_EPITHELIAL_MESENCHYMAL_TRANSITION,FBLN2,1.0,MSigDB_Hallmark_via_decoupler,FBLN2,True
HALLMARK_EPITHELIAL_MESENCHYMAL_TRANSITION,PCOLCE,1.0,MSigDB_Hallmark_via_decoupler,PCOLCE,True
HALLMARK_EPITHELIAL_MESENCHYMAL_TRANSITION,FUCA1,1.0,MSigDB_Hallmark_via_decoupler,FUCA1,True
HALLMARK_EPITHELIAL_MESENCHYMAL_TRANSITION,COPA,1.0,MSigDB_Hallmark_via_decoupler,COPA,True
HALLMARK_EPITHELIAL_MESENCHYMAL_TRANSITION,MGP,1.0,MSigDB_Hallmark_via_decoupler,MGP,True
HALLMARK_EPITHELIAL_MESENCHYMAL_TRANSITION,MATN3,1.0,MSigDB_Hallmark_via_decoupler,MATN3,True
HALLMARK_EPITHELIAL_MESENCHYMAL_TRANSITION,COL5A2,1.0,MSigDB_Hallmark_via_decoupler,COL5A2,True
HALLMARK_EPITHELIAL_MESENCHYMAL_TRANSITION,COLGALT1,1.0,MSigDB_Hallmark_via_decoupler,COLGALT1,True
HALLMARK_GLYCOLYSIS,NT5E,1.0,MSigDB_Hallmark_via_decoupler,NT5E,True
HALLMARK_EPITHELIAL_MESENCHYMAL_TRANSITION,NT5E,1.0,MSigDB_Hallmark_via_decoupler,NT5E,True
HALLMARK_EPITHELIAL_MESENCHYMAL_TRANSITION,EMP3,1.0,MSigDB_Hallmark_via_decoupler,EMP3,True
HALLMARK_EPITHELIAL_MESENCHYMAL_TRANSITION,CALD1,1.0,MSigDB_Hallmark_via_decoupler,CALD1,True
HALLMARK_EPITHELIAL_MESENCHYMAL_TRANSITION,LAMC1,1.0,MSigDB_Hallmark_via_decoupler,LAMC1,True
HALLMARK_EPITHELIAL_MESENCHYMAL_TRANSITION,CXCL8,1.0,MSigDB_Hallmark_via_decoupler,CXCL8,True
HALLMARK_GLYCOLYSIS,SDC1,1.0,MSigDB_Hallmark_via_decoupler,SDC1,True
HALLMARK_EPITHELIAL_MESENCHYMAL_TRANSITION,SDC1,1.0,MSigDB_Hallmark_via_decoupler,SDC1,True
HALLMARK_GLYCOLYSIS,PLOD1,1.0,MSigDB_Hallmark_via_decoupler,PLOD1,True
HALLMARK_EPITHELIAL_MESENCHYMAL_TRANSITION,PLOD1,1.0,MSigDB_Hallmark_via_decoupler,PLOD1,True
HALLMARK_EPITHELIAL_MESENCHYMAL_TRANSITION,COL5A3,1.0,MSigDB_Hallmark_via_decoupler,COL5A3,True
HALLMARK_EPITHELIAL_MESENCHYMAL_TRANSITION,FMOD,1.0,MSigDB_Hallmark_via_decoupler,FMOD,True
HALLMARK_EPITHELIAL_MESENCHYMAL_TRANSITION,SFRP4,1.0,MSigDB_Hallmark_via_decoupler,SFRP4,True
HALLMARK_EPITHELIAL_MESENCHYMAL_TRANSITION,PFN2,1.0,MSigDB_Hallmark_via_decoupler,PFN2,True
HALLMARK_EPITHELIAL_MESENCHYMAL_TRANSITION,THBS2,1.0,MSigDB_Hallmark_via_decoupler,THBS2,True
HALLMARK_EPITHELIAL_MESENCHYMAL_TRANSITION,SNTB1,1.0,MSigDB_Hallmark_via_decoupler,SNTB1,True
HALLMARK_EPITHELIAL_MESENCHYMAL_TRANSITION,GREM1,1.0,MSigDB_Hallmark_via_decoupler,GREM1,True
HALLMARK_EPITHELIAL_MESENCHYMAL_TRANSITION,VEGFC,1.0,MSigDB_Hallmark_via_decoupler,VEGFC,True
HALLMARK_EPITHELIAL_MESENCHYMAL_TRANSITION,IL32,1.0,MSigDB_Hallmark_via_decoupler,IL32,True
HALLMARK_EPITHELIAL_MESENCHYMAL_TRANSITION,CTHRC1,1.0,MSigDB_Hallmark_via_decoupler,CTHRC1,True
HALLMARK_EPITHELIAL_MESENCHYMAL_TRANSITION,FSTL1,1.0,MSigDB_Hallmark_via_decoupler,FSTL1,True
HALLMARK_EPITHELIAL_MESENCHYMAL_TRANSITION,LOXL2,1.0,MSigDB_Hallmark_via_decoupler,LOXL2,True
HALLMARK_EPITHELIAL_MESENCHYMAL_TRANSITION,PLOD3,1.0,MSigDB_Hallmark_via_decoupler,PLOD3,True
HALLMARK_EPITHELIAL_MESENCHYMAL_TRANSITION,COMP,1.0,MSigDB_Hallmark_via_decoupler,COMP,True
HALLMARK_EPITHELIAL_MESENCHYMAL_TRANSITION,TPM1,1.0,MSigDB_Hallmark_via_decoupler,TPM1,True
HALLMARK_EPITHELIAL_MESENCHYMAL_TRANSITION,CAPG,1.0,MSigDB_Hallmark_via_decoupler,CAPG,True
HALLMARK_EPITHELIAL_MESENCHYMAL_TRANSITION,CDH2,1.0,MSigDB_Hallmark_via_decoupler,CDH2,True
HALLMARK_EPITHELIAL_MESENCHYMAL_TRANSITION,FOXC2,1.0,MSigDB_Hallmark_via_decoupler,FOXC2,True
HALLMARK_EPITHELIAL_MESENCHYMAL_TRANSITION,ITGA5,1.0,MSigDB_Hallmark_via_decoupler,ITGA5,True
HALLMARK_EPITHELIAL_MESENCHYMAL_TRANSITION,P3H1,1.0,MSigDB_Hallmark_via_decoupler,P3H1,True
HALLMARK_EPITHELIAL_MESENCHYMAL_TRANSITION,HTRA1,1.0,MSigDB_Hallmark_via_decoupler,HTRA1,True
HALLMARK_EPITHELIAL_MESENCHYMAL_TRANSITION,PRRX1,1.0,MSigDB_Hallmark_via_decoupler,PRRX1,True
HALLMARK_EPITHELIAL_MESENCHYMAL_TRANSITION,ABI3BP,1.0,MSigDB_Hallmark_via_decoupler,ABI3BP,True
HALLMARK_EPITHELIAL_MESENCHYMAL_TRANSITION,LRRC15,1.0,MSigDB_Hallmark_via_decoupler,LRRC15,True
HALLMARK_EPITHELIAL_MESENCHYMAL_TRANSITION,CADM1,1.0,MSigDB_Hallmark_via_decoupler,CADM1,True
HALLMARK_EPITHELIAL_MESENCHYMAL_TRANSITION,COL11A1,1.0,MSigDB_Hallmark_via_decoupler,COL11A1,True
HALLMARK_EPITHELIAL_MESENCHYMAL_TRANSITION,FBLN1,1.0,MSigDB_Hallmark_via_decoupler,FBLN1,True
HALLMARK_EPITHELIAL_MESENCHYMAL_TRANSITION,SERPINE2,1.0,MSigDB_Hallmark_via_decoupler,SERPINE2,True
HALLMARK_EPITHELIAL_MESENCHYMAL_TRANSITION,MAGEE1,1.0,MSigDB_Hallmark_via_decoupler,MAGEE1,True
HALLMARK_EPITHELIAL_MESENCHYMAL_TRANSITION,FAP,1.0,MSigDB_Hallmark_via_decoupler,FAP,True
HALLMARK_EPITHELIAL_MESENCHYMAL_TRANSITION,ECM1,1.0,MSigDB_Hallmark_via_decoupler,ECM1,True
HALLMARK_EPITHELIAL_MESENCHYMAL_TRANSITION,CAP2,1.0,MSigDB_Hallmark_via_decoupler,CAP2,True
HALLMARK_EPITHELIAL_MESENCHYMAL_TRANSITION,SFRP1,1.0,MSigDB_Hallmark_via_decoupler,SFRP1,True
HALLMARK_EPITHELIAL_MESENCHYMAL_TRANSITION,PRSS2,1.0,MSigDB_Hallmark_via_decoupler,PRSS2,True
HALLMARK_EPITHELIAL_MESENCHYMAL_TRANSITION,OXTR,1.0,MSigDB_Hallmark_via_decoupler,OXTR,True
HALLMARK_EPITHELIAL_MESENCHYMAL_TRANSITION,LAMA1,1.0,MSigDB_Hallmark_via_decoupler,LAMA1,True
HALLMARK_HEME_METABOLISM,SLC11A2,1.0,MSigDB_Hallmark_via_decoupler,SLC11A2,True
HALLMARK_REACTIVE_OXYGEN_SPECIES_PATHWAY,SELENOS,1.0,MSigDB_Hallmark_via_decoupler,SELENOS,True
HALLMARK_GLYCOLYSIS,MET,1.0,MSigDB_Hallmark_via_decoupler,MET,True
HALLMARK_OXIDATIVE_PHOSPHORYLATION,ALAS1,1.0,MSigDB_Hallmark_via_decoupler,ALAS1,True
HALLMARK_GLYCOLYSIS,ALDH9A1,1.0,MSigDB_Hallmark_via_decoupler,ALDH9A1,True
HALLMARK_OXIDATIVE_PHOSPHORYLATION,PDK4,1.0,MSigDB_Hallmark_via_decoupler,PDK4,True
HALLMARK_HEME_METABOLISM,LPIN2,1.0,MSigDB_Hallmark_via_decoupler,LPIN2,True
HALLMARK_GLYCOLYSIS,ARPP19,1.0,MSigDB_Hallmark_via_decoupler,ARPP19,True
HALLMARK_HEME_METABOLISM,TYR,1.0,MSigDB_Hallmark_via_decoupler,,False
HALLMARK_HEME_METABOLISM,RAP1GAP,1.0,MSigDB_Hallmark_via_decoupler,RAP1GAP,True
HALLMARK_OXIDATIVE_PHOSPHORYLATION,CYB5A,1.0,MSigDB_Hallmark_via_decoupler,CYB5A,True
HALLMARK_GLYCOLYSIS,CYB5A,1.0,MSigDB_Hallmark_via_decoupler,CYB5A,True
HALLMARK_GLYCOLYSIS,TPST1,1.0,MSigDB_Hallmark_via_decoupler,TPST1,True
HALLMARK_OXIDATIVE_PHOSPHORYLATION,ETFDH,1.0,MSigDB_Hallmark_via_decoupler,ETFDH,True
HALLMARK_HEME_METABOLISM,SMOX,1.0,MSigDB_Hallmark_via_decoupler,SMOX,True
HALLMARK_HEME_METABOLISM,ALAD,1.0,MSigDB_Hallmark_via_decoupler,ALAD,True
HALLMARK_OXIDATIVE_PHOSPHORYLATION,CPT1A,1.0,MSigDB_Hallmark_via_decoupler,CPT1A,True
HALLMARK_OXIDATIVE_PHOSPHORYLATION,ACADVL,1.0,MSigDB_Hallmark_via_decoupler,ACADVL,True
HALLMARK_HEME_METABOLISM,UROD,1.0,MSigDB_Hallmark_via_decoupler,UROD,True
HALLMARK_OXIDATIVE_PHOSPHORYLATION,SUCLA2,1.0,MSigDB_Hallmark_via_decoupler,SUCLA2,True
HALLMARK_REACTIVE_OXYGEN_SPECIES_PATHWAY,PRDX6,1.0,MSigDB_Hallmark_via_decoupler,PRDX6,True
HALLMARK_OXIDATIVE_PHOSPHORYLATION,HCCS,1.0,MSigDB_Hallmark_via_decoupler,HCCS,True
HALLMARK_OXIDATIVE_PHOSPHORYLATION,SDHA,1.0,MSigDB_Hallmark_via_decoupler,SDHA,True
HALLMARK_OXIDATIVE_PHOSPHORYLATION,ECI1,1.0,MSigDB_Hallmark_via_decoupler,ECI1,True
HALLMARK_HEME_METABOLISM,CPOX,1.0,MSigDB_Hallmark_via_decoupler,CPOX,True
HALLMARK_OXIDATIVE_PHOSPHORYLATION,DLST,1.0,MSigDB_Hallmark_via_decoupler,DLST,True
HALLMARK_HEME_METABOLISM,BLVRA,1.0,MSigDB_Hallmark_via_decoupler,BLVRA,True
HALLMARK_OXIDATIVE_PHOSPHORYLATION,PDHB,1.0,MSigDB_Hallmark_via_decoupler,PDHB,True
HALLMARK_OXIDATIVE_PHOSPHORYLATION,SDHD,1.0,MSigDB_Hallmark_via_decoupler,SDHD,True
HALLMARK_HEME_METABOLISM,UROS,1.0,MSigDB_Hallmark_via_decoupler,UROS,True
HALLMARK_OXIDATIVE_PHOSPHORYLATION,HADHB,1.0,MSigDB_Hallmark_via_decoupler,HADHB,True
HALLMARK_OXIDATIVE_PHOSPHORYLATION,ACAA1,1.0,MSigDB_Hallmark_via_decoupler,ACAA1,True
HALLMARK_OXIDATIVE_PHOSPHORYLATION,HSD17B10,1.0,MSigDB_Hallmark_via_decoupler,HSD17B10,True
HALLMARK_OXIDATIVE_PHOSPHORYLATION,FH,1.0,MSigDB_Hallmark_via_decoupler,FH,True
HALLMARK_OXIDATIVE_PHOSPHORYLATION,MDH1,1.0,MSigDB_Hallmark_via_decoupler,MDH1,True
HALLMARK_GLYCOLYSIS,MDH1,1.0,MSigDB_Hallmark_via_decoupler,MDH1,True
HALLMARK_OXIDATIVE_PHOSPHORYLATION,IDH3B,1.0,MSigDB_Hallmark_via_decoupler,IDH3B,True
HALLMARK_OXIDATIVE_PHOSPHORYLATION,PDHA1,1.0,MSigDB_Hallmark_via_decoupler,PDHA1,True
HALLMARK_REACTIVE_OXYGEN_SPECIES_PATHWAY,NDUFS2,1.0,MSigDB_Hallmark_via_decoupler,NDUFS2,True
HALLMARK_OXIDATIVE_PHOSPHORYLATION,NDUFS2,1.0,MSigDB_Hallmark_via_decoupler,NDUFS2,True
HALLMARK_OXIDATIVE_PHOSPHORYLATION,NDUFB3,1.0,MSigDB_Hallmark_via_decoupler,NDUFB3,True
HALLMARK_OXIDATIVE_PHOSPHORYLATION,NDUFV1,1.0,MSigDB_Hallmark_via_decoupler,NDUFV1,True
HALLMARK_OXIDATIVE_PHOSPHORYLATION,ATP5F1C,1.0,MSigDB_Hallmark_via_decoupler,ATP5F1C,True
HALLMARK_OXIDATIVE_PHOSPHORYLATION,UQCRC2,1.0,MSigDB_Hallmark_via_decoupler,UQCRC2,True
HALLMARK_OXIDATIVE_PHOSPHORYLATION,ETFA,1.0,MSigDB_Hallmark_via_decoupler,ETFA,True
HALLMARK_OXIDATIVE_PHOSPHORYLATION,ATP5ME,1.0,MSigDB_Hallmark_via_decoupler,ATP5ME,True
HALLMARK_OXIDATIVE_PHOSPHORYLATION,COX10,1.0,MSigDB_Hallmark_via_decoupler,COX10,True
HALLMARK_OXIDATIVE_PHOSPHORYLATION,MRPS15,1.0,MSigDB_Hallmark_via_decoupler,MRPS15,True
HALLMARK_OXIDATIVE_PHOSPHORYLATION,UQCRB,1.0,MSigDB_Hallmark_via_decoupler,UQCRB,True
HALLMARK_OXIDATIVE_PHOSPHORYLATION,ABCB7,1.0,MSigDB_Hallmark_via_decoupler,ABCB7,True
HALLMARK_OXIDATIVE_PHOSPHORYLATION,COX5B,1.0,MSigDB_Hallmark_via_decoupler,COX5B,True
HALLMARK_OXIDATIVE_PHOSPHORYLATION,ATP6V1E1,1.0,MSigDB_Hallmark_via_decoupler,ATP6V1E1,True
HALLMARK_OXIDATIVE_PHOSPHORYLATION,NDUFS4,1.0,MSigDB_Hallmark_via_decoupler,NDUFS4,True
HALLMARK_OXIDATIVE_PHOSPHORYLATION,OAT,1.0,MSigDB_Hallmark_via_decoupler,OAT,True
HALLMARK_OXIDATIVE_PHOSPHORYLATION,NQO2,1.0,MSigDB_Hallmark_via_decoupler,NQO2,True
HALLMARK_OXIDATIVE_PHOSPHORYLATION,ATP5MF,1.0,MSigDB_Hallmark_via_decoupler,ATP5MF,True
HALLMARK_OXIDATIVE_PHOSPHORYLATION,COX15,1.0,MSigDB_Hallmark_via_decoupler,COX15,True
HALLMARK_OXIDATIVE_PHOSPHORYLATION,TCIRG1,1.0,MSigDB_Hallmark_via_decoupler,TCIRG1,True
HALLMARK_OXIDATIVE_PHOSPHORYLATION,CYCS,1.0,MSigDB_Hallmark_via_decoupler,CYCS,True
HALLMARK_OXIDATIVE_PHOSPHORYLATION,PDHX,1.0,MSigDB_Hallmark_via_decoupler,PDHX,True
HALLMARK_OXIDATIVE_PHOSPHORYLATION,MRPS11,1.0,MSigDB_Hallmark_via_decoupler,MRPS11,True
HALLMARK_OXIDATIVE_PHOSPHORYLATION,OXA1L,1.0,MSigDB_Hallmark_via_decoupler,OXA1L,True
HALLMARK_OXIDATIVE_PHOSPHORYLATION,ATP5PD,1.0,MSigDB_Hallmark_via_decoupler,ATP5PD,True
HALLMARK_OXIDATIVE_PHOSPHORYLATION,ATP5MG,1.0,MSigDB_Hallmark_via_decoupler,ATP5MG,True
HALLMARK_OXIDATIVE_PHOSPHORYLATION,OPA1,1.0,MSigDB_Hallmark_via_decoupler,OPA1,True
HALLMARK_OXIDATIVE_PHOSPHORYLATION,COX7C,1.0,MSigDB_Hallmark_via_decoupler,COX7C,True
HALLMARK_OXIDATIVE_PHOSPHORYLATION,ATP5PF,1.0,MSigDB_Hallmark_via_decoupler,ATP5PF,True
HALLMARK_OXIDATIVE_PHOSPHORYLATION,SLC25A5,1.0,MSigDB_Hallmark_via_decoupler,SLC25A5,True
HALLMARK_OXIDATIVE_PHOSPHORYLATION,COX4I1,1.0,MSigDB_Hallmark_via_decoupler,COX4I1,True
HALLMARK_OXIDATIVE_PHOSPHORYLATION,SLC25A12,1.0,MSigDB_Hallmark_via_decoupler,SLC25A12,True
HALLMARK_OXIDATIVE_PHOSPHORYLATION,NDUFC2,1.0,MSigDB_Hallmark_via_decoupler,NDUFC2,True
HALLMARK_OXIDATIVE_PHOSPHORYLATION,NDUFB2,1.0,MSigDB_Hallmark_via_decoupler,NDUFB2,True
HALLMARK_OXIDATIVE_PHOSPHORYLATION,NNT,1.0,MSigDB_Hallmark_via_decoupler,NNT,True
HALLMARK_HEME_METABOLISM,NNT,1.0,MSigDB_Hallmark_via_decoupler,NNT,True
HALLMARK_OXIDATIVE_PHOSPHORYLATION,NDUFA1,1.0,MSigDB_Hallmark_via_decoupler,NDUFA1,True
HALLMARK_OXIDATIVE_PHOSPHORYLATION,TIMM9,1.0,MSigDB_Hallmark_via_decoupler,TIMM9,True
HALLMARK_REACTIVE_OXYGEN_SPECIES_PATHWAY,NDUFB4,1.0,MSigDB_Hallmark_via_decoupler,NDUFB4,True
HALLMARK_OXIDATIVE_PHOSPHORYLATION,NDUFB4,1.0,MSigDB_Hallmark_via_decoupler,NDUFB4,True
HALLMARK_OXIDATIVE_PHOSPHORYLATION,LDHB,1.0,MSigDB_Hallmark_via_decoupler,LDHB,True
HALLMARK_OXIDATIVE_PHOSPHORYLATION,HADHA,1.0,MSigDB_Hallmark_via_decoupler,HADHA,True
HALLMARK_OXIDATIVE_PHOSPHORYLATION,MTRF1,1.0,MSigDB_Hallmark_via_decoupler,MTRF1,True
HALLMARK_OXIDATIVE_PHOSPHORYLATION,NDUFA8,1.0,MSigDB_Hallmark_via_decoupler,NDUFA8,True
HALLMARK_OXIDATIVE_PHOSPHORYLATION,COX11,1.0,MSigDB_Hallmark_via_decoupler,COX11,True
HALLMARK_OXIDATIVE_PHOSPHORYLATION,NDUFA3,1.0,MSigDB_Hallmark_via_decoupler,NDUFA3,True
HALLMARK_OXIDATIVE_PHOSPHORYLATION,GLUD1,1.0,MSigDB_Hallmark_via_decoupler,GLUD1,True
HALLMARK_OXIDATIVE_PHOSPHORYLATION,ATP5F1B,1.0,MSigDB_Hallmark_via_decoupler,ATP5F1B,True
HALLMARK_OXIDATIVE_PHOSPHORYLATION,NDUFA4,1.0,MSigDB_Hallmark_via_decoupler,NDUFA4,True
HALLMARK_OXIDATIVE_PHOSPHORYLATION,TIMM10,1.0,MSigDB_Hallmark_via_decoupler,TIMM10,True
HALLMARK_OXIDATIVE_PHOSPHORYLATION,ATP1B1,1.0,MSigDB_Hallmark_via_decoupler,ATP1B1,True
HALLMARK_OXIDATIVE_PHOSPHORYLATION,NDUFA9,1.0,MSigDB_Hallmark_via_decoupler,NDUFA9,True
HALLMARK_OXIDATIVE_PHOSPHORYLATION,NDUFV2,1.0,MSigDB_Hallmark_via_decoupler,NDUFV2,True
HALLMARK_OXIDATIVE_PHOSPHORYLATION,ATP5F1A,1.0,MSigDB_Hallmark_via_decoupler,ATP5F1A,True
HALLMARK_OXIDATIVE_PHOSPHORYLATION,ATP5MC3,1.0,MSigDB_Hallmark_via_decoupler,ATP5MC3,True
HALLMARK_OXIDATIVE_PHOSPHORYLATION,NDUFS7,1.0,MSigDB_Hallmark_via_decoupler,NDUFS7,True
HALLMARK_OXIDATIVE_PHOSPHORYLATION,TOMM22,1.0,MSigDB_Hallmark_via_decoupler,TOMM22,True
HALLMARK_OXIDATIVE_PHOSPHORYLATION,BDH2,1.0,MSigDB_Hallmark_via_decoupler,BDH2,True
HALLMARK_OXIDATIVE_PHOSPHORYLATION,COX6B1,1.0,MSigDB_Hallmark_via_decoupler,COX6B1,True
HALLMARK_OXIDATIVE_PHOSPHORYLATION,COX7A2,1.0,MSigDB_Hallmark_via_decoupler,COX7A2,True
HALLMARK_OXIDATIVE_PHOSPHORYLATION,NDUFB6,1.0,MSigDB_Hallmark_via_decoupler,NDUFB6,True
HALLMARK_OXIDATIVE_PHOSPHORYLATION,ATP6V0E1,1.0,MSigDB_Hallmark_via_decoupler,ATP6V0E1,True
HALLMARK_OXIDATIVE_PHOSPHORYLATION,COX7A2L,1.0,MSigDB_Hallmark_via_decoupler,COX7A2L,True
HALLMARK_OXIDATIVE_PHOSPHORYLATION,OGDH,1.0,MSigDB_Hallmark_via_decoupler,OGDH,True
HALLMARK_OXIDATIVE_PHOSPHORYLATION,HTRA2,1.0,MSigDB_Hallmark_via_decoupler,HTRA2,True
HALLMARK_HEME_METABOLISM,HTRA2,1.0,MSigDB_Hallmark_via_decoupler,HTRA2,True
HALLMARK_OXIDATIVE_PHOSPHORYLATION,PMPCA,1.0,MSigDB_Hallmark_via_decoupler,PMPCA,True
HALLMARK_OXIDATIVE_PHOSPHORYLATION,NDUFA2,1.0,MSigDB_Hallmark_via_decoupler,NDUFA2,True
HALLMARK_OXIDATIVE_PHOSPHORYLATION,SLC25A6,1.0,MSigDB_Hallmark_via_decoupler,SLC25A6,True
HALLMARK_OXIDATIVE_PHOSPHORYLATION,ACAT1,1.0,MSigDB_Hallmark_via_decoupler,ACAT1,True
HALLMARK_OXIDATIVE_PHOSPHORYLATION,FXN,1.0,MSigDB_Hallmark_via_decoupler,FXN,True
HALLMARK_OXIDATIVE_PHOSPHORYLATION,SLC25A11,1.0,MSigDB_Hallmark_via_decoupler,SLC25A11,True
HALLMARK_OXIDATIVE_PHOSPHORYLATION,NDUFS8,1.0,MSigDB_Hallmark_via_decoupler,NDUFS8,True
HALLMARK_OXIDATIVE_PHOSPHORYLATION,NDUFS1,1.0,MSigDB_Hallmark_via_decoupler,NDUFS1,True
HALLMARK_OXIDATIVE_PHOSPHORYLATION,ATP5F1E,1.0,MSigDB_Hallmark_via_decoupler,ATP5F1E,True
HALLMARK_OXIDATIVE_PHOSPHORYLATION,ATP5PB,1.0,MSigDB_Hallmark_via_decoupler,ATP5PB,True
HALLMARK_OXIDATIVE_PHOSPHORYLATION,ATP6V0B,1.0,MSigDB_Hallmark_via_decoupler,ATP6V0B,True
HALLMARK_OXIDATIVE_PHOSPHORYLATION,NDUFS6,1.0,MSigDB_Hallmark_via_decoupler,NDUFS6,True
HALLMARK_OXIDATIVE_PHOSPHORYLATION,ATP5F1D,1.0,MSigDB_Hallmark_via_decoupler,ATP5F1D,True
HALLMARK_OXIDATIVE_PHOSPHORYLATION,UQCRFS1,1.0,MSigDB_Hallmark_via_decoupler,UQCRFS1,True
HALLMARK_OXIDATIVE_PHOSPHORYLATION,NDUFA7,1.0,MSigDB_Hallmark_via_decoupler,NDUFA7,True
HALLMARK_OXIDATIVE_PHOSPHORYLATION,TIMM50,1.0,MSigDB_Hallmark_via_decoupler,TIMM50,True
HALLMARK_OXIDATIVE_PHOSPHORYLATION,ATP6V1F,1.0,MSigDB_Hallmark_via_decoupler,ATP6V1F,True
HALLMARK_OXIDATIVE_PHOSPHORYLATION,ATP6V1C1,1.0,MSigDB_Hallmark_via_decoupler,ATP6V1C1,True
HALLMARK_OXIDATIVE_PHOSPHORYLATION,MTRR,1.0,MSigDB_Hallmark_via_decoupler,MTRR,True
HALLMARK_OXIDATIVE_PHOSPHORYLATION,TIMM17A,1.0,MSigDB_Hallmark_via_decoupler,TIMM17A,True
HALLMARK_OXIDATIVE_PHOSPHORYLATION,ACADSB,1.0,MSigDB_Hallmark_via_decoupler,ACADSB,True
HALLMARK_OXIDATIVE_PHOSPHORYLATION,MRPL11,1.0,MSigDB_Hallmark_via_decoupler,MRPL11,True
HALLMARK_OXIDATIVE_PHOSPHORYLATION,ISCA1,1.0,MSigDB_Hallmark_via_decoupler,ISCA1,True
HALLMARK_HEME_METABOLISM,ISCA1,1.0,MSigDB_Hallmark_via_decoupler,ISCA1,True
HALLMARK_OXIDATIVE_PHOSPHORYLATION,MRPS22,1.0,MSigDB_Hallmark_via_decoupler,MRPS22,True
HALLMARK_OXIDATIVE_PHOSPHORYLATION,MPC1,1.0,MSigDB_Hallmark_via_decoupler,MPC1,True
HALLMARK_OXIDATIVE_PHOSPHORYLATION,ISCU,1.0,MSigDB_Hallmark_via_decoupler,ISCU,True
HALLMARK_REACTIVE_OXYGEN_SPECIES_PATHWAY,NDUFA6,1.0,MSigDB_Hallmark_via_decoupler,NDUFA6,True
HALLMARK_OXIDATIVE_PHOSPHORYLATION,NDUFA6,1.0,MSigDB_Hallmark_via_decoupler,NDUFA6,True
HALLMARK_OXIDATIVE_PHOSPHORYLATION,NDUFB1,1.0,MSigDB_Hallmark_via_decoupler,NDUFB1,True
HALLMARK_OXIDATIVE_PHOSPHORYLATION,MRPS12,1.0,MSigDB_Hallmark_via_decoupler,MRPS12,True
HALLMARK_OXIDATIVE_PHOSPHORYLATION,MRPL34,1.0,MSigDB_Hallmark_via_decoupler,MRPL34,True
HALLMARK_OXIDATIVE_PHOSPHORYLATION,MAOB,1.0,MSigDB_Hallmark_via_decoupler,MAOB,True
HALLMARK_OXIDATIVE_PHOSPHORYLATION,TIMM8B,1.0,MSigDB_Hallmark_via_decoupler,TIMM8B,True
HALLMARK_OXIDATIVE_PHOSPHORYLATION,ALDH6A1,1.0,MSigDB_Hallmark_via_decoupler,ALDH6A1,True
HALLMARK_HEME_METABOLISM,ALDH6A1,1.0,MSigDB_Hallmark_via_decoupler,ALDH6A1,True
HALLMARK_OXIDATIVE_PHOSPHORYLATION,MTX2,1.0,MSigDB_Hallmark_via_decoupler,MTX2,True
HALLMARK_OXIDATIVE_PHOSPHORYLATION,MRPL35,1.0,MSigDB_Hallmark_via_decoupler,MRPL35,True
HALLMARK_OXIDATIVE_PHOSPHORYLATION,ATP5MC2,1.0,MSigDB_Hallmark_via_decoupler,ATP5MC2,True
HALLMARK_OXIDATIVE_PHOSPHORYLATION,AFG3L2,1.0,MSigDB_Hallmark_via_decoupler,AFG3L2,True
HALLMARK_OXIDATIVE_PHOSPHORYLATION,ATP6V0C,1.0,MSigDB_Hallmark_via_decoupler,ATP6V0C,True
HALLMARK_OXIDATIVE_PHOSPHORYLATION,SLC25A4,1.0,MSigDB_Hallmark_via_decoupler,SLC25A4,True
HALLMARK_OXIDATIVE_PHOSPHORYLATION,NDUFB5,1.0,MSigDB_Hallmark_via_decoupler,NDUFB5,True
HALLMARK_OXIDATIVE_PHOSPHORYLATION,ATP6V1G1,1.0,MSigDB_Hallmark_via_decoupler,ATP6V1G1,True
HALLMARK_OXIDATIVE_PHOSPHORYLATION,RHOT1,1.0,MSigDB_Hallmark_via_decoupler,RHOT1,True
HALLMARK_OXIDATIVE_PHOSPHORYLATION,TIMM13,1.0,MSigDB_Hallmark_via_decoupler,TIMM13,True
HALLMARK_OXIDATIVE_PHOSPHORYLATION,CYB5R3,1.0,MSigDB_Hallmark_via_decoupler,CYB5R3,True
HALLMARK_OXIDATIVE_PHOSPHORYLATION,MFN2,1.0,MSigDB_Hallmark_via_decoupler,MFN2,True
HALLMARK_OXIDATIVE_PHOSPHORYLATION,NDUFC1,1.0,MSigDB_Hallmark_via_decoupler,NDUFC1,True
HALLMARK_OXIDATIVE_PHOSPHORYLATION,SLC25A20,1.0,MSigDB_Hallmark_via_decoupler,SLC25A20,True
HALLMARK_OXIDATIVE_PHOSPHORYLATION,NDUFB8,1.0,MSigDB_Hallmark_via_decoupler,NDUFB8,True
HALLMARK_OXIDATIVE_PHOSPHORYLATION,UQCRH,1.0,MSigDB_Hallmark_via_decoupler,UQCRH,True
HALLMARK_OXIDATIVE_PHOSPHORYLATION,MRPS30,1.0,MSigDB_Hallmark_via_decoupler,MRPS30,True
HALLMARK_GLYCOLYSIS,GFPT1,1.0,MSigDB_Hallmark_via_decoupler,GFPT1,True
HALLMARK_GLYCOLYSIS,GYS2,1.0,MSigDB_Hallmark_via_decoupler,GYS2,True
HALLMARK_GLYCOLYSIS,HOMER1,1.0,MSigDB_Hallmark_via_decoupler,HOMER1,True
HALLMARK_GLYCOLYSIS,CHST1,1.0,MSigDB_Hallmark_via_decoupler,CHST1,True
HALLMARK_REACTIVE_OXYGEN_SPECIES_PATHWAY,TXN,1.0,MSigDB_Hallmark_via_decoupler,TXN,True
HALLMARK_GLYCOLYSIS,TXN,1.0,MSigDB_Hallmark_via_decoupler,TXN,True
HALLMARK_GLYCOLYSIS,PMM2,1.0,MSigDB_Hallmark_via_decoupler,PMM2,True
HALLMARK_GLYCOLYSIS,GNE,1.0,MSigDB_Hallmark_via_decoupler,GNE,True
HALLMARK_GLYCOLYSIS,BPNT1,1.0,MSigDB_Hallmark_via_decoupler,BPNT1,True
HALLMARK_GLYCOLYSIS,CHPF,1.0,MSigDB_Hallmark_via_decoupler,CHPF,True
HALLMARK_GLYCOLYSIS,GLCE,1.0,MSigDB_Hallmark_via_decoupler,GLCE,True
HALLMARK_GLYCOLYSIS,ABCB6,1.0,MSigDB_Hallmark_via_decoupler,ABCB6,True
HALLMARK_HEME_METABOLISM,ABCB6,1.0,MSigDB_Hallmark_via_decoupler,ABCB6,True
HALLMARK_GLYCOLYSIS,FUT8,1.0,MSigDB_Hallmark_via_decoupler,FUT8,True
HALLMARK_GLYCOLYSIS,EXT2,1.0,MSigDB_Hallmark_via_decoupler,EXT2,True
HALLMARK_GLYCOLYSIS,MPI,1.0,MSigDB_Hallmark_via_decoupler,MPI,True
HALLMARK_GLYCOLYSIS,SRD5A3,1.0,MSigDB_Hallmark_via_decoupler,SRD5A3,True
HALLMARK_GLYCOLYSIS,DSC2,1.0,MSigDB_Hallmark_via_decoupler,DSC2,True
HALLMARK_GLYCOLYSIS,GPR87,1.0,MSigDB_Hallmark_via_decoupler,GPR87,True
HALLMARK_GLYCOLYSIS,GMPPA,1.0,MSigDB_Hallmark_via_decoupler,GMPPA,True
HALLMARK_GLYCOLYSIS,SLC25A13,1.0,MSigDB_Hallmark_via_decoupler,SLC25A13,True
HALLMARK_GLYCOLYSIS,NANP,1.0,MSigDB_Hallmark_via_decoupler,NANP,True
HALLMARK_GLYCOLYSIS,B3GNT3,1.0,MSigDB_Hallmark_via_decoupler,B3GNT3,True
HALLMARK_GLYCOLYSIS,PKP2,1.0,MSigDB_Hallmark_via_decoupler,PKP2,True
HALLMARK_GLYCOLYSIS,FBP2,1.0,MSigDB_Hallmark_via_decoupler,,False
HALLMARK_GLYCOLYSIS,CHST12,1.0,MSigDB_Hallmark_via_decoupler,CHST12,True
HALLMARK_GLYCOLYSIS,B3GAT3,1.0,MSigDB_Hallmark_via_decoupler,B3GAT3,True
HALLMARK_GLYCOLYSIS,SPAG4,1.0,MSigDB_Hallmark_via_decoupler,SPAG4,True
HALLMARK_GLYCOLYSIS,LHX9,1.0,MSigDB_Hallmark_via_decoupler,LHX9,True
HALLMARK_GLYCOLYSIS,RPE,1.0,MSigDB_Hallmark_via_decoupler,RPE,True
HALLMARK_GLYCOLYSIS,ALDH7A1,1.0,MSigDB_Hallmark_via_decoupler,ALDH7A1,True
HALLMARK_GLYCOLYSIS,SOX9,1.0,MSigDB_Hallmark_via_decoupler,SOX9,True
HALLMARK_GLYCOLYSIS,NDUFV3,1.0,MSigDB_Hallmark_via_decoupler,NDUFV3,True
HALLMARK_GLYCOLYSIS,CLN6,1.0,MSigDB_Hallmark_via_decoupler,CLN6,True
HALLMARK_GLYCOLYSIS,XYLT2,1.0,MSigDB_Hallmark_via_decoupler,XYLT2,True
HALLMARK_GLYCOLYSIS,IDUA,1.0,MSigDB_Hallmark_via_decoupler,IDUA,True
HALLMARK_GLYCOLYSIS,SLC35A3,1.0,MSigDB_Hallmark_via_decoupler,SLC35A3,True
HALLMARK_GLYCOLYSIS,CHPF2,1.0,MSigDB_Hallmark_via_decoupler,CHPF2,True
HALLMARK_GLYCOLYSIS,NDST3,1.0,MSigDB_Hallmark_via_decoupler,NDST3,True
HALLMARK_GLYCOLYSIS,B4GALT2,1.0,MSigDB_Hallmark_via_decoupler,B4GALT2,True
HALLMARK_GLYCOLYSIS,PAXIP1,1.0,MSigDB_Hallmark_via_decoupler,PAXIP1,True
HALLMARK_GLYCOLYSIS,CHST4,1.0,MSigDB_Hallmark_via_decoupler,CHST4,True
HALLMARK_GLYCOLYSIS,PGLS,1.0,MSigDB_Hallmark_via_decoupler,PGLS,True
HALLMARK_HEME_METABOLISM,PGLS,1.0,MSigDB_Hallmark_via_decoupler,PGLS,True
HALLMARK_GLYCOLYSIS,CLDN3,1.0,MSigDB_Hallmark_via_decoupler,CLDN3,True
HALLMARK_GLYCOLYSIS,PYGB,1.0,MSigDB_Hallmark_via_decoupler,PYGB,True
HALLMARK_GLYCOLYSIS,GAL3ST1,1.0,MSigDB_Hallmark_via_decoupler,GAL3ST1,True
HALLMARK_GLYCOLYSIS,PYGL,1.0,MSigDB_Hallmark_via_decoupler,PYGL,True
HALLMARK_GLYCOLYSIS,PKM,1.0,MSigDB_Hallmark_via_decoupler,PKM,True
HALLMARK_GLYCOLYSIS,RARS1,1.0,MSigDB_Hallmark_via_decoupler,,False
HALLMARK_GLYCOLYSIS,CHST6,1.0,MSigDB_Hallmark_via_decoupler,CHST6,True
HALLMARK_GLYCOLYSIS,B4GALT4,1.0,MSigDB_Hallmark_via_decoupler,B4GALT4,True
HALLMARK_GLYCOLYSIS,B4GALT7,1.0,MSigDB_Hallmark_via_decoupler,B4GALT7,True
HALLMARK_GLYCOLYSIS,LCT,1.0,MSigDB_Hallmark_via_decoupler,LCT,True
HALLMARK_GLYCOLYSIS,NOL3,1.0,MSigDB_Hallmark_via_decoupler,NOL3,True
HALLMARK_GLYCOLYSIS,PGAM1,1.0,MSigDB_Hallmark_via_decoupler,PGAM1,True
HALLMARK_GLYCOLYSIS,CAPN5,1.0,MSigDB_Hallmark_via_decoupler,CAPN5,True
HALLMARK_GLYCOLYSIS,B3GAT1,1.0,MSigDB_Hallmark_via_decoupler,B3GAT1,True
HALLMARK_GLYCOLYSIS,PFKFB1,1.0,MSigDB_Hallmark_via_decoupler,PFKFB1,True
HALLMARK_GLYCOLYSIS,HS6ST2,1.0,MSigDB_Hallmark_via_decoupler,HS6ST2,True
HALLMARK_GLYCOLYSIS,TGFA,1.0,MSigDB_Hallmark_via_decoupler,TGFA,True
HALLMARK_GLYCOLYSIS,AKR1A1,1.0,MSigDB_Hallmark_via_decoupler,AKR1A1,True
HALLMARK_GLYCOLYSIS,ARTN,1.0,MSigDB_Hallmark_via_decoupler,ARTN,True
HALLMARK_GLYCOLYSIS,SLC16A3,1.0,MSigDB_Hallmark_via_decoupler,SLC16A3,True
HALLMARK_GLYCOLYSIS,ECD,1.0,MSigDB_Hallmark_via_decoupler,ECD,True
HALLMARK_GLYCOLYSIS,LHPP,1.0,MSigDB_Hallmark_via_decoupler,LHPP,True
HALLMARK_GLYCOLYSIS,PHKA2,1.0,MSigDB_Hallmark_via_decoupler,PHKA2,True
HALLMARK_GLYCOLYSIS,GALK2,1.0,MSigDB_Hallmark_via_decoupler,GALK2,True
HALLMARK_GLYCOLYSIS,POLR3K,1.0,MSigDB_Hallmark_via_decoupler,POLR3K,True
HALLMARK_GLYCOLYSIS,GMPPB,1.0,MSigDB_Hallmark_via_decoupler,GMPPB,True
HALLMARK_GLYCOLYSIS,HS2ST1,1.0,MSigDB_Hallmark_via_decoupler,HS2ST1,True
HALLMARK_GLYCOLYSIS,MIOX,1.0,MSigDB_Hallmark_via_decoupler,MIOX,True
HALLMARK_GLYCOLYSIS,ALG1,1.0,MSigDB_Hallmark_via_decoupler,ALG1,True
HALLMARK_GLYCOLYSIS,GNPDA1,1.0,MSigDB_Hallmark_via_decoupler,GNPDA1,True
HALLMARK_GLYCOLYSIS,ME2,1.0,MSigDB_Hallmark_via_decoupler,ME2,True
HALLMARK_REACTIVE_OXYGEN_SPECIES_PATHWAY,SRXN1,1.0,MSigDB_Hallmark_via_decoupler,SRXN1,True
HALLMARK_REACTIVE_OXYGEN_SPECIES_PATHWAY,PDLIM1,1.0,MSigDB_Hallmark_via_decoupler,PDLIM1,True
HALLMARK_REACTIVE_OXYGEN_SPECIES_PATHWAY,MSRA,1.0,MSigDB_Hallmark_via_decoupler,MSRA,True
HALLMARK_REACTIVE_OXYGEN_SPECIES_PATHWAY,MPO,1.0,MSigDB_Hallmark_via_decoupler,MPO,True
HALLMARK_REACTIVE_OXYGEN_SPECIES_PATHWAY,MBP,1.0,MSigDB_Hallmark_via_decoupler,MBP,True
HALLMARK_REACTIVE_OXYGEN_SPECIES_PATHWAY,FES,1.0,MSigDB_Hallmark_via_decoupler,FES,True
HALLMARK_REACTIVE_OXYGEN_SPECIES_PATHWAY,EGLN2,1.0,MSigDB_Hallmark_via_decoupler,EGLN2,True
HALLMARK_REACTIVE_OXYGEN_SPECIES_PATHWAY,TXNRD2,1.0,MSigDB_Hallmark_via_decoupler,TXNRD2,True
HALLMARK_REACTIVE_OXYGEN_SPECIES_PATHWAY,PTPA,1.0,MSigDB_Hallmark_via_decoupler,PTPA,True
HALLMARK_REACTIVE_OXYGEN_SPECIES_PATHWAY,LAMTOR5,1.0,MSigDB_Hallmark_via_decoupler,LAMTOR5,True
HALLMARK_REACTIVE_OXYGEN_SPECIES_PATHWAY,OXSR1,1.0,MSigDB_Hallmark_via_decoupler,OXSR1,True
HALLMARK_REACTIVE_OXYGEN_SPECIES_PATHWAY,SBNO2,1.0,MSigDB_Hallmark_via_decoupler,SBNO2,True
HALLMARK_REACTIVE_OXYGEN_SPECIES_PATHWAY,MGST1,1.0,MSigDB_Hallmark_via_decoupler,MGST1,True
HALLMARK_REACTIVE_OXYGEN_SPECIES_PATHWAY,STK25,1.0,MSigDB_Hallmark_via_decoupler,STK25,True
HALLMARK_REACTIVE_OXYGEN_SPECIES_PATHWAY,FTL,1.0,MSigDB_Hallmark_via_decoupler,FTL,True
HALLMARK_REACTIVE_OXYGEN_SPECIES_PATHWAY,CDKN2D,1.0,MSigDB_Hallmark_via_decoupler,CDKN2D,True
HALLMARK_REACTIVE_OXYGEN_SPECIES_PATHWAY,GCLM,1.0,MSigDB_Hallmark_via_decoupler,GCLM,True
HALLMARK_HEME_METABOLISM,GCLM,1.0,MSigDB_Hallmark_via_decoupler,GCLM,True
HALLMARK_REACTIVE_OXYGEN_SPECIES_PATHWAY,GLRX2,1.0,MSigDB_Hallmark_via_decoupler,GLRX2,True
HALLMARK_REACTIVE_OXYGEN_SPECIES_PATHWAY,IPCEF1,1.0,MSigDB_Hallmark_via_decoupler,IPCEF1,True
HALLMARK_REACTIVE_OXYGEN_SPECIES_PATHWAY,SCAF4,1.0,MSigDB_Hallmark_via_decoupler,SCAF4,True
HALLMARK_REACTIVE_OXYGEN_SPECIES_PATHWAY,HHEX,1.0,MSigDB_Hallmark_via_decoupler,HHEX,True
HALLMARK_REACTIVE_OXYGEN_SPECIES_PATHWAY,ABCC1,1.0,MSigDB_Hallmark_via_decoupler,ABCC1,True
HALLMARK_REACTIVE_OXYGEN_SPECIES_PATHWAY,PRDX2,1.0,MSigDB_Hallmark_via_decoupler,PRDX2,True
HALLMARK_HEME_METABOLISM,PRDX2,1.0,MSigDB_Hallmark_via_decoupler,PRDX2,True
HALLMARK_REACTIVE_OXYGEN_SPECIES_PATHWAY,HMOX2,1.0,MSigDB_Hallmark_via_decoupler,HMOX2,True
HALLMARK_HEME_METABOLISM,BSG,1.0,MSigDB_Hallmark_via_decoupler,BSG,True
HALLMARK_HEME_METABOLISM,NEK7,1.0,MSigDB_Hallmark_via_decoupler,NEK7,True
HALLMARK_HEME_METABOLISM,SLC6A9,1.0,MSigDB_Hallmark_via_decoupler,SLC6A9,True
HALLMARK_HEME_METABOLISM,ERMAP,1.0,MSigDB_Hallmark_via_decoupler,ERMAP,True
HALLMARK_HEME_METABOLISM,LRP10,1.0,MSigDB_Hallmark_via_decoupler,LRP10,True
HALLMARK_HEME_METABOLISM,ADIPOR1,1.0,MSigDB_Hallmark_via_decoupler,ADIPOR1,True
HALLMARK_HEME_METABOLISM,GYPE,1.0,MSigDB_Hallmark_via_decoupler,GYPE,True
HALLMARK_HEME_METABOLISM,GYPA,1.0,MSigDB_Hallmark_via_decoupler,,False
HALLMARK_HEME_METABOLISM,DCUN1D1,1.0,MSigDB_Hallmark_via_decoupler,DCUN1D1,True
HALLMARK_HEME_METABOLISM,TAL1,1.0,MSigDB_Hallmark_via_decoupler,TAL1,True
HALLMARK_HEME_METABOLISM,MARCHF2,1.0,MSigDB_Hallmark_via_decoupler,,False
HALLMARK_HEME_METABOLISM,KHNYN,1.0,MSigDB_Hallmark_via_decoupler,KHNYN,True
HALLMARK_HEME_METABOLISM,SNCA,1.0,MSigDB_Hallmark_via_decoupler,SNCA,True
HALLMARK_HEME_METABOLISM,CDR2,1.0,MSigDB_Hallmark_via_decoupler,CDR2,True
HALLMARK_HEME_METABOLISM,ACSL6,1.0,MSigDB_Hallmark_via_decoupler,ACSL6,True
HALLMARK_HEME_METABOLISM,UBAC1,1.0,MSigDB_Hallmark_via_decoupler,UBAC1,True
HALLMARK_HEME_METABOLISM,HEBP1,1.0,MSigDB_Hallmark_via_decoupler,HEBP1,True
HALLMARK_HEME_METABOLISM,KDM7A,1.0,MSigDB_Hallmark_via_decoupler,KDM7A,True
HALLMARK_HEME_METABOLISM,AGPAT4,1.0,MSigDB_Hallmark_via_decoupler,AGPAT4,True
HALLMARK_HEME_METABOLISM,SYNJ1,1.0,MSigDB_Hallmark_via_decoupler,SYNJ1,True
HALLMARK_HEME_METABOLISM,PSMD9,1.0,MSigDB_Hallmark_via_decoupler,PSMD9,True
HALLMARK_HEME_METABOLISM,YPEL5,1.0,MSigDB_Hallmark_via_decoupler,YPEL5,True
HALLMARK_HEME_METABOLISM,PPOX,1.0,MSigDB_Hallmark_via_decoupler,PPOX,True
HALLMARK_HEME_METABOLISM,CROCCP2,1.0,MSigDB_Hallmark_via_decoupler,,False
HALLMARK_HEME_METABOLISM,SLC22A4,1.0,MSigDB_Hallmark_via_decoupler,SLC22A4,True
HALLMARK_HEME_METABOLISM,H4C15,1.0,MSigDB_Hallmark_via_decoupler,,False
HALLMARK_HEME_METABOLISM,AHSP,1.0,MSigDB_Hallmark_via_decoupler,AHSP,True
HALLMARK_HEME_METABOLISM,EPOR,1.0,MSigDB_Hallmark_via_decoupler,EPOR,True
HALLMARK_HEME_METABOLISM,XK,1.0,MSigDB_Hallmark_via_decoupler,XK,True
HALLMARK_HEME_METABOLISM,CLIC2,1.0,MSigDB_Hallmark_via_decoupler,CLIC2,True
HALLMARK_HEME_METABOLISM,MOCOS,1.0,MSigDB_Hallmark_via_decoupler,MOCOS,True
HALLMARK_HEME_METABOLISM,DMTN,1.0,MSigDB_Hallmark_via_decoupler,DMTN,True
HALLMARK_HEME_METABOLISM,EIF2AK1,1.0,MSigDB_Hallmark_via_decoupler,EIF2AK1,True
HALLMARK_HEME_METABOLISM,BACH1,1.0,MSigDB_Hallmark_via_decoupler,BACH1,True
HALLMARK_HEME_METABOLISM,CAST,1.0,MSigDB_Hallmark_via_decoupler,CAST,True
HALLMARK_HEME_METABOLISM,DCAF11,1.0,MSigDB_Hallmark_via_decoupler,DCAF11,True
HALLMARK_HEME_METABOLISM,SLC25A37,1.0,MSigDB_Hallmark_via_decoupler,SLC25A37,True
HALLMARK_HEME_METABOLISM,CCDC28A,1.0,MSigDB_Hallmark_via_decoupler,CCDC28A,True
HALLMARK_HEME_METABOLISM,PIGQ,1.0,MSigDB_Hallmark_via_decoupler,PIGQ,True
HALLMARK_HEME_METABOLISM,GDE1,1.0,MSigDB_Hallmark_via_decoupler,GDE1,True
HALLMARK_HEME_METABOLISM,DCAF10,1.0,MSigDB_Hallmark_via_decoupler,DCAF10,True
HALLMARK_HEME_METABOLISM,MPP1,1.0,MSigDB_Hallmark_via_decoupler,MPP1,True
HALLMARK_HEME_METABOLISM,TENT5C,1.0,MSigDB_Hallmark_via_decoupler,TENT5C,True
HALLMARK_HEME_METABOLISM,TNRC6B,1.0,MSigDB_Hallmark_via_decoupler,TNRC6B,True
HALLMARK_HEME_METABOLISM,TSPAN5,1.0,MSigDB_Hallmark_via_decoupler,TSPAN5,True
HALLMARK_HEME_METABOLISM,NFE2,1.0,MSigDB_Hallmark_via_decoupler,NFE2,True
HALLMARK_HEME_METABOLISM,FBXO7,1.0,MSigDB_Hallmark_via_decoupler,FBXO7,True
HALLMARK_HEME_METABOLISM,CTSE,1.0,MSigDB_Hallmark_via_decoupler,CTSE,True
HALLMARK_HEME_METABOLISM,HBD,1.0,MSigDB_Hallmark_via_decoupler,,False
HALLMARK_HEME_METABOLISM,SLC4A1,1.0,MSigDB_Hallmark_via_decoupler,SLC4A1,True
HALLMARK_HEME_METABOLISM,KLF1,1.0,MSigDB_Hallmark_via_decoupler,KLF1,True
HALLMARK_HEME_METABOLISM,EZH1,1.0,MSigDB_Hallmark_via_decoupler,EZH1,True
HALLMARK_HEME_METABOLISM,TRAK2,1.0,MSigDB_Hallmark_via_decoupler,TRAK2,True
HALLMARK_HEME_METABOLISM,CA1,1.0,MSigDB_Hallmark_via_decoupler,CA1,True
HALLMARK_HEME_METABOLISM,MARK3,1.0,MSigDB_Hallmark_via_decoupler,MARK3,True
HALLMARK_HEME_METABOLISM,TFDP2,1.0,MSigDB_Hallmark_via_decoupler,TFDP2,True
HALLMARK_HEME_METABOLISM,NARF,1.0,MSigDB_Hallmark_via_decoupler,NARF,True
HALLMARK_HEME_METABOLISM,SLC30A1,1.0,MSigDB_Hallmark_via_decoupler,SLC30A1,True
HALLMARK_HEME_METABOLISM,OSBP2,1.0,MSigDB_Hallmark_via_decoupler,OSBP2,True
HALLMARK_HEME_METABOLISM,IGSF3,1.0,MSigDB_Hallmark_via_decoupler,IGSF3,True
HALLMARK_HEME_METABOLISM,KAT2B,1.0,MSigDB_Hallmark_via_decoupler,KAT2B,True
HALLMARK_HEME_METABOLISM,KLF3,1.0,MSigDB_Hallmark_via_decoupler,KLF3,True
HALLMARK_HEME_METABOLISM,FECH,1.0,MSigDB_Hallmark_via_decoupler,FECH,True
HALLMARK_HEME_METABOLISM,MOSPD1,1.0,MSigDB_Hallmark_via_decoupler,MOSPD1,True
HALLMARK_HEME_METABOLISM,MARCHF8,1.0,MSigDB_Hallmark_via_decoupler,,False
HALLMARK_HEME_METABOLISM,ALDH1L1,1.0,MSigDB_Hallmark_via_decoupler,ALDH1L1,True
HALLMARK_HEME_METABOLISM,ALAS2,1.0,MSigDB_Hallmark_via_decoupler,,False
HALLMARK_HEME_METABOLISM,TRIM58,1.0,MSigDB_Hallmark_via_decoupler,TRIM58,True
HALLMARK_HEME_METABOLISM,ATP6V0A1,1.0,MSigDB_Hallmark_via_decoupler,ATP6V0A1,True
HALLMARK_HEME_METABOLISM,MBOAT2,1.0,MSigDB_Hallmark_via_decoupler,MBOAT2,True
HALLMARK_HEME_METABOLISM,SLC10A3,1.0,MSigDB_Hallmark_via_decoupler,SLC10A3,True
HALLMARK_HEME_METABOLISM,RHAG,1.0,MSigDB_Hallmark_via_decoupler,,False
HALLMARK_HEME_METABOLISM,RBM38,1.0,MSigDB_Hallmark_via_decoupler,RBM38,True
HALLMARK_HEME_METABOLISM,LMO2,1.0,MSigDB_Hallmark_via_decoupler,LMO2,True
HALLMARK_HEME_METABOLISM,PICALM,1.0,MSigDB_Hallmark_via_decoupler,PICALM,True
HALLMARK_HEME_METABOLISM,ANK1,1.0,MSigDB_Hallmark_via_decoupler,ANK1,True
HALLMARK_HEME_METABOLISM,VEZF1,1.0,MSigDB_Hallmark_via_decoupler,VEZF1,True
HALLMARK_HEME_METABOLISM,MKRN1,1.0,MSigDB_Hallmark_via_decoupler,MKRN1,True
HALLMARK_HEME_METABOLISM,OPTN,1.0,MSigDB_Hallmark_via_decoupler,OPTN,True
HALLMARK_HEME_METABOLISM,SLC25A38,1.0,MSigDB_Hallmark_via_decoupler,SLC25A38,True
HALLMARK_HEME_METABOLISM,TMCC2,1.0,MSigDB_Hallmark_via_decoupler,TMCC2,True
HALLMARK_HEME_METABOLISM,RANBP10,1.0,MSigDB_Hallmark_via_decoupler,RANBP10,True
HALLMARK_HEME_METABOLISM,MFHAS1,1.0,MSigDB_Hallmark_via_decoupler,MFHAS1,True
HALLMARK_HEME_METABOLISM,FN3K,1.0,MSigDB_Hallmark_via_decoupler,FN3K,True
HALLMARK_HEME_METABOLISM,SLC30A10,1.0,MSigDB_Hallmark_via_decoupler,SLC30A10,True
HALLMARK_HEME_METABOLISM,CIR1,1.0,MSigDB_Hallmark_via_decoupler,CIR1,True
HALLMARK_HEME_METABOLISM,KEL,1.0,MSigDB_Hallmark_via_decoupler,KEL,True
HALLMARK_HEME_METABOLISM,SIDT2,1.0,MSigDB_Hallmark_via_decoupler,SIDT2,True
HALLMARK_HEME_METABOLISM,SPTB,1.0,MSigDB_Hallmark_via_decoupler,SPTB,True
HALLMARK_HEME_METABOLISM,ABCG2,1.0,MSigDB_Hallmark_via_decoupler,ABCG2,True
HALLMARK_HEME_METABOLISM,HBB,1.0,MSigDB_Hallmark_via_decoupler,HBB,True
HALLMARK_HEME_METABOLISM,ATG4A,1.0,MSigDB_Hallmark_via_decoupler,ATG4A,True
HALLMARK_HEME_METABOLISM,FBXO9,1.0,MSigDB_Hallmark_via_decoupler,FBXO9,True
HALLMARK_HEME_METABOLISM,NFE2L1,1.0,MSigDB_Hallmark_via_decoupler,NFE2L1,True
HALLMARK_HEME_METABOLISM,PDZK1IP1,1.0,MSigDB_Hallmark_via_decoupler,PDZK1IP1,True
HALLMARK_HEME_METABOLISM,RNF123,1.0,MSigDB_Hallmark_via_decoupler,RNF123,True
HALLMARK_HEME_METABOLISM,GYPB,1.0,MSigDB_Hallmark_via_decoupler,,False
HALLMARK_HEME_METABOLISM,HTATIP2,1.0,MSigDB_Hallmark_via_decoupler,HTATIP2,True
HALLMARK_HEME_METABOLISM,GYPC,1.0,MSigDB_Hallmark_via_decoupler,GYPC,True
HALLMARK_HEME_METABOLISM,GATA1,1.0,MSigDB_Hallmark_via_decoupler,GATA1,True
HALLMARK_HEME_METABOLISM,SPTA1,1.0,MSigDB_Hallmark_via_decoupler,,False
HALLMARK_HEME_METABOLISM,HBQ1,1.0,MSigDB_Hallmark_via_decoupler,HBQ1,True
HALLMARK_HEME_METABOLISM,BMP2K,1.0,MSigDB_Hallmark_via_decoupler,BMP2K,True
HALLMARK_HEME_METABOLISM,ACKR1,1.0,MSigDB_Hallmark_via_decoupler,ACKR1,True
HALLMARK_HEME_METABOLISM,RHCE,1.0,MSigDB_Hallmark_via_decoupler,RHCE,True
HALLMARK_HEME_METABOLISM,FOXJ2,1.0,MSigDB_Hallmark_via_decoupler,FOXJ2,True
HALLMARK_HEME_METABOLISM,XPO7,1.0,MSigDB_Hallmark_via_decoupler,XPO7,True
HALLMARK_HEME_METABOLISM,SEC14L1,1.0,MSigDB_Hallmark_via_decoupler,SEC14L1,True
HALLMARK_HEME_METABOLISM,GAPVD1,1.0,MSigDB_Hallmark_via_decoupler,GAPVD1,True
HALLMARK_HEME_METABOLISM,RAD23A,1.0,MSigDB_Hallmark_via_decoupler,RAD23A,True
HALLMARK_HEME_METABOLISM,RHD,1.0,MSigDB_Hallmark_via_decoupler,,False
HALLMARK_HEME_METABOLISM,RNF19A,1.0,MSigDB_Hallmark_via_decoupler,RNF19A,True
HALLMARK_HEME_METABOLISM,DAAM1,1.0,MSigDB_Hallmark_via_decoupler,DAAM1,True
HALLMARK_HEME_METABOLISM,EPB42,1.0,MSigDB_Hallmark_via_decoupler,EPB42,True
HALLMARK_HEME_METABOLISM,RBM5,1.0,MSigDB_Hallmark_via_decoupler,RBM5,True
HALLMARK_HEME_METABOLISM,ARL2BP,1.0,MSigDB_Hallmark_via_decoupler,ARL2BP,True
HALLMARK_HEME_METABOLISM,ADD2,1.0,MSigDB_Hallmark_via_decoupler,ADD2,True
HALLMARK_HEME_METABOLISM,MINPP1,1.0,MSigDB_Hallmark_via_decoupler,MINPP1,True
HALLMARK_HEME_METABOLISM,ACP5,1.0,MSigDB_Hallmark_via_decoupler,ACP5,True
HALLMARK_HEME_METABOLISM,TSPO2,1.0,MSigDB_Hallmark_via_decoupler,TSPO2,True
HALLMARK_HEME_METABOLISM,CTNS,1.0,MSigDB_Hallmark_via_decoupler,CTNS,True
HALLMARK_HEME_METABOLISM,HBZ,1.0,MSigDB_Hallmark_via_decoupler,,False
HALLMARK_HEME_METABOLISM,SLC66A2,1.0,MSigDB_Hallmark_via_decoupler,SLC66A2,True
HALLMARK_HEME_METABOLISM,TMEM9B,1.0,MSigDB_Hallmark_via_decoupler,TMEM9B,True
HALLMARK_HEME_METABOLISM,BTRC,1.0,MSigDB_Hallmark_via_decoupler,BTRC,True
HALLMARK_HEME_METABOLISM,TRIM10,1.0,MSigDB_Hallmark_via_decoupler,TRIM10,True
HALLMARK_HEME_METABOLISM,FBXO34,1.0,MSigDB_Hallmark_via_decoupler,FBXO34,True
HALLMARK_HEME_METABOLISM,TNS1,1.0,MSigDB_Hallmark_via_decoupler,TNS1,True
HALLMARK_HEME_METABOLISM,FTCD,1.0,MSigDB_Hallmark_via_decoupler,FTCD,True
HALLMARK_HEME_METABOLISM,GLRX5,1.0,MSigDB_Hallmark_via_decoupler,GLRX5,True
HALLMARK_HEME_METABOLISM,NUDT4,1.0,MSigDB_Hallmark_via_decoupler,NUDT4,True
HALLMARK_HEME_METABOLISM,HAGH,1.0,MSigDB_Hallmark_via_decoupler,HAGH,True
CURATED_NRF2_ANTIOXIDANT_RESPONSE,NQO1,1.0,curated_NRF2_antioxidant_response,NQO1,True
CURATED_NRF2_ANTIOXIDANT_RESPONSE,GCLC,1.0,curated_NRF2_antioxidant_response,GCLC,True
CURATED_NRF2_ANTIOXIDANT_RESPONSE,GCLM,1.0,curated_NRF2_antioxidant_response,GCLM,True
CURATED_NRF2_ANTIOXIDANT_RESPONSE,SLC7A11,1.0,curated_NRF2_antioxidant_response,SLC7A11,True
CURATED_NRF2_ANTIOXIDANT_RESPONSE,TXNRD1,1.0,curated_NRF2_antioxidant_response,TXNRD1,True
CURATED_NRF2_ANTIOXIDANT_RESPONSE,HMOX1,1.0,curated_NRF2_antioxidant_response,HMOX1,True
CURATED_NRF2_ANTIOXIDANT_RESPONSE,FTH1,1.0,curated_NRF2_antioxidant_response,FTH1,True
CURATED_NRF2_ANTIOXIDANT_RESPONSE,FTL,1.0,curated_NRF2_antioxidant_response,FTL,True
CURATED_NRF2_ANTIOXIDANT_RESPONSE,AKR1B1,1.0,curated_NRF2_antioxidant_response,AKR1B1,True
CURATED_NRF2_ANTIOXIDANT_RESPONSE,AKR1C1,1.0,curated_NRF2_antioxidant_response,AKR1C1,True
CURATED_NRF2_ANTIOXIDANT_RESPONSE,AKR1C2,1.0,curated_NRF2_antioxidant_response,AKR1C2,True
CURATED_NRF2_ANTIOXIDANT_RESPONSE,AKR1C3,1.0,curated_NRF2_antioxidant_response,AKR1C3,True
CURATED_NRF2_ANTIOXIDANT_RESPONSE,GSR,1.0,curated_NRF2_antioxidant_response,GSR,True
CURATED_NRF2_ANTIOXIDANT_RESPONSE,GSS,1.0,curated_NRF2_antioxidant_response,GSS,True
CURATED_NRF2_ANTIOXIDANT_RESPONSE,SRXN1,1.0,curated_NRF2_antioxidant_response,SRXN1,True
CURATED_NRF2_ANTIOXIDANT_RESPONSE,GPX2,1.0,curated_NRF2_antioxidant_response,GPX2,True
CURATED_NRF2_ANTIOXIDANT_RESPONSE,ME1,1.0,curated_NRF2_antioxidant_response,ME1,True
CURATED_NRF2_ANTIOXIDANT_RESPONSE,ABCC1,1.0,curated_NRF2_antioxidant_response,ABCC1,True
CURATED_NRF2_ANTIOXIDANT_RESPONSE,ABCC2,1.0,curated_NRF2_antioxidant_response,ABCC2,True
LITERATURE_LUNG_BACH1_EFFECTOR_ACTIVITY,HK2,1.0,published_lung_cancer_effectors,HK2,True
LITERATURE_LUNG_BACH1_EFFECTOR_ACTIVITY,GAPDH,1.0,published_lung_cancer_effectors,GAPDH,True
LITERATURE_LUNG_BACH1_EFFECTOR_ACTIVITY,ITGA2,1.0,published_lung_cancer_effectors,ITGA2,True
LITERATURE_LUNG_BACH1_EFFECTOR_ACTIVITY,MMP1,1.0,published_lung_cancer_effectors,MMP1,True
LITERATURE_LUNG_BACH1_EFFECTOR_ACTIVITY,CXCR4,1.0,published_lung_cancer_effectors,CXCR4,True
