score,model,n_cells,n_patients,n_bach1_detected,beta_bach1_detected,se_cluster_patient,ci_low,ci_high,p_value,r_squared,note,p_holm_within_model_family,p_bh_within_model_family
DOROTHEA_BACH1_ABC_TF_ACTIVITY__mean_z,patient_fixed_effect_qc_state,13694,16,2643,0.032432668313146604,0.006163374724633038,0.020352675829641377,0.04451266079665183,1.4237223362252363e-07,0.4499552308136592,Cluster-robust standard errors by patient. Dataset is absorbed by patient fixed effects in the patient model.,7.118611681126182e-07,7.118611681126182e-07
DOROTHEA_BACH1_ABC_TF_ACTIVITY__mean_z,dataset_fixed_effect_qc_state,13694,16,2643,0.042223490772668855,0.012705039351509287,0.01732207122154653,0.06712491032379118,0.000889382669655174,0.42001077452342195,Cluster-robust standard errors by patient. Dataset is absorbed by patient fixed effects in the patient model.,0.003557530678620696,0.002223456674137935
DOROTHEA_BACH1_ABC_TF_ACTIVITY_NO_HYPOXIA_OVERLAP__mean_z,patient_fixed_effect_qc_state,13694,16,2643,0.03420364525460138,0.006814619343030149,0.020847236773912283,0.04756005373529047,5.189868725234136e-07,0.47714274068220897,Cluster-robust standard errors by patient. Dataset is absorbed by patient fixed effects in the patient model.,2.0759474900936543e-06,1.297467181308534e-06
DOROTHEA_BACH1_ABC_TF_ACTIVITY_NO_HYPOXIA_OVERLAP__mean_z,dataset_fixed_effect_qc_state,13694,16,2643,0.0451812909441535,0.014318526863520985,0.017117493979983103,0.07324508790832389,0.0016025474554414304,0.444391630764281,Cluster-robust standard errors by patient. Dataset is absorbed by patient fixed effects in the patient model.,0.004807642366324291,0.002670912425735717
LITERATURE_LUNG_BACH1_EFFECTOR_ACTIVITY__mean_z,patient_fixed_effect_qc_state,13694,16,2643,0.019741089472721615,0.009295686164234814,0.0015218793792340958,0.03796029956620914,0.033696670728820995,0.21802762863091196,Cluster-robust standard errors by patient. Dataset is absorbed by patient fixed effects in the patient model.,0.06739334145764199,0.04212083841102624
LITERATURE_LUNG_BACH1_EFFECTOR_ACTIVITY__mean_z,dataset_fixed_effect_qc_state,13694,16,2643,0.015067602864926975,0.014221999773898666,-0.012807004480051202,0.04294221020990515,0.2893915215898648,0.18872144346266762,Cluster-robust standard errors by patient. Dataset is absorbed by patient fixed effects in the patient model.,0.5787830431797296,0.361739401987331
COLLECTRI_BACH1_TF_ACTIVITY__mean_z,patient_fixed_effect_qc_state,13694,16,2643,0.02463184066103987,0.006062874382506921,0.012748825228535786,0.036514856093543956,4.8501467061949956e-05,0.11982836878128211,Cluster-robust standard errors by patient. Dataset is absorbed by patient fixed effects in the patient model.,0.00014550440118584986,8.083577843658327e-05
COLLECTRI_BACH1_TF_ACTIVITY__mean_z,dataset_fixed_effect_qc_state,13694,16,2643,0.029227535487609493,0.00699457142906324,0.015518427399352686,0.0429366435758663,2.933054663774988e-05,0.09535753223766741,Cluster-robust standard errors by patient. Dataset is absorbed by patient fixed effects in the patient model.,0.0001466527331887494,0.0001466527331887494
KLENJA2025_BACH1_INVERSE_ACTIVITY__mean_z,patient_fixed_effect_qc_state,13694,16,2643,0.006905762383098307,0.011428802687425464,-0.015494279270670184,0.029305804036866796,0.5456827733554632,0.03480466855057751,Cluster-robust standard errors by patient. Dataset is absorbed by patient fixed effects in the patient model.,0.5456827733554632,0.5456827733554632
KLENJA2025_BACH1_INVERSE_ACTIVITY__mean_z,dataset_fixed_effect_qc_state,13694,16,2643,0.004456999513720003,0.01065886520491455,-0.01643399240397966,0.025347991431419668,0.6758377910068303,0.017978558901971753,Cluster-robust standard errors by patient. Dataset is absorbed by patient fixed effects in the patient model.,0.6758377910068303,0.6758377910068303
