setting,bach1_detected_quantile,nod_score_quantile,patient_id,tissue_group,bach1_detected_fraction,bach1_high_fraction,nod_high_fraction,cohigh_fraction,observed_expected_ratio,high_high_jaccard
bach1_detected_q25__nod_q50,0.25,0.5,P10,adjacent,0.063407481648524,0.04777601455125885,0.5001424501424501,0.025984390805237713,1.0871014875649623,0.04969894568530455
bach1_detected_q25__nod_q50,0.25,0.5,P10,tumor,0.12801530173888612,0.09593084787302392,0.5000504235578862,0.05517221397955243,1.1442416768898975,0.10176400724925208
bach1_detected_q25__nod_q50,0.25,0.5,P11,adjacent,0.03895324903217222,0.029171015481086297,0.5002627022275143,0.019569420286629165,1.3596023152968217,0.038345656661842725
bach1_detected_q25__nod_q50,0.25,0.5,P11,tumor,0.06648368343040233,0.04991439709626297,0.5001410687489358,0.0323862049668279,1.285453316350439,0.062438049272466135
bach1_detected_q25__nod_q50,0.25,0.5,P15,adjacent,0.06334069438965986,0.04746187988827928,0.5,0.028934728646960152,1.219482529854047,0.05580160950774699
bach1_detected_q25__nod_q50,0.25,0.5,P15,tumor,0.12451026955075523,0.0933749883151179,0.5000798466943468,0.04926072428741694,1.0657452957265283,0.09045327880107978
bach1_detected_q25__nod_q50,0.25,0.5,P16,adjacent,0.012481399017483992,0.009206393434680916,0.500154655828432,0.004064624636401138,0.8682812506323382,0.008037244039853323
bach1_detected_q25__nod_q50,0.25,0.5,P16,tumor,0.07503510688094867,0.05627502990586154,0.5,0.0297316273989702,1.0677336747759285,0.056456396431241354
bach1_detected_q25__nod_q50,0.25,0.5,P17,adjacent,0.04242112932254353,0.031733718213983866,0.5002287282708142,0.014430018767139592,0.8785063996850939,0.027852589999102256
bach1_detected_q25__nod_q50,0.25,0.5,P17,tumor,0.15758897164175034,0.11819642673772728,0.5000846596681341,0.06691470866499666,1.1339429526522715,0.12128047760773647
bach1_detected_q25__nod_q50,0.25,0.5,P19,adjacent,0.031173942168136654,0.023262532097800603,0.5001137915339099,0.013025695416562896,1.1212229697141463,0.02549600524939576
bach1_detected_q25__nod_q50,0.25,0.5,P19,tumor,0.11006048132324908,0.08249259611274073,0.5001055297593922,0.0487010597338768,1.1708289661607874,0.09120738931124903
bach1_detected_q25__nod_q50,0.25,0.5,P24,adjacent,0.049454577935249044,0.03718076873075199,0.5001796705586304,0.01810456800845068,0.9852721420352795,0.03485497226063342
bach1_detected_q25__nod_q50,0.25,0.5,P24,tumor,0.07021160910308435,0.05255060841128793,0.5000716127184188,0.028365659807731765,1.084620886327773,0.05406020447434031
bach1_detected_q25__nod_q50,0.25,0.5,P25,adjacent,0.04062545259298247,0.0302840193907024,0.5002429136449645,0.014228051521713277,0.9512987733191755,0.02753766340244622
bach1_detected_q25__nod_q50,0.25,0.5,P25,tumor,0.06530719472445602,0.048970564176136724,0.5,0.03072261864310794,1.2598770851624232,0.05928556645879785
bach1_detected_q25__nod_q75,0.25,0.75,P10,adjacent,0.063407481648524,0.04777601455125885,0.2502069471124846,0.013989346399769852,1.1557801674680803,0.04900655390471513
bach1_detected_q25__nod_q75,0.25,0.75,P10,tumor,0.12801530173888612,0.09593084787302392,0.25013604508333825,0.028563521819537682,1.1677290802669413,0.08911215131980943
bach1_detected_q25__nod_q75,0.25,0.75,P11,adjacent,0.03895324903217222,0.029171015481086297,0.25021836816910004,0.01171146832200053,1.6583223542252936,0.04370741619849387
bach1_detected_q25__nod_q75,0.25,0.75,P11,tumor,0.06648368343040233,0.04991439709626297,0.25018314698708055,0.01592439167018143,1.2696781601725606,0.05558169308591891
bach1_detected_q25__nod_q75,0.25,0.75,P15,adjacent,0.06334069438965986,0.04746187988827928,0.25,0.017820181048118798,1.5018796992481203,0.06372381992631207
bach1_detected_q25__nod_q75,0.25,0.75,P15,tumor,0.12451026955075523,0.0933749883151179,0.2500399233471734,0.027772530400168263,1.213415674257196,0.08817684317699002
bach1_detected_q25__nod_q75,0.25,0.75,P16,adjacent,0.012481399017483992,0.009206393434680916,0.250077327914216,0.0020268656810546754,0.8867038600517038,0.007862248213125405
bach1_detected_q25__nod_q75,0.25,0.75,P16,tumor,0.07503510688094867,0.05627502990586154,0.2502236438341915,0.014986737400530505,1.082001025087036,0.05147147147147148
bach1_detected_q25__nod_q75,0.25,0.75,P17,adjacent,0.04242112932254353,0.031733718213983866,0.25050734996206897,0.007872039606960073,0.9448715079013821,0.028540508593700085
bach1_detected_q25__nod_q75,0.25,0.75,P17,tumor,0.15758897164175034,0.11819642673772728,0.2502210451831643,0.034181611741716286,1.1571542299674542,0.10213275820752457
bach1_detected_q25__nod_q75,0.25,0.75,P19,adjacent,0.031173942168136654,0.023262532097800603,0.2501706873008648,0.007406648001992425,1.3624093392945853,0.027880973193473192
bach1_detected_q25__nod_q75,0.25,0.75,P19,tumor,0.11006048132324908,0.08249259611274073,0.25015829463908823,0.02734481075892701,1.321904718019311,0.08937259923175417
bach1_detected_q25__nod_q75,0.25,0.75,P24,adjacent,0.049454577935249044,0.03718076873075199,0.250186696960834,0.010227169037526634,1.11090514716434,0.036875690473842634
bach1_detected_q25__nod_q75,0.25,0.75,P24,tumor,0.07021160910308435,0.05255060841128793,0.2501087777544225,0.015044899878479947,1.1576941110575034,0.05225626183194991
bach1_detected_q25__nod_q75,0.25,0.75,P25,adjacent,0.04062545259298247,0.0302840193907024,0.25036437046744686,0.006200361956638207,0.7929171693268379,0.0225046904315197
bach1_detected_q25__nod_q75,0.25,0.75,P25,tumor,0.06530719472445602,0.048970564176136724,0.25017146776406035,0.018737179245164295,1.5409563784622415,0.06689412737799835
bach1_detected_q25__nod_q90,0.25,0.9,P10,adjacent,0.063407481648524,0.04777601455125885,0.10035960540846534,0.006458513136037566,1.2876668207361277,0.04476424422197503
bach1_detected_q25__nod_q90,0.25,0.9,P10,tumor,0.12801530173888612,0.09593084787302392,0.10006043717884815,0.010811010642402438,1.1041893670804943,0.057251587601009374
bach1_detected_q25__nod_q90,0.25,0.9,P11,adjacent,0.03895324903217222,0.029171015481086297,0.10019209794634858,0.0052474403043432215,1.9136483168391063,0.04256911708497898
bach1_detected_q25__nod_q90,0.25,0.9,P11,tumor,0.06648368343040233,0.04991439709626297,0.10028132087408184,0.007522370663302276,1.411824049467296,0.05123301843884373
bach1_detected_q25__nod_q90,0.25,0.9,P15,adjacent,0.06334069438965986,0.04746187988827928,0.10021171752668508,0.0067043883450273525,1.4098303855669105,0.04755952380952381
bach1_detected_q25__nod_q90,0.25,0.9,P15,tumor,0.12451026955075523,0.0933749883151179,0.10025805331811702,0.011120599668149348,1.238624143498558,0.062184215751888275
bach1_detected_q25__nod_q90,0.25,0.9,P16,adjacent,0.012481399017483992,0.009206393434680916,0.10024635999806214,0.0007678325050144894,0.9496577150830345,0.0070989153310668605
bach1_detected_q25__nod_q90,0.25,0.9,P16,tumor,0.07503510688094867,0.05627502990586154,0.10017683465959329,0.007177406771727259,1.3301370094818008,0.048961063525088486
bach1_detected_q25__nod_q90,0.25,0.9,P17,adjacent,0.04242112932254353,0.031733718213983866,0.10058303166849608,0.0032145188651230565,0.9581320013024898,0.024480578139114726
bach1_detected_q25__nod_q90,0.25,0.9,P17,tumor,0.15758897164175034,0.11819642673772728,0.10015614580777299,0.013544782480073445,1.1538095668634627,0.06631762652705062
bach1_detected_q25__nod_q90,0.25,0.9,P19,adjacent,0.031173942168136654,0.023262532097800603,0.10006827492034592,0.0032522908597487138,1.423919523099851,0.02695204713252293
bach1_detected_q25__nod_q90,0.25,0.9,P19,tumor,0.11006048132324908,0.08249259611274073,0.10018034162066825,0.011012736164846895,1.3260116974486311,0.0638272338674652
bach1_detected_q25__nod_q90,0.25,0.9,P24,adjacent,0.049454577935249044,0.03718076873075199,0.10019091280215614,0.004421499943724615,1.2300614550746558,0.03349773044692737
bach1_detected_q25__nod_q90,0.25,0.9,P24,tumor,0.07021160910308435,0.05255060841128793,0.10018728000932428,0.0057942339596289884,1.090088801300532,0.039150421879546114
bach1_detected_q25__nod_q90,0.25,0.9,P25,adjacent,0.04062545259298247,0.0302840193907024,0.10033546339045277,0.0030771024158309517,0.9520029784246491,0.02377847330898974
bach1_detected_q25__nod_q90,0.25,0.9,P25,tumor,0.06530719472445602,0.048970564176136724,0.10014503970501253,0.010113451882055348,2.072292546898223,0.07282502443792765
bach1_detected_q50__nod_q50,0.5,0.5,P10,adjacent,0.063407481648524,0.03184619096671214,0.5001424501424501,0.014002802602151136,0.860318675126283,0.02699832824119444
bach1_detected_q50__nod_q50,0.5,0.5,P10,tumor,0.12801530173888612,0.06416890773172444,0.5000504235578862,0.034676318059453815,1.066509531626373,0.06537875191807281
bach1_detected_q50__nod_q50,0.5,0.5,P11,adjacent,0.03895324903217222,0.019564467102171842,0.5002627022275143,0.01153248102685751,1.1945458401661047,0.022673824130879344
bach1_detected_q50__nod_q50,0.5,0.5,P11,tumor,0.06648368343040233,0.03348920298114379,0.5001410687489358,0.01956074963726105,1.15717968358261,0.03799808382359481
bach1_detected_q50__nod_q50,0.5,0.5,P15,adjacent,0.06334069438965986,0.03175887410701123,0.5,0.019052087193156507,1.2006420545746388,0.037162663028933715
bach1_detected_q50__nod_q50,0.5,0.5,P15,tumor,0.12451026955075523,0.06243025585996837,0.5000798466943468,0.03260879355539803,1.0581911330606462,0.061515486663316764
bach1_detected_q50__nod_q50,0.5,0.5,P16,adjacent,0.012481399017483992,0.006240699508741996,0.500154655828432,0.002678168817658342,0.786420658906793,0.005315142554356545
bach1_detected_q50__nod_q50,0.5,0.5,P16,tumor,0.07503510688094867,0.037741197274665836,0.5,0.019880896655744527,1.0563300142247511,0.03837489547614022
bach1_detected_q50__nod_q50,0.5,0.5,P17,adjacent,0.04242112932254353,0.02137482221711933,0.5002287282708142,0.00820055471865521,0.7275238675604307,0.01595853858784893
bach1_detected_q50__nod_q50,0.5,0.5,P17,tumor,0.15758897164175034,0.0789732011699724,0.5000846596681341,0.042816324575357556,1.0834053409313855,0.07980527032864786
bach1_detected_q50__nod_q50,0.5,0.5,P19,adjacent,0.031173942168136654,0.015586971084068327,0.5001137915339099,0.00790314408155203,1.0260214385583346,0.015551323865041454
bach1_detected_q50__nod_q50,0.5,0.5,P19,tumor,0.11006048132324908,0.05513577042101669,0.5001055297593922,0.030776628451898595,1.1079322249117098,0.05866988335729153
bach1_detected_q50__nod_q50,0.5,0.5,P24,adjacent,0.049454577935249044,0.02490695952625494,0.5001796705586304,0.010945851272048304,0.8875648964692562,0.021283237914721396
bach1_detected_q50__nod_q50,0.5,0.5,P24,tumor,0.07021160910308435,0.03517877594675525,0.5000716127184188,0.019247349911364106,1.1002504393360513,0.03727910267497969
bach1_detected_q50__nod_q50,0.5,0.5,P25,adjacent,0.04062545259298247,0.020428413478351483,0.5002429136449645,0.00849043829251607,0.8608832228711998,0.016580257387432275
bach1_detected_q50__nod_q50,0.5,0.5,P25,tumor,0.06530719472445602,0.03301619662475931,0.5,0.020226903764110696,1.2318840579710146,0.039449124150473816
bach1_detected_q50__nod_q75,0.5,0.75,P10,adjacent,0.063407481648524,0.03184619096671214,0.2502069471124846,0.0061736128511372815,0.7450554732121937,0.022260977027614832
bach1_detected_q50__nod_q75,0.5,0.75,P10,tumor,0.12801530173888612,0.06416890773172444,0.25013604508333825,0.018732841598687388,1.1481947081971984,0.06293796357235443
bach1_detected_q50__nod_q75,0.5,0.75,P11,adjacent,0.03895324903217222,0.019564467102171842,0.25021836816910004,0.005943576747085999,1.2556215291639021,0.02251432186412681
bach1_detected_q50__nod_q75,0.5,0.75,P11,tumor,0.06648368343040233,0.03348920298114379,0.25018314698708055,0.008819538174998857,1.0451820796638058,0.03192170491581082
bach1_detected_q50__nod_q75,0.5,0.75,P15,adjacent,0.06334069438965986,0.03175887410701123,0.25,0.011643218863428997,1.4673416471169278,0.04310824416798921
bach1_detected_q50__nod_q75,0.5,0.75,P15,tumor,0.12451026955075523,0.06243025585996837,0.2500399233471734,0.019207024951118243,1.2614531157784343,0.0656597711180309
bach1_detected_q50__nod_q75,0.5,0.75,P16,adjacent,0.012481399017483992,0.006240699508741996,0.250077327914216,0.001408242367326369,0.8797270190900229,0.005514705882352941
bach1_detected_q50__nod_q75,0.5,0.75,P16,tumor,0.07503510688094867,0.037741197274665836,0.2502236438341915,0.011176990690175274,1.1949470470941437,0.0403729384573197
bach1_detected_q50__nod_q75,0.5,0.75,P17,adjacent,0.04242112932254353,0.02137482221711933,0.25050734996206897,0.004986035853532154,0.8816991397973064,0.018604945565026586
bach1_detected_q50__nod_q75,0.5,0.75,P17,tumor,0.15758897164175034,0.0789732011699724,0.2502210451831643,0.022028968003104568,1.1145705852055632,0.07162596574639365
bach1_detected_q50__nod_q75,0.5,0.75,P19,adjacent,0.031173942168136654,0.015586971084068327,0.2501706873008648,0.004398472187631505,1.2072062084257207,0.01684103969920652
bach1_detected_q50__nod_q75,0.5,0.75,P19,tumor,0.11006048132324908,0.05513577042101669,0.25015829463908823,0.017339312456813458,1.252035710698559,0.06011739715587554
bach1_detected_q50__nod_q75,0.5,0.75,P24,adjacent,0.049454577935249044,0.02490695952625494,0.250186696960834,0.005915075630396614,0.9607509557458902,0.021965105959338115
bach1_detected_q50__nod_q75,0.5,0.75,P24,tumor,0.07021160910308435,0.03517877594675525,0.2501087777544225,0.010129040014996447,1.1597525889865663,0.03676702874778256
bach1_detected_q50__nod_q75,0.5,0.75,P25,adjacent,0.04062545259298247,0.020428413478351483,0.25036437046744686,0.0023829793246694527,0.4503985487484879,0.008846259464124593
bach1_detected_q50__nod_q75,0.5,0.75,P25,tumor,0.06530719472445602,0.03301619662475931,0.25017146776406035,0.01118158593523867,1.3632162001191186,0.0411271059700752
bach1_detected_q50__nod_q90,0.5,0.9,P10,adjacent,0.063407481648524,0.03184619096671214,0.10035960540846534,0.002252289874439712,0.6583350336248082,0.01700605393505779
bach1_detected_q50__nod_q90,0.5,0.9,P10,tumor,0.12801530173888612,0.06416890773172444,0.10006043717884815,0.007712409152035559,1.189288801831702,0.04859847971409048
bach1_detected_q50__nod_q90,0.5,0.9,P11,adjacent,0.03895324903217222,0.019564467102171842,0.10019209794634858,0.0026237201521716108,1.4212698531366295,0.022489712485160095
bach1_detected_q50__nod_q90,0.5,0.9,P11,tumor,0.06648368343040233,0.03348920298114379,0.10028132087408184,0.004173442053029629,1.113599558932339,0.031361771986708344
bach1_detected_q50__nod_q90,0.5,0.9,P15,adjacent,0.06334069438965986,0.03175887410701123,0.10021171752668508,0.005291693062876768,1.664583924391302,0.04179081315952825
bach1_detected_q50__nod_q90,0.5,0.9,P15,tumor,0.12451026955075523,0.06243025585996837,0.10025805331811702,0.007710744151716509,1.2819746514667865,0.0504451566951567
bach1_detected_q50__nod_q90,0.5,0.9,P16,adjacent,0.012481399017483992,0.006240699508741996,0.10024635999806214,0.000469414122442123,0.7315459075003803,0.004404761904761904
bach1_detected_q50__nod_q90,0.5,0.9,P16,tumor,0.07503510688094867,0.037741197274665836,0.10017683465959329,0.005156810734904042,1.4179607848052087,0.03928802883358157
bach1_detected_q50__nod_q90,0.5,0.9,P17,adjacent,0.04242112932254353,0.02137482221711933,0.10058303166849608,0.0022289735300376427,1.0494058229352348,0.018518518518518517
bach1_detected_q50__nod_q90,0.5,0.9,P17,tumor,0.15758897164175034,0.0789732011699724,0.10015614580777299,0.00822090605847263,1.0429758271549008,0.04807574698584659
bach1_detected_q50__nod_q90,0.5,0.9,P19,adjacent,0.031173942168136654,0.015586971084068327,0.10006827492034592,0.0018619944864781304,1.1858924611973394,0.01625348466746316
bach1_detected_q50__nod_q90,0.5,0.9,P19,tumor,0.11006048132324908,0.05513577042101669,0.10018034162066825,0.007122754635915609,1.2721265357590732,0.04776348039215686
bach1_detected_q50__nod_q90,0.5,0.9,P24,adjacent,0.049454577935249044,0.02490695952625494,0.10019091280215614,0.0020998354859363515,0.8882014200348591,0.017239622256946804
bach1_detected_q50__nod_q90,0.5,0.9,P24,tumor,0.07021160910308435,0.03517877594675525,0.10018728000932428,0.004491618260147894,1.2575621751806312,0.03410678862146131
bach1_detected_q50__nod_q90,0.5,0.9,P25,adjacent,0.04062545259298247,0.020428413478351483,0.10033546339045277,0.00141132474481115,0.6299058522940952,0.011653103083234088
bach1_detected_q50__nod_q90,0.5,0.9,P25,tumor,0.06530719472445602,0.03301619662475931,0.10014503970501253,0.006144523728621587,1.8668677738930388,0.04839391377852916
bach1_detected_q75__nod_q50,0.75,0.5,P10,adjacent,0.063407481648524,0.016201267667065714,0.5001424501424501,0.004504579748879424,0.5194068515789004,0.008792065178887708
bach1_detected_q75__nod_q50,0.75,0.5,P10,tumor,0.12801530173888612,0.03208445386586222,0.5000504235578862,0.015233517542775504,0.9164102511764619,0.029444094527330315
bach1_detected_q75__nod_q50,0.75,0.5,P11,adjacent,0.03895324903217222,0.009782233551085921,0.5002627022275143,0.0048944188985145095,1.0315170911692515,0.009687037491468754
bach1_detected_q75__nod_q50,0.75,0.5,P11,tumor,0.06648368343040233,0.016919916647004426,0.5001410687489358,0.007561655453432956,0.8907152513225214,0.014824507563687785
bach1_detected_q75__nod_q50,0.75,0.5,P15,adjacent,0.06334069438965986,0.016055868325743176,0.5,0.009350234876465736,1.1652173913043478,0.018453212290502792
bach1_detected_q75__nod_q50,0.75,0.5,P15,tumor,0.12451026955075523,0.03129497462433104,0.5000798466943468,0.015189251271704668,0.9808556348011952,0.029417152662109897
bach1_detected_q75__nod_q50,0.75,0.5,P16,adjacent,0.012481399017483992,0.003275005582803075,0.500154655828432,0.001408242367326369,0.8362788484457491,0.0028043718855320344
bach1_detected_q75__nod_q50,0.75,0.5,P16,tumor,0.07503510688094867,0.018981120299578717,0.5,0.010487855619701461,1.096846846846847,0.020622819755634694
bach1_detected_q75__nod_q50,0.75,0.5,P17,adjacent,0.04242112932254353,0.010687411108559666,0.5002287282708142,0.002757062323494511,0.4610095470241723,0.005422864725190307
bach1_detected_q75__nod_q50,0.75,0.5,P17,tumor,0.15758897164175034,0.03958065626594934,0.5000846596681341,0.019884383813937798,1.0041785640693532,0.03824378236142942
bach1_detected_q75__nod_q50,0.75,0.5,P19,adjacent,0.031173942168136654,0.00791141007033605,0.5001137915339099,0.003699191006604203,1.0253260539884743,0.007338627849221102
bach1_detected_q75__nod_q50,0.75,0.5,P19,tumor,0.11006048132324908,0.027567885210508344,0.5001055297593922,0.01385943503265373,0.9977883530698894,0.026968846749226005
bach1_detected_q75__nod_q50,0.75,0.5,P24,adjacent,0.049454577935249044,0.012633150321757887,0.5001796705586304,0.003952752289869185,0.6304051131016726,0.0077662362636818
bach1_detected_q75__nod_q50,0.75,0.5,P24,tumor,0.07021160910308435,0.01766100069179642,0.5000716127184188,0.00854269079542876,0.9643166567529955,0.01677162368201765
bach1_detected_q75__nod_q50,0.75,0.5,P25,adjacent,0.04062545259298247,0.010341433202280068,0.5002429136449645,0.004349367046874209,0.8547863586581319,0.008590143205810568
bach1_detected_q75__nod_q50,0.75,0.5,P25,tumor,0.06530719472445602,0.016679566076440014,0.5,0.009005990360050842,1.0869565217391306,0.017743353109206765
bach1_detected_q75__nod_q75,0.75,0.75,P10,adjacent,0.063407481648524,0.016201267667065714,0.2502069471124846,0.0016959455070204256,0.37719310420198804,0.0063749381931200114
bach1_detected_q75__nod_q75,0.75,0.75,P10,tumor,0.12801530173888612,0.03208445386586222,0.25013604508333825,0.009383862339009253,1.132467250658187,0.03424793147114439
bach1_detected_q75__nod_q75,0.75,0.75,P11,adjacent,0.03895324903217222,0.009782233551085921,0.25021836816910004,0.00192263052497151,0.8067992693574806,0.0074454195382352446
bach1_detected_q75__nod_q75,0.75,0.75,P11,tumor,0.06648368343040233,0.016919916647004426,0.25018314698708055,0.002653506154352044,0.5961021157641309,0.009980396312412381
bach1_detected_q75__nod_q75,0.75,0.75,P15,adjacent,0.06334069438965986,0.016055868325743176,0.25,0.005291693062876768,1.319806763285024,0.02029590566175932
bach1_detected_q75__nod_q75,0.75,0.75,P15,tumor,0.12451026955075523,0.03129497462433104,0.2500399233471734,0.008540066486979147,1.139797547989657,0.03145065748564921
bach1_detected_q75__nod_q75,0.75,0.75,P16,adjacent,0.012481399017483992,0.003275005582803075,0.250077327914216,0.0006186233137283062,0.8074446499582639,0.002447460385849012
bach1_detected_q75__nod_q75,0.75,0.75,P16,tumor,0.07503510688094867,0.018981120299578717,0.2502236438341915,0.006477869662453841,1.368145086152869,0.02464309106611872
bach1_detected_q75__nod_q75,0.75,0.75,P17,adjacent,0.04242112932254353,0.010687411108559666,0.25050734996206897,0.0017715169884090973,0.6210890153329374,0.006810833020704932
bach1_detected_q75__nod_q75,0.75,0.75,P17,tumor,0.15758897164175034,0.03958065626594934,0.2502210451831643,0.009876324264492857,0.9925662392518042,0.035243902439024394
bach1_detected_q75__nod_q75,0.75,0.75,P19,adjacent,0.031173942168136654,0.00791141007033605,0.2501706873008648,0.0016013474635222988,1.0170562770562772,0.006295087318426636
bach1_detected_q75__nod_q75,0.75,0.75,P19,tumor,0.11006048132324908,0.027567885210508344,0.25015829463908823,0.007568903539078275,1.10494600764706,0.028005480209076884
bach1_detected_q75__nod_q75,0.75,0.75,P24,adjacent,0.049454577935249044,0.012633150321757887,0.250186696960834,0.0023497700666025925,0.7414550388398624,0.009013831928449281
bach1_detected_q75__nod_q75,0.75,0.75,P24,tumor,0.07021160910308435,0.01766100069179642,0.2501087777544225,0.004051072535280865,0.924954498136842,0.015352097943715788
bach1_detected_q75__nod_q75,0.75,0.75,P25,adjacent,0.04062545259298247,0.010341433202280068,0.25036437046744686,0.0009485760173701507,0.34791702918869255,0.0036438264365890433
bach1_detected_q75__nod_q75,0.75,0.75,P25,tumor,0.06530719472445602,0.016679566076440014,0.25017146776406035,0.005037062206617083,1.2164383561643834,0.019247246022031823
bach1_detected_q75__nod_q90,0.75,0.9,P10,adjacent,0.063407481648524,0.016201267667065714,0.10035960540846534,0.0005698005698005698,0.2932820855614973,0.004807692307692308
bach1_detected_q75__nod_q90,0.75,0.9,P10,tumor,0.12801530173888612,0.03208445386586222,0.10006043717884815,0.00417471735253205,1.2676004479433554,0.03226472758401741
bach1_detected_q75__nod_q90,0.75,0.9,P11,adjacent,0.03895324903217222,0.009782233551085921,0.10019209794634858,0.0005237533935428575,0.5203565257841574,0.004758986928104576
bach1_detected_q75__nod_q90,0.75,0.9,P11,tumor,0.06648368343040233,0.016919916647004426,0.10028132087408184,0.0012322977715114396,0.6038215291429786,0.010361110296601103
bach1_detected_q75__nod_q90,0.75,0.9,P15,adjacent,0.06334069438965986,0.016055868325743176,0.10021171752668508,0.002821655251550902,1.7571511510378341,0.024888256806176352
bach1_detected_q75__nod_q90,0.75,0.9,P15,tumor,0.12451026955075523,0.03129497462433104,0.10025805331811702,0.004110339854795865,1.3625909836865269,0.03249954971181556
bach1_detected_q75__nod_q90,0.75,0.9,P16,adjacent,0.012481399017483992,0.003275005582803075,0.10024635999806214,0.0003093116568641531,1.0070811152705121,0.0029961874859834045
bach1_detected_q75__nod_q90,0.75,0.9,P16,tumor,0.07503510688094867,0.018981120299578717,0.10017683465959329,0.0029151713735892236,1.6000788784379094,0.02525925925925926
bach1_detected_q75__nod_q90,0.75,0.9,P17,adjacent,0.04242112932254353,0.010687411108559666,0.10058303166849608,0.0007859716533236832,0.8007130124777185,0.007144264879779267
bach1_detected_q75__nod_q90,0.75,0.9,P17,tumor,0.15758897164175034,0.03958065626594934,0.10015614580777299,0.0036118910332607387,0.8978129341045451,0.026412446865585408
bach1_detected_q75__nod_q90,0.75,0.9,P19,adjacent,0.031173942168136654,0.00791141007033605,0.10006827492034592,0.0004551661356395084,0.7681818181818182,0.004329004329004329
bach1_detected_q75__nod_q90,0.75,0.9,P19,tumor,0.11006048132324908,0.027567885210508344,0.10018034162066825,0.0030817882521852052,1.1424666317726118,0.02480684744735646
bach1_detected_q75__nod_q90,0.75,0.9,P24,adjacent,0.049454577935249044,0.012633150321757887,0.10019091280215614,0.0009124055975592525,0.7069266226237767,0.008122456927917679
bach1_detected_q75__nod_q90,0.75,0.9,P24,tumor,0.07021160910308435,0.01766100069179642,0.10018728000932428,0.0018836695075971355,1.0495192733134504,0.01618239713418578
bach1_detected_q75__nod_q90,0.75,0.9,P25,adjacent,0.04062545259298247,0.010341433202280068,0.10033546339045277,0.00046274872744099955,0.3830202056008508,0.004149377593360996
bach1_detected_q75__nod_q90,0.75,0.9,P25,tumor,0.06530719472445602,0.016679566076440014,0.10014503970501253,0.0025185311033085415,1.5195522598420543,0.022054986955649208
