score,held_out_patient,n_patients,median_delta,sign,wilcoxon_p
COLLECTRI_BACH1_TF_ACTIVITY__mean_z,AL02,15,0.03636653989098984,positive,0.02557373046875
COLLECTRI_BACH1_TF_ACTIVITY__mean_z,AL06,14,0.03479443770451529,positive,0.0494384765625
COLLECTRI_BACH1_TF_ACTIVITY__mean_z,AL08,14,0.038273015244981314,positive,0.0352783203125
COLLECTRI_BACH1_TF_ACTIVITY__mean_z,AL10,14,0.038273015244981314,positive,0.0352783203125
COLLECTRI_BACH1_TF_ACTIVITY__mean_z,AL11,14,0.03479443770451529,positive,0.0352783203125
COLLECTRI_BACH1_TF_ACTIVITY__mean_z,P0006,14,0.03479443770451529,positive,0.0418701171875
COLLECTRI_BACH1_TF_ACTIVITY__mean_z,P0008,14,0.03479443770451529,positive,0.0494384765625
COLLECTRI_BACH1_TF_ACTIVITY__mean_z,P0009,14,0.03479443770451529,positive,0.0494384765625
COLLECTRI_BACH1_TF_ACTIVITY__mean_z,P0018,14,0.038273015244981314,positive,0.029541015625
COLLECTRI_BACH1_TF_ACTIVITY__mean_z,P0019,14,0.03670091305850676,positive,0.0352783203125
COLLECTRI_BACH1_TF_ACTIVITY__mean_z,P0020,14,0.03479443770451529,positive,0.0418701171875
COLLECTRI_BACH1_TF_ACTIVITY__mean_z,P0025,14,0.038273015244981314,positive,0.0040283203125
COLLECTRI_BACH1_TF_ACTIVITY__mean_z,P0028,14,0.038273015244981314,positive,0.0352783203125
COLLECTRI_BACH1_TF_ACTIVITY__mean_z,P0030,14,0.03479443770451529,positive,0.0418701171875
COLLECTRI_BACH1_TF_ACTIVITY__mean_z,P0031,14,0.038273015244981314,positive,0.008544921875
COLLECTRI_BACH1_TF_ACTIVITY__mean_z,P0034,14,0.038273015244981314,positive,0.0352783203125
CURATED_NRF2_ANTIOXIDANT_RESPONSE__mean_z,AL02,15,0.030927537579832687,positive,0.05535888671875
CURATED_NRF2_ANTIOXIDANT_RESPONSE__mean_z,AL06,14,0.03132590092037285,positive,0.008544921875
CURATED_NRF2_ANTIOXIDANT_RESPONSE__mean_z,AL08,14,0.02990966014250615,positive,0.0784912109375
CURATED_NRF2_ANTIOXIDANT_RESPONSE__mean_z,AL10,14,0.03132590092037285,positive,0.0245361328125
CURATED_NRF2_ANTIOXIDANT_RESPONSE__mean_z,AL11,14,0.02990966014250615,positive,0.090576171875
CURATED_NRF2_ANTIOXIDANT_RESPONSE__mean_z,P0006,14,0.03132590092037285,positive,0.0784912109375
CURATED_NRF2_ANTIOXIDANT_RESPONSE__mean_z,P0008,14,0.03132590092037285,positive,0.0579833984375
CURATED_NRF2_ANTIOXIDANT_RESPONSE__mean_z,P0009,14,0.02990966014250615,positive,0.090576171875
CURATED_NRF2_ANTIOXIDANT_RESPONSE__mean_z,P0018,14,0.03132590092037285,positive,0.0784912109375
CURATED_NRF2_ANTIOXIDANT_RESPONSE__mean_z,P0019,14,0.02990966014250615,positive,0.090576171875
CURATED_NRF2_ANTIOXIDANT_RESPONSE__mean_z,P0020,14,0.02990966014250615,positive,0.090576171875
CURATED_NRF2_ANTIOXIDANT_RESPONSE__mean_z,P0025,14,0.03132590092037285,positive,0.0494384765625
CURATED_NRF2_ANTIOXIDANT_RESPONSE__mean_z,P0028,14,0.02990966014250615,positive,0.10400390625
CURATED_NRF2_ANTIOXIDANT_RESPONSE__mean_z,P0030,14,0.030308023483046315,positive,0.0784912109375
CURATED_NRF2_ANTIOXIDANT_RESPONSE__mean_z,P0031,14,0.02990966014250615,positive,0.090576171875
CURATED_NRF2_ANTIOXIDANT_RESPONSE__mean_z,P0034,14,0.03132590092037285,positive,0.067626953125
DOROTHEA_BACH1_ABC_TF_ACTIVITY__mean_z,AL02,15,0.08741285434186578,positive,6.103515625e-05
DOROTHEA_BACH1_ABC_TF_ACTIVITY__mean_z,AL06,14,0.08407185153988109,positive,0.0001220703125
DOROTHEA_BACH1_ABC_TF_ACTIVITY__mean_z,AL08,14,0.08407185153988109,positive,0.0001220703125
DOROTHEA_BACH1_ABC_TF_ACTIVITY__mean_z,AL10,14,0.08407185153988109,positive,0.0001220703125
DOROTHEA_BACH1_ABC_TF_ACTIVITY__mean_z,AL11,14,0.08812971606812911,positive,0.0001220703125
DOROTHEA_BACH1_ABC_TF_ACTIVITY__mean_z,P0006,14,0.08407185153988109,positive,0.0001220703125
DOROTHEA_BACH1_ABC_TF_ACTIVITY__mean_z,P0008,14,0.08812971606812911,positive,0.0001220703125
DOROTHEA_BACH1_ABC_TF_ACTIVITY__mean_z,P0009,14,0.08407185153988109,positive,0.0001220703125
DOROTHEA_BACH1_ABC_TF_ACTIVITY__mean_z,P0018,14,0.0847887132661444,positive,0.0001220703125
DOROTHEA_BACH1_ABC_TF_ACTIVITY__mean_z,P0019,14,0.08812971606812911,positive,0.0001220703125
DOROTHEA_BACH1_ABC_TF_ACTIVITY__mean_z,P0020,14,0.08407185153988109,positive,0.0001220703125
DOROTHEA_BACH1_ABC_TF_ACTIVITY__mean_z,P0025,14,0.08812971606812911,positive,0.0001220703125
DOROTHEA_BACH1_ABC_TF_ACTIVITY__mean_z,P0028,14,0.08812971606812911,positive,0.0001220703125
DOROTHEA_BACH1_ABC_TF_ACTIVITY__mean_z,P0030,14,0.08812971606812911,positive,0.0001220703125
DOROTHEA_BACH1_ABC_TF_ACTIVITY__mean_z,P0031,14,0.08407185153988109,positive,0.0001220703125
DOROTHEA_BACH1_ABC_TF_ACTIVITY__mean_z,P0034,14,0.08812971606812911,positive,0.0001220703125
HALLMARK_EPITHELIAL_MESENCHYMAL_TRANSITION__mean_z,AL02,15,0.07502784279673755,positive,6.103515625e-05
HALLMARK_EPITHELIAL_MESENCHYMAL_TRANSITION__mean_z,AL06,14,0.07417042363585966,positive,0.0001220703125
HALLMARK_EPITHELIAL_MESENCHYMAL_TRANSITION__mean_z,AL08,14,0.0754042774181187,positive,0.0001220703125
HALLMARK_EPITHELIAL_MESENCHYMAL_TRANSITION__mean_z,AL10,14,0.07417042363585966,positive,0.0001220703125
HALLMARK_EPITHELIAL_MESENCHYMAL_TRANSITION__mean_z,AL11,14,0.0754042774181187,positive,0.0001220703125
HALLMARK_EPITHELIAL_MESENCHYMAL_TRANSITION__mean_z,P0006,14,0.07417042363585966,positive,0.0001220703125
HALLMARK_EPITHELIAL_MESENCHYMAL_TRANSITION__mean_z,P0008,14,0.07417042363585966,positive,0.0001220703125
HALLMARK_EPITHELIAL_MESENCHYMAL_TRANSITION__mean_z,P0009,14,0.07417042363585966,positive,0.0001220703125
HALLMARK_EPITHELIAL_MESENCHYMAL_TRANSITION__mean_z,P0018,14,0.07417042363585966,positive,0.0001220703125
HALLMARK_EPITHELIAL_MESENCHYMAL_TRANSITION__mean_z,P0019,14,0.0754042774181187,positive,0.0001220703125
HALLMARK_EPITHELIAL_MESENCHYMAL_TRANSITION__mean_z,P0020,14,0.07417042363585966,positive,0.0001220703125
HALLMARK_EPITHELIAL_MESENCHYMAL_TRANSITION__mean_z,P0025,14,0.0754042774181187,positive,0.0001220703125
HALLMARK_EPITHELIAL_MESENCHYMAL_TRANSITION__mean_z,P0028,14,0.0754042774181187,positive,0.0001220703125
HALLMARK_EPITHELIAL_MESENCHYMAL_TRANSITION__mean_z,P0030,14,0.0754042774181187,positive,0.0001220703125
HALLMARK_EPITHELIAL_MESENCHYMAL_TRANSITION__mean_z,P0031,14,0.0745468582572408,positive,0.0001220703125
HALLMARK_EPITHELIAL_MESENCHYMAL_TRANSITION__mean_z,P0034,14,0.0754042774181187,positive,0.0001220703125
HALLMARK_GLYCOLYSIS__mean_z,AL02,15,0.061025497217739234,positive,6.103515625e-05
HALLMARK_GLYCOLYSIS__mean_z,AL06,14,0.06344705819557384,positive,0.0001220703125
HALLMARK_GLYCOLYSIS__mean_z,AL08,14,0.05562176041617191,positive,0.0001220703125
HALLMARK_GLYCOLYSIS__mean_z,AL10,14,0.05562176041617191,positive,0.0001220703125
HALLMARK_GLYCOLYSIS__mean_z,AL11,14,0.05804332139400652,positive,0.0001220703125
HALLMARK_GLYCOLYSIS__mean_z,P0006,14,0.05562176041617191,positive,0.0001220703125
HALLMARK_GLYCOLYSIS__mean_z,P0008,14,0.06344705819557384,positive,0.0001220703125
HALLMARK_GLYCOLYSIS__mean_z,P0009,14,0.05562176041617191,positive,0.0001220703125
HALLMARK_GLYCOLYSIS__mean_z,P0018,14,0.05562176041617191,positive,0.0001220703125
HALLMARK_GLYCOLYSIS__mean_z,P0019,14,0.06344705819557384,positive,0.0001220703125
HALLMARK_GLYCOLYSIS__mean_z,P0020,14,0.05562176041617191,positive,0.0001220703125
HALLMARK_GLYCOLYSIS__mean_z,P0025,14,0.06344705819557384,positive,0.0001220703125
HALLMARK_GLYCOLYSIS__mean_z,P0028,14,0.06344705819557384,positive,0.0001220703125
HALLMARK_GLYCOLYSIS__mean_z,P0030,14,0.06344705819557384,positive,0.0001220703125
HALLMARK_GLYCOLYSIS__mean_z,P0031,14,0.05562176041617191,positive,0.0001220703125
HALLMARK_GLYCOLYSIS__mean_z,P0034,14,0.06344705819557384,positive,0.0001220703125
HALLMARK_HEME_METABOLISM__mean_z,AL02,15,0.07917439199325142,positive,6.103515625e-05
HALLMARK_HEME_METABOLISM__mean_z,AL06,14,0.07706253650755601,positive,0.0001220703125
HALLMARK_HEME_METABOLISM__mean_z,AL08,14,0.07706253650755601,positive,0.0001220703125
HALLMARK_HEME_METABOLISM__mean_z,AL10,14,0.07706253650755601,positive,0.0001220703125
HALLMARK_HEME_METABOLISM__mean_z,AL11,14,0.0797671509311334,positive,0.0001220703125
HALLMARK_HEME_METABOLISM__mean_z,P0006,14,0.07706253650755601,positive,0.0001220703125
HALLMARK_HEME_METABOLISM__mean_z,P0008,14,0.08187900641682883,positive,0.0001220703125
HALLMARK_HEME_METABOLISM__mean_z,P0009,14,0.07706253650755601,positive,0.0001220703125
HALLMARK_HEME_METABOLISM__mean_z,P0018,14,0.08187900641682883,positive,0.0001220703125
HALLMARK_HEME_METABOLISM__mean_z,P0019,14,0.08187900641682883,positive,0.0001220703125
HALLMARK_HEME_METABOLISM__mean_z,P0020,14,0.07706253650755601,positive,0.0001220703125
HALLMARK_HEME_METABOLISM__mean_z,P0025,14,0.08187900641682883,positive,0.0001220703125
HALLMARK_HEME_METABOLISM__mean_z,P0028,14,0.08187900641682883,positive,0.0001220703125
HALLMARK_HEME_METABOLISM__mean_z,P0030,14,0.08187900641682883,positive,0.0001220703125
HALLMARK_HEME_METABOLISM__mean_z,P0031,14,0.07706253650755601,positive,0.0001220703125
HALLMARK_HEME_METABOLISM__mean_z,P0034,14,0.08187900641682883,positive,0.0001220703125
HALLMARK_HYPOXIA__mean_z,AL02,15,0.09150360821349142,positive,0.0001220703125
HALLMARK_HYPOXIA__mean_z,AL06,14,0.08620623142981174,positive,0.000244140625
HALLMARK_HYPOXIA__mean_z,AL08,14,0.08620623142981174,positive,0.000244140625
HALLMARK_HYPOXIA__mean_z,AL10,14,0.08620623142981174,positive,0.000244140625
HALLMARK_HYPOXIA__mean_z,AL11,14,0.09189854069953315,positive,0.000244140625
HALLMARK_HYPOXIA__mean_z,P0006,14,0.08660116391585346,positive,0.000244140625
HALLMARK_HYPOXIA__mean_z,P0008,14,0.09189854069953315,positive,0.000244140625
HALLMARK_HYPOXIA__mean_z,P0009,14,0.08620623142981174,positive,0.000244140625
HALLMARK_HYPOXIA__mean_z,P0018,14,0.08620623142981174,positive,0.000244140625
HALLMARK_HYPOXIA__mean_z,P0019,14,0.09189854069953315,positive,0.000244140625
HALLMARK_HYPOXIA__mean_z,P0020,14,0.08620623142981174,positive,0.000244140625
HALLMARK_HYPOXIA__mean_z,P0025,14,0.09189854069953315,positive,0.0001220703125
HALLMARK_HYPOXIA__mean_z,P0028,14,0.09189854069953315,positive,0.000244140625
HALLMARK_HYPOXIA__mean_z,P0030,14,0.09189854069953315,positive,0.000244140625
HALLMARK_HYPOXIA__mean_z,P0031,14,0.08620623142981174,positive,0.000244140625
HALLMARK_HYPOXIA__mean_z,P0034,14,0.09189854069953315,positive,0.000244140625
HALLMARK_OXIDATIVE_PHOSPHORYLATION__mean_z,AL02,15,0.036333620554459004,positive,0.00537109375
HALLMARK_OXIDATIVE_PHOSPHORYLATION__mean_z,AL06,14,0.050665398782618234,positive,0.0001220703125
HALLMARK_OXIDATIVE_PHOSPHORYLATION__mean_z,AL08,14,0.03397581457045885,positive,0.008544921875
HALLMARK_OXIDATIVE_PHOSPHORYLATION__mean_z,AL10,14,0.050665398782618234,positive,0.008544921875
HALLMARK_OXIDATIVE_PHOSPHORYLATION__mean_z,AL11,14,0.03397581457045885,positive,0.008544921875
HALLMARK_OXIDATIVE_PHOSPHORYLATION__mean_z,P0006,14,0.03397581457045885,positive,0.008544921875
HALLMARK_OXIDATIVE_PHOSPHORYLATION__mean_z,P0008,14,0.03397581457045885,positive,0.008544921875
HALLMARK_OXIDATIVE_PHOSPHORYLATION__mean_z,P0009,14,0.03397581457045885,positive,0.0107421875
HALLMARK_OXIDATIVE_PHOSPHORYLATION__mean_z,P0018,14,0.04830759279861808,positive,0.008544921875
HALLMARK_OXIDATIVE_PHOSPHORYLATION__mean_z,P0019,14,0.050665398782618234,positive,0.008544921875
HALLMARK_OXIDATIVE_PHOSPHORYLATION__mean_z,P0020,14,0.03397581457045885,positive,0.008544921875
HALLMARK_OXIDATIVE_PHOSPHORYLATION__mean_z,P0025,14,0.050665398782618234,positive,0.008544921875
HALLMARK_OXIDATIVE_PHOSPHORYLATION__mean_z,P0028,14,0.050665398782618234,positive,0.008544921875
HALLMARK_OXIDATIVE_PHOSPHORYLATION__mean_z,P0030,14,0.050665398782618234,positive,0.008544921875
HALLMARK_OXIDATIVE_PHOSPHORYLATION__mean_z,P0031,14,0.03397581457045885,positive,0.0107421875
HALLMARK_OXIDATIVE_PHOSPHORYLATION__mean_z,P0034,14,0.050665398782618234,positive,0.008544921875
HALLMARK_REACTIVE_OXYGEN_SPECIES_PATHWAY__mean_z,AL02,15,0.05544096217637068,positive,0.0067138671875
HALLMARK_REACTIVE_OXYGEN_SPECIES_PATHWAY__mean_z,AL06,14,0.057190148255618856,positive,0.0001220703125
HALLMARK_REACTIVE_OXYGEN_SPECIES_PATHWAY__mean_z,AL08,14,0.05467733777479808,positive,0.0107421875
HALLMARK_REACTIVE_OXYGEN_SPECIES_PATHWAY__mean_z,AL10,14,0.057190148255618856,positive,0.0107421875
HALLMARK_REACTIVE_OXYGEN_SPECIES_PATHWAY__mean_z,AL11,14,0.05467733777479808,positive,0.0107421875
HALLMARK_REACTIVE_OXYGEN_SPECIES_PATHWAY__mean_z,P0006,14,0.05467733777479808,positive,0.0107421875
HALLMARK_REACTIVE_OXYGEN_SPECIES_PATHWAY__mean_z,P0008,14,0.05642652385404626,positive,0.0107421875
HALLMARK_REACTIVE_OXYGEN_SPECIES_PATHWAY__mean_z,P0009,14,0.05467733777479808,positive,0.013427734375
HALLMARK_REACTIVE_OXYGEN_SPECIES_PATHWAY__mean_z,P0018,14,0.05467733777479808,positive,0.0107421875
HALLMARK_REACTIVE_OXYGEN_SPECIES_PATHWAY__mean_z,P0019,14,0.057190148255618856,positive,0.0107421875
HALLMARK_REACTIVE_OXYGEN_SPECIES_PATHWAY__mean_z,P0020,14,0.05467733777479808,positive,0.0107421875
HALLMARK_REACTIVE_OXYGEN_SPECIES_PATHWAY__mean_z,P0025,14,0.057190148255618856,positive,0.0107421875
HALLMARK_REACTIVE_OXYGEN_SPECIES_PATHWAY__mean_z,P0028,14,0.057190148255618856,positive,0.0107421875
HALLMARK_REACTIVE_OXYGEN_SPECIES_PATHWAY__mean_z,P0030,14,0.057190148255618856,positive,0.0107421875
HALLMARK_REACTIVE_OXYGEN_SPECIES_PATHWAY__mean_z,P0031,14,0.05467733777479808,positive,0.0107421875
HALLMARK_REACTIVE_OXYGEN_SPECIES_PATHWAY__mean_z,P0034,14,0.057190148255618856,positive,0.0107421875
KLENJA2025_BACH1_INVERSE_ACTIVITY__mean_z,AL02,14,-0.015084774575523985,negative,0.5015869140625
KLENJA2025_BACH1_INVERSE_ACTIVITY__mean_z,AL06,13,-0.016981654010117808,negative,0.2734375
KLENJA2025_BACH1_INVERSE_ACTIVITY__mean_z,AL08,13,-0.016981654010117808,negative,0.414306640625
KLENJA2025_BACH1_INVERSE_ACTIVITY__mean_z,AL10,13,-0.016981654010117808,negative,0.541748046875
KLENJA2025_BACH1_INVERSE_ACTIVITY__mean_z,AL11,13,-0.011027101101804975,negative,0.635498046875
KLENJA2025_BACH1_INVERSE_ACTIVITY__mean_z,P0006,13,-0.016981654010117808,negative,0.2734375
KLENJA2025_BACH1_INVERSE_ACTIVITY__mean_z,P0008,14,-0.016981654010117808,negative,0.5015869140625
KLENJA2025_BACH1_INVERSE_ACTIVITY__mean_z,P0009,13,-0.016981654010117808,negative,0.21630859375
KLENJA2025_BACH1_INVERSE_ACTIVITY__mean_z,P0018,13,-0.011027101101804975,negative,0.635498046875
KLENJA2025_BACH1_INVERSE_ACTIVITY__mean_z,P0019,13,-0.011027101101804975,negative,0.7353515625
KLENJA2025_BACH1_INVERSE_ACTIVITY__mean_z,P0020,13,-0.016981654010117808,negative,0.587890625
KLENJA2025_BACH1_INVERSE_ACTIVITY__mean_z,P0025,13,-0.011027101101804975,negative,0.7353515625
KLENJA2025_BACH1_INVERSE_ACTIVITY__mean_z,P0028,13,-0.011027101101804975,negative,0.635498046875
KLENJA2025_BACH1_INVERSE_ACTIVITY__mean_z,P0030,13,-0.012923980536398797,negative,0.587890625
KLENJA2025_BACH1_INVERSE_ACTIVITY__mean_z,P0031,13,-0.011027101101804975,negative,0.635498046875
KLENJA2025_BACH1_INVERSE_ACTIVITY__mean_z,P0034,13,-0.011027101101804975,negative,0.587890625
LITERATURE_LUNG_BACH1_EFFECTOR_ACTIVITY__mean_z,AL02,15,0.0653488178387798,positive,0.00042724609375
LITERATURE_LUNG_BACH1_EFFECTOR_ACTIVITY__mean_z,AL06,14,0.09531281371145678,positive,0.0008544921875
LITERATURE_LUNG_BACH1_EFFECTOR_ACTIVITY__mean_z,AL08,14,0.09458015053651045,positive,0.0008544921875
LITERATURE_LUNG_BACH1_EFFECTOR_ACTIVITY__mean_z,AL10,14,0.06461615466383347,positive,0.0008544921875
LITERATURE_LUNG_BACH1_EFFECTOR_ACTIVITY__mean_z,AL11,14,0.09531281371145678,positive,0.0008544921875
LITERATURE_LUNG_BACH1_EFFECTOR_ACTIVITY__mean_z,P0006,14,0.06461615466383347,positive,0.0008544921875
LITERATURE_LUNG_BACH1_EFFECTOR_ACTIVITY__mean_z,P0008,14,0.06461615466383347,positive,0.0008544921875
LITERATURE_LUNG_BACH1_EFFECTOR_ACTIVITY__mean_z,P0009,14,0.06461615466383347,positive,0.0008544921875
LITERATURE_LUNG_BACH1_EFFECTOR_ACTIVITY__mean_z,P0018,14,0.09531281371145678,positive,0.0008544921875
LITERATURE_LUNG_BACH1_EFFECTOR_ACTIVITY__mean_z,P0019,14,0.09531281371145678,positive,0.000244140625
LITERATURE_LUNG_BACH1_EFFECTOR_ACTIVITY__mean_z,P0020,14,0.06461615466383347,positive,0.0008544921875
LITERATURE_LUNG_BACH1_EFFECTOR_ACTIVITY__mean_z,P0025,14,0.06461615466383347,positive,0.0008544921875
LITERATURE_LUNG_BACH1_EFFECTOR_ACTIVITY__mean_z,P0028,14,0.09531281371145678,positive,0.0006103515625
LITERATURE_LUNG_BACH1_EFFECTOR_ACTIVITY__mean_z,P0030,14,0.06461615466383347,positive,0.0008544921875
LITERATURE_LUNG_BACH1_EFFECTOR_ACTIVITY__mean_z,P0031,14,0.09531281371145678,positive,0.0003662109375
LITERATURE_LUNG_BACH1_EFFECTOR_ACTIVITY__mean_z,P0034,14,0.09531281371145678,positive,0.0008544921875
