gene,Q1,Q2,Q3,Q4,Q5,Q6
NEAT1,-0.7378483,-0.9428903,-0.9305282,0.62697273,1.4037585,0.58053595
LMO7,-0.8141993,-0.8898262,-0.9036122,0.6477446,1.4207468,0.53914654
SKIL,-0.9315178,-0.9016174,-0.8513954,0.5546816,1.1615884,0.96826
ITPR1,-0.8392454,-0.9100716,-0.87633485,0.5431735,1.3848073,0.697671
RAB11FIP1,-0.8266876,-0.89878035,-0.9663502,0.6608207,1.2101653,0.820832
TACC2,-0.859805,-0.8970044,-0.8754259,0.6840141,1.3766589,0.5715618
MALAT1,-0.7677256,-0.9801315,-0.891386,0.5468686,1.3354039,0.7569688
IQGAP1,-0.70037216,-0.9371869,-0.9699511,0.33770707,1.1472665,1.1225365
MAFK,-0.83256555,-0.9023392,-0.89600235,0.6013168,1.381263,0.6483278
WSB1,-0.8494905,-0.88850874,-0.90373075,0.61725134,1.3600402,0.6644398
DDX17,-0.6703129,-1.0927428,-0.84802973,0.5015638,1.3383373,0.7711851
MYOF,-0.80637234,-0.9211337,-0.9057586,0.6115737,1.3736391,0.648052
IL6R,-0.852663,-0.89171404,-0.85559016,0.53565043,1.4372228,0.6270938
SPTBN1,-0.908852,-0.85942274,-0.91910475,0.65034556,1.2340662,0.8029684
SAT1,-0.8328535,-0.85752654,-0.9494322,0.66910523,1.3595443,0.61116266
KDM6B,-0.8521009,-0.89646626,-0.92933613,0.7066202,1.2722732,0.6990104
SGMS2,-0.83167666,-0.9280315,-0.919157,0.7022971,1.267202,0.7093657
OSMR,-0.8704975,-0.90666103,-0.89573073,0.49946123,1.1437646,1.0296638
