cnv_leiden,n_cells,n_epithelial,n_reference,mean_cnv_burden,median_cnv_burden,q90_cnv_burden,fraction_cellwise_high,fraction_epithelial,cnv_cluster_call,is_malignant_cluster
0,4007,3992,15,0.0425623545253139,0.0426989786720584,0.0466584403694536,0.8540054903918143,0.9962565510356876,malignant_candidate_cluster,True
1,2936,2787,149,0.0346385552754767,0.0352392848330698,0.039999779233992,0.1399863760217983,0.94925068119891,reference_like_or_low_cnv_cluster,False
2,2757,2757,0,0.028231264676531,0.0280362277274596,0.0310858463855838,0.0,1.0,reference_like_or_low_cnv_cluster,False
3,2123,2122,1,0.0317912800507146,0.0318912393365546,0.0359364991077282,0.0108337258596325,0.9995289684408856,reference_like_or_low_cnv_cluster,False
4,2014,2012,2,0.0396050300630772,0.0400171353165669,0.0434133211315976,0.6082423038728898,0.9990069513406156,malignant_candidate_cluster,True
5,1966,53,1913,0.026598588791256,0.0266025112886778,0.0295971170643795,0.0,0.0269582909460834,reference_like_or_low_cnv_cluster,False
6,1550,1550,0,0.0304785523551653,0.0302735606490552,0.0332401512153961,0.0012903225806451,1.0,reference_like_or_low_cnv_cluster,False
7,1360,29,1331,0.0289803194059865,0.028998647190069,0.0322377487715364,0.000735294117647,0.0213235294117647,reference_like_or_low_cnv_cluster,False
8,1357,1357,0,0.0391056322544649,0.0388035144998506,0.0432446321962735,0.4546794399410464,1.0,reference_like_or_low_cnv_cluster,False
9,849,849,0,0.0325370854319028,0.0324557847918746,0.035223888030655,0.0,1.0,reference_like_or_low_cnv_cluster,False
10,838,838,0,0.0367141899954105,0.0369517816653213,0.0403961775795957,0.1861575178997613,1.0,reference_like_or_low_cnv_cluster,False
11,829,828,1,0.0366850912094325,0.0364455439333193,0.0421375604625092,0.2424607961399276,0.9987937273823884,reference_like_or_low_cnv_cluster,False
12,770,770,0,0.0369341580311704,0.0371223148827087,0.0401967836031672,0.1883116883116883,1.0,reference_like_or_low_cnv_cluster,False
13,661,661,0,0.0353030250963443,0.0351680551069003,0.0386518580151685,0.0816944024205748,1.0,reference_like_or_low_cnv_cluster,False
14,661,661,0,0.0357530866732934,0.0352426170557695,0.0400726116150548,0.1270801815431164,1.0,reference_like_or_low_cnv_cluster,False
15,660,660,0,0.0319067018777935,0.0319242431391784,0.0351458657140439,0.009090909090909,1.0,reference_like_or_low_cnv_cluster,False
16,542,542,0,0.0292601236238788,0.0291372863352354,0.0322477598764867,0.0,1.0,reference_like_or_low_cnv_cluster,False
17,398,398,0,0.0377236598386469,0.0374246285912977,0.0406764729338212,0.2487437185929648,1.0,reference_like_or_low_cnv_cluster,False
18,358,358,0,0.0446407656066958,0.045046335286088,0.0476107640526688,0.9720670391061452,1.0,malignant_candidate_cluster,True
19,341,341,0,0.0388896141689534,0.0388091711418153,0.0439224748659107,0.4604105571847507,1.0,reference_like_or_low_cnv_cluster,False
20,275,275,0,0.0352119103694667,0.0353022442198014,0.0381101593337837,0.0509090909090909,1.0,reference_like_or_low_cnv_cluster,False
21,265,264,1,0.0352779684293616,0.035101430934545,0.0385079206782072,0.0716981132075471,0.9962264150943396,reference_like_or_low_cnv_cluster,False
22,163,163,0,0.0366933132540761,0.0366545879868354,0.0399176894876203,0.147239263803681,1.0,reference_like_or_low_cnv_cluster,False
23,157,157,0,0.0510514509114051,0.0510508618887877,0.0561475661277722,1.0,1.0,malignant_candidate_cluster,True
24,57,57,0,0.0418287621816263,0.0409049855504801,0.0447981793240715,0.7543859649122807,1.0,malignant_candidate_cluster,True
