sample,patient_id,patient,disease,tissue_group,sampling_site,n_spots,n_genes,median_counts,median_genes,median_pct_mt,BACH1_mean,BACH1_median,BACH1_detected_fraction,NOD_like_score_mean,NOD_like_score_median,NOD_like_mean_logexpr_mean,BACH1_NOD_spearman_rho,BACH1_NOD_spearman_p,BACH1_to_neighbor_NOD_spearman_rho,BACH1_to_neighbor_NOD_spearman_p,NOD_to_neighbor_BACH1_spearman_rho,NOD_to_neighbor_BACH1_spearman_p,n_nod_genes_present,n_nod_genes_missing,missing_nod_genes,high_high_n_spots,bach1_high_n_spots,nod_high_n_spots,high_high_fraction,high_high_expected_fraction,high_high_enrichment,high_high_fisher_odds_ratio,high_high_fisher_p,high_high_jaccard
D1_1,D1,Donor 1,normal,Healthy,healthy tissue,278,36601,1478.5,852.0,4.072547912597656,0.085313394665718,0.0,0.0503597122302158,0.1092640473431511,0.1149908376405064,0.241872176527977,-0.0214728881134939,0.721501692776592,0.0262859928349556,0.662564130498113,0.0773399378837205,0.1985719829631355,63,0,,0,7,70,0.0,0.0063402515397753,0.0,0.0,0.1975982671038948,0.0
D1_2,D1,Donor 1,normal,Healthy,healthy tissue,333,36601,2391.0,1247.0,3.2447047233581543,0.0488260500133037,0.0,0.03003003003003,0.1039071247740049,0.1034507421853904,0.2642780542373657,-0.0332126362722928,0.5458693081304833,-0.0244785950988935,0.6562623268206011,0.0484433478230923,0.3782087552454021,63,0,,1,5,84,0.003003003003003,0.0037875713551389,0.7928571428571429,0.7379518072289156,1.0,0.0113636363636363
D2_1,D2,Donor 2,normal,Healthy,healthy tissue,1852,36601,3288.0,1554.0,4.021622657775879,0.1018593534827232,0.0,0.0820734341252699,0.0931576960454839,0.0961911158816295,0.2974380254745483,0.0641494765449085,0.0057510942333014,0.0650937870547918,0.0050726502572071,0.0666252540359643,0.0041247430683629,63,0,,27,76,463,0.0145788336933045,0.0102591792656587,1.4210526315789476,1.693503089309118,0.0413696998361945,0.052734375
D2_2,D2,Donor 2,normal,Healthy,healthy tissue,2432,36601,3231.5,1566.0,3.941083908081055,0.1020672619342804,0.0,0.0777138157894736,0.1060367608874317,0.105519395364355,0.305331289768219,0.0670341053474238,0.0009402209991912,0.0572213829007439,0.0047613308262827,0.0522746309290272,0.0099265540276964,63,0,,23,95,608,0.0094572368421052,0.009765625,0.968421052631579,0.9566951566951568,0.9044301185730226,0.0338235294117647
P10_B1,P10,Patient 10,lung adenocarcinoma,Adjacent,normal tissue adjacent to tumor,1755,36601,989.0,654.0,2.763636350631714,0.1584491580724716,0.0,0.0757834757834757,0.2211862810981091,0.2211934843949027,0.3523984253406524,0.078485979802109,0.000999293096853,0.1178702816502278,7.358367944575674e-07,0.118420581218419,6.526791752104875e-07,63,0,,15,67,439,0.0085470085470085,0.009549597811706,0.8950124094788021,0.8599419448476052,0.6686972262356234,0.0305498981670061
P10_B2,P10,Patient 10,lung adenocarcinoma,Adjacent,normal tissue adjacent to tumor,1842,36601,597.0,438.5,2.579907894134521,0.1280995607376098,0.0,0.0510314875135722,0.2026385017325734,0.2073532475138012,0.2848846614360809,0.0714511722878335,0.0021519412381137,0.1120795615153154,1.419657138937763e-06,0.1165918427270118,5.230070928993324e-07,63,0,,7,47,461,0.003800217155266,0.0063858620368503,0.5950985369455853,0.5169052863436123,0.1245843654976063,0.0139720558882235
P10_T1,P10,Patient 10,lung adenocarcinoma,Tumor,tumor,2200,36601,4434.0,2192.0,1.955950736999512,0.1174229308962822,0.0,0.149090909090909,0.1252843148391973,0.1273660836751738,0.317485362291336,0.1282690483894428,1.5614356312813083e-09,0.1615680171067106,2.458459434550801e-14,0.1370643330098527,1.0770370152321811e-10,63,0,,52,164,550,0.0236363636363636,0.0186363636363636,1.2682926829268293,1.4338783706253586,0.0485318795655798,0.0785498489425981
P10_T2,P10,Patient 10,lung adenocarcinoma,Tumor,tumor,1986,36601,4951.0,2350.5,2.0724990367889404,0.1215771585702896,0.0,0.1525679758308157,0.1368787290094029,0.1386680261600668,0.3222852945327759,0.0874917322429748,9.459073605963344e-05,0.1297107256693247,6.5769070201059384e-09,0.0844286539211404,0.0001652977368645,63,0,,46,152,497,0.0231621349446122,0.0191532063822386,1.20930848247379,1.330753461908547,0.1201913881329357,0.0762852404643449
P10_T3,P10,Patient 10,lung adenocarcinoma,Tumor,tumor,2610,36601,4182.0,2047.5,2.4413938522338867,0.1006632596254348,0.0,0.125287356321839,0.1216127313602551,0.1217651517951513,0.3181042671203613,0.0573849854334237,0.0033602228380118,0.0589584794157382,0.0025845854531438,0.0599402263690538,0.0021874697437555,63,0,,45,164,653,0.0172413793103448,0.0157208496645674,1.0967205767004071,1.1431612118531622,0.4571086547032973,0.0582901554404145
P10_T4,P10,Patient 10,lung adenocarcinoma,Tumor,tumor,2479,36601,2393.0,1312.0,3.1507656574249268,0.0901616439223289,0.0,0.0851149657119806,0.1075976228342795,0.1065843574904286,0.2722340524196625,0.0479793007496991,0.0168925010120733,0.0675620364484144,0.0007625738581274,0.0592675573540758,0.0031571043001129,63,0,,27,106,620,0.0108914885034288,0.0106941064115659,1.0184570906877666,1.0258927999658465,0.90892432538942,0.03862660944206
P11_B1,P11,Patient 11,lung squamous cell carcinoma,Adjacent,normal tissue adjacent to tumor,2873,36601,1442.0,927.0,4.947368621826172,0.0750700235366821,0.0,0.0473372781065088,0.1097014373939181,0.110889214862029,0.2390991151332855,0.0657689407094977,0.0004194637754263,0.096095233990077,2.463638013498645e-07,0.1177348811803968,2.4529968916241086e-10,63,0,,18,68,719,0.0062652279846849,0.0059233384891367,1.0577190542420027,1.0805135520684737,0.777535097909917,0.0234070221066319
P11_B2,P11,Patient 11,lung squamous cell carcinoma,Adjacent,normal tissue adjacent to tumor,2846,36601,856.0,604.0,5.072463512420654,0.048634897917509,0.0,0.0305692199578355,0.090766716172373,0.0887466243126618,0.19282166659832,0.0864056968031768,3.908795098552456e-06,0.0825106587482023,1.0464090885539585e-05,0.102362854922573,4.4291331369708586e-08,63,0,,16,44,712,0.0056219255094869,0.0038677899323877,1.4535240040858015,1.729064039408867,0.1121582758180291,0.0216216216216216
P11_T1,P11,Patient 11,lung squamous cell carcinoma,Tumor,tumor,1110,36601,1822.5,1033.5,3.551942825317383,0.0868376865983009,0.0,0.0792792792792792,0.0944871722138582,0.0965214883438264,0.271818459033966,0.0889292767100784,0.003023236960489,0.1619557041498402,5.7759961716255904e-08,0.1552394494164072,2.016891608386853e-07,63,0,,8,44,278,0.0072072072072072,0.0099277656034412,0.7259646827992153,0.6551440329218107,0.3744659961237447,0.0254777070063694
P11_T2,P11,Patient 11,lung squamous cell carcinoma,Tumor,tumor,1176,36601,2053.0,1141.0,3.337331295013428,0.0866700932383537,0.0,0.0892857142857142,0.0980930682322001,0.1023315957614353,0.2796885371208191,0.1533039249544116,1.2715744773377822e-07,0.1809378051825006,4.1063719118280974e-10,0.1730834402524992,2.3099690265032235e-09,63,0,,17,53,294,0.0144557823129251,0.011267006802721,1.2830188679245282,1.4422382671480145,0.2549735504320191,0.0515151515151515
P11_T3,P11,Patient 11,lung squamous cell carcinoma,Tumor,tumor,1735,36601,953.0,608.0,2.6282854080200195,0.0751733779907226,0.0,0.0570605187319884,0.0931676545971883,0.0892111308990962,0.199767991900444,0.1176750545875885,8.873220385036616e-07,0.1410436320451215,3.6301655621976565e-09,0.1469985771134606,7.650454746233497e-10,63,0,,15,50,434,0.0086455331412103,0.007208763464525,1.1993087557603688,1.294919877258779,0.4093305463487138,0.0319829424307036
P11_T4,P11,Patient 11,lung squamous cell carcinoma,Tumor,tumor,1811,36601,868.0,538.0,2.9049296379089355,0.0637829303741455,0.0,0.0403092214246272,0.0776636928764459,0.0732938033815414,0.1803328692913055,0.0682513850571043,0.0036622320576344,0.0973462099506351,3.3298607849433905e-05,0.1142716936420403,1.0850625376933074e-06,63,0,,9,37,453,0.0049696300386526,0.005110495679358,0.9724360121711116,0.9628378378378378,1.0,0.0187110187110187
P15_B1,P15,Patient 15,lung adenocarcinoma,Adjacent,normal tissue adjacent to tumor,2844,36601,3035.5,1507.5,3.784845352172852,0.0670435056090354,0.0,0.0625879043600562,0.0576329356383246,0.0544590813366638,0.2363807111978531,0.0372107199690796,0.0472300420063032,0.0081035446005045,0.6657614794011093,0.0255533990653959,0.1730827726354649,63,0,,34,89,711,0.0119549929676511,0.007823488045007,1.5280898876404492,1.8974620652611789,0.0057934538660715,0.0443864229765013
P15_B2,P15,Patient 15,lung adenocarcinoma,Adjacent,normal tissue adjacent to tumor,2824,36601,3626.5,1786.0,3.041449546813965,0.0668112561106681,0.0,0.0640934844192634,0.0637962784356834,0.0599947530189597,0.255893737077713,0.041969747529008,0.0257260009861981,0.0528969114322498,0.0049274961682278,0.0916342284946314,1.07344785942021e-06,63,0,,32,91,706,0.0113314447592068,0.0080559490084985,1.4065934065934067,1.6568928230146356,0.0266686720035899,0.0418300653594771
P15_T1,P15,Patient 15,lung adenocarcinoma,Tumor,tumor,2624,36601,5977.5,2544.0,8.43213176727295,0.1310675591230392,0.0,0.1413871951219512,0.1235341589290453,0.1223900933284949,0.3188502490520477,0.0304710213486103,0.1186425977068653,0.0779666476628043,6.387323936871364e-05,0.0982646263219927,4.57293396295789e-07,63,0,,48,186,656,0.0182926829268292,0.0177210365853658,1.032258064516129,1.046910755148741,0.7924036721231525,0.0604534005037783
P15_T2,P15,Patient 15,lung adenocarcinoma,Tumor,tumor,3131,36601,4833.0,2183.0,7.565011978149414,0.1107287183403968,0.0,0.1076333439795592,0.1194388012440159,0.1185111117892795,0.3024701178073883,0.0767267441916772,1.724292385522521e-05,0.0211952389418881,0.2357619720576852,0.0241582447531586,0.1765544548072678,63,0,,63,169,783,0.0201213669754072,0.0134984011789666,1.49064816704074,1.8507075471698116,0.0003328146916063,0.0708661417322834
P16_B1,P16,Patient 16,lung adenocarcinoma,Adjacent,normal tissue adjacent to tumor,3123,36601,514.0,390.0,5.49535608291626,0.0390409082174301,0.0,0.0160102465577969,0.0432526524296774,0.0366896137700959,0.1401198357343673,0.0028005342605301,0.8756844976774667,0.0412256926883896,0.0212279312882123,0.0496400045938504,0.005525731992539,63,0,,6,25,781,0.0019212295869356,0.0020019216397117,0.9596927016645326,0.946553480475382,1.0,0.0075
P16_B2,P16,Patient 16,lung adenocarcinoma,Adjacent,normal tissue adjacent to tumor,3351,36601,263.0,218.0,4.174950122833252,0.0278847385197877,0.0,0.0089525514771709,0.0288450850658083,0.0199651988864884,0.0952732563018798,5.275630868791259e-06,0.9997564211310342,0.0194968946225754,0.2591852477841235,0.009538159707802,0.5809827107828862,63,0,,3,15,838,0.000895255147717,0.0011194028853878,0.7997613365155133,0.7488023952095808,0.7742616517345667,0.0035294117647058
P16_T1,P16,Patient 16,lung adenocarcinoma,Tumor,tumor,2262,36601,4333.0,1959.5,3.8420608043670654,0.0817247554659843,0.0,0.0835543766578249,0.0705203593115246,0.067882584131854,0.3021178245544433,-0.0174696931037035,0.4062724042328075,-0.0005312550103436,0.9798533355702016,-0.0026122997906459,0.9011776746128416,63,0,,26,95,566,0.0114942528735632,0.0105088413420984,1.0937697600892693,1.1353193773483627,0.6282779902718183,0.0409448818897637
P16_T2,P16,Patient 16,lung adenocarcinoma,Tumor,tumor,2210,36601,4080.5,1914.5,3.0138092041015625,0.0723917260766029,0.0,0.0665158371040724,0.1086389176239774,0.1072704241385105,0.3058041930198669,0.0204436397087112,0.3367406620989326,0.0301246148359855,0.1568641191568311,0.054621314015084,0.0102214191129341,63,0,,24,74,553,0.0108597285067873,0.008378616326447,1.2961243340990178,1.4581474480151229,0.1350134049048273,0.0398009950248756
P17_B1,P17,Patient 17,non-small cell carcinoma,Adjacent,normal tissue adjacent to tumor,1522,36601,921.5,591.0,7.57485294342041,0.0956512317061424,0.0,0.0519053876478318,0.0604800718657252,0.0620813348481567,0.2051940560340881,0.043082902322455,0.0929213963967567,0.0558794445829028,0.0292628816291272,0.0378953167387282,0.139482945076555,63,0,,11,40,381,0.007227332457293,0.0065789360081917,1.0985564304461943,1.139981360671016,0.7127630569197527,0.0268292682926829
P17_B2,P17,Patient 17,non-small cell carcinoma,Adjacent,normal tissue adjacent to tumor,1093,36601,986.0,604.0,7.986111164093018,0.0597830824553966,0.0,0.0329368709972552,0.0961835413681052,0.0953046612845119,0.2073680460453033,0.0167707077947092,0.5796792082450974,0.0199278371573707,0.5104502550979444,0.018736057562926,0.5360679421638184,63,0,,3,18,274,0.0027447392497712,0.0041284092649807,0.6648418491484185,0.5933579335793358,0.5851141725940103,0.0103806228373702
P17_T1,P17,Patient 17,non-small cell carcinoma,Tumor,tumor,2658,36601,11850.0,3731.0,2.2032155990600586,0.1069021373987197,0.0,0.1719337848006019,0.1283168066638893,0.1291865729943825,0.3291702270507812,0.0972801690173622,5.03645251304378e-07,0.0903852603287885,3.052616640158431e-06,0.0922360048180634,1.905278448491052e-06,63,0,,64,229,665,0.0240782543265613,0.0215549576756512,1.1170634008602291,1.179771088589724,0.2994838499699327,0.0771084337349397
P17_T2,P17,Patient 17,non-small cell carcinoma,Tumor,tumor,2953,36601,9334.0,3333.0,1.7883754968643188,0.104149080812931,0.0,0.1432441584828987,0.1304173251250212,0.1294985096735719,0.3249346911907196,0.0702614911815284,0.0001327919533733,0.0762650463727126,3.344471091354836e-05,0.0875586097458505,1.8866012825803904e-06,63,0,,59,212,739,0.0199796816796478,0.0179660831523648,1.1120777695508974,1.1687716262975778,0.3242923646276286,0.0661434977578475
P19_B1,P19,Patient 19,lung squamous cell carcinoma,Adjacent,normal tissue adjacent to tumor,2197,36601,651.0,486.0,4.684975624084473,0.0498227439820766,0.0,0.0236686390532544,0.0672065644488515,0.0633819614137922,0.1858863830566406,0.0430985274302633,0.0433927005693241,0.0523280009257024,0.0141665793361719,0.0577553741377539,0.0067722808125377,63,0,,10,26,550,0.004551661356395,0.0029626198177719,1.5363636363636364,1.8877314814814812,0.1152610063316333,0.0176678445229682
P19_B2,P19,Patient 19,lung squamous cell carcinoma,Adjacent,normal tissue adjacent to tumor,2120,36601,941.5,649.5,5.484414100646973,0.0723039880394935,0.0,0.0386792452830188,0.0984973757677481,0.0954719314470007,0.2278873175382614,0.0304939083585377,0.1604548948520681,0.0447896996265887,0.0391990545199091,0.0601035759810343,0.0056358710874122,63,0,,9,41,530,0.0042452830188679,0.0048349056603773,0.8780487804878049,0.8410508637236085,0.7196217959383859,0.0160142348754448
P19_T1,P19,Patient 19,lung squamous cell carcinoma,Tumor,tumor,2512,36601,6045.5,2654.5,4.1239848136901855,0.1094063892960548,0.0,0.1226114649681528,0.1130703264491866,0.1128492982304346,0.3324107825756073,0.088018036086615,9.969597266200524e-06,0.1149161919259763,7.656121563818734e-09,0.1068123900448623,8.045100949183336e-08,63,0,,50,154,628,0.0199044585987261,0.0153264331210191,1.2987012987012987,1.4805696034069735,0.0341337178302671,0.0683060109289617
P19_T2,P19,Patient 19,lung squamous cell carcinoma,Tumor,tumor,2369,36601,5055.0,2328.0,2.8551692962646484,0.1046049669384956,0.0,0.0975094976783453,0.0997821003746247,0.0987065699270603,0.3160273134708404,0.0429446510840541,0.0366106893538376,0.0365024799176734,0.0756807433274292,0.0369101565435681,0.0724676727388129,63,0,,35,116,593,0.0147741663149008,0.0122569541394126,1.205370122695819,1.3125580777910526,0.1886570578343973,0.0519287833827893
P24_B1,P24,Patient 24,lung adenocarcinoma,Adjacent,normal tissue adjacent to tumor,2581,36601,2751.0,1422.0,2.599570751190185,0.0795702189207077,0.0,0.0561797752808988,0.0738150242918011,0.072293900606925,0.2779664099216461,0.03787188535987,0.0543816567678145,0.0396656143915475,0.0439077360696107,0.0333800065730964,0.0899856190244872,63,0,,16,73,646,0.0061991476172026,0.0070791215452354,0.8756944738962636,0.8367585630743526,0.5860696900104712,0.0227596017069701
P24_B2,P24,Patient 24,lung adenocarcinoma,Adjacent,normal tissue adjacent to tumor,3019,36601,2030.0,1161.0,1.9885406494140625,0.061769388616085,0.0,0.0427293805895992,0.0883730825642353,0.0854446177057428,0.2417462766170501,0.0879609202067328,1.295564554127724e-06,0.0575969149447867,0.0015454819578625,0.0629446515217148,0.0005391326516266,63,0,,17,65,755,0.0056310036435905,0.0053843599128891,1.0458074375955169,1.0634598012646792,0.8848539679389678,0.0211706102117061
P24_T1,P24,Patient 24,lung adenocarcinoma,Tumor,tumor,3426,36601,3342.0,1507.0,1.494791030883789,0.0934964418411254,0.0,0.0802685347343841,0.0769601262940038,0.0750572146877409,0.2512238621711731,0.0025812351229233,0.8799519861847751,0.0295951231093331,0.083271740999442,0.0256129228572933,0.1339059361282431,63,0,,38,138,857,0.0110916520723876,0.0100759311456739,1.1008066561818273,1.1455677655677656,0.4832828132503696,0.0397074190177638
P24_T2,P24,Patient 24,lung adenocarcinoma,Tumor,tumor,3491,36601,2561.0,1276.0,1.2915128469467163,0.0740570276975631,0.0,0.0601546834717845,0.0738948634224036,0.0731317710183414,0.2280599623918533,0.0618627383145756,0.0002548516381031,0.0602243746509994,0.0003704374782144,0.0601571878663576,0.0003760908818703,63,0,,32,105,873,0.0091664279576052,0.0075214893541775,1.2186985217913051,1.326535598521004,0.2076957963212644,0.0338266384778012
P25_B1,P25,Patient 25,lung adenocarcinoma,Adjacent,normal tissue adjacent to tumor,1965,36601,2158.0,1165.0,6.337834358215332,0.0529422126710414,0.0,0.0335877862595419,0.0790108911911868,0.0773428548049608,0.2497231662273407,0.0110324252110707,0.6250168855872316,0.0285905706136079,0.2052180566240602,0.0288838537044522,0.2006066864625169,63,0,,3,33,492,0.0015267175572519,0.0042048831653167,0.3630820399113081,0.2950920245398773,0.0402427852573295,0.0057471264367816
P25_B2,P25,Patient 25,lung adenocarcinoma,Adjacent,normal tissue adjacent to tumor,2161,36601,2325.0,1247.0,6.378331184387207,0.0712159648537635,0.0,0.0476631189264229,0.0820237805478058,0.0793288416332668,0.2594320476055145,0.019870766843675,0.3558611852521848,0.0354444747245968,0.0995054705948332,0.0357610280371947,0.0965174268207399,63,0,,7,52,541,0.0032392410920869,0.0060240847757381,0.5377150575856676,0.4588014981273408,0.0522603746791814,0.0119453924914675
P25_T1,P25,Patient 25,lung adenocarcinoma,Tumor,tumor,1308,36601,5005.5,2333.5,9.064057350158691,0.0602647513151168,0.0,0.069571865443425,0.095793658104732,0.0960629579928707,0.2554547488689422,0.0641470505905845,0.0203337340530582,0.0986115430519175,0.0003546559412151,0.1139775936413505,3.6012878343614136e-05,63,0,,14,46,327,0.010703363914373,0.0087920489296636,1.217391304347826,1.3264776357827477,0.3881740433678164,0.0389972144846796
P25_T2,P25,Patient 25,lung adenocarcinoma,Tumor,tumor,1458,36601,5390.0,2389.5,8.408053398132324,0.0569182224571704,0.0,0.0610425240054869,0.0927618668658731,0.0935759557517716,0.2604516148567199,0.0786250960540226,0.0026621101918102,0.1336688137317966,3.013436306504623e-07,0.1919906220363577,1.4299114450555293e-13,63,0,,17,45,365,0.0116598079561042,0.0077266338125963,1.509041095890411,1.8580665024630545,0.0539699356318274,0.0432569974554707
