gene,n_links,samples,max_score,min_abs_dist,mean_access
TIMP2,5,5,952.0,7906,0.047477448568590944
MUL1,5,5,952.0,0,0.10456531098091279
WAS,5,5,954.0,5891,0.02041441073843358
ABCB6,5,5,955.0,588,0.09958191140871138
CHFR,5,5,966.0,0,0.10495090998938564
PAQR8,5,5,973.0,8313,0.17202811861492734
GSTP1,5,5,977.0,0,0.14815704117419742
RPS16,5,5,1000.0,4499,0.20825571618623853
IL6ST,5,5,1000.0,2423,0.03644858360339382
EPG5,5,5,1000.0,6390,0.04797283482480706
C18orf25,5,5,1000.0,3300,0.01808653705682172
ITGB6,6,4,952.0,5258,0.07142907090711845
TIMP1,6,5,966.0,0,0.07826467553868452
CDC42SE2,6,5,1000.0,1997,0.03810648732900199
FXYD3,7,3,973.0,4487,0.05288271384935224
DHX32,7,3,1000.0,3993,0.022338271867047458
HSF2,7,5,962.0,0,0.18259499928769415
PLEKHM1,7,5,1000.0,2419,0.04426972494311987
