tissue_status,cell_type,n_cells,n_total,fraction
adjacent_normal,Epithelial,3397,42139,0.08061415790597784
tumor,Epithelial,21084,134160,0.15715563506261182
adjacent_normal,T/NK,17838,42139,0.423313320202188
tumor,T/NK,50437,134160,0.37594663088849134
adjacent_normal,Myeloid,12404,42139,0.29435914473528085
tumor,Myeloid,20795,134160,0.1550014907573047
adjacent_normal,B,4445,42139,0.10548423076010346
tumor,B,25391,134160,0.18925909361955873
adjacent_normal,Plasma,105,42139,0.0024917534825221292
tumor,Plasma,6033,134160,0.04496869409660107
adjacent_normal,Fibroblast,1608,42139,0.03815942476091032
tumor,Fibroblast,4615,134160,0.03439922480620155
adjacent_normal,Mast,1050,42139,0.024917534825221292
tumor,Mast,3727,134160,0.027780262373285628
adjacent_normal,Endothelial,1292,42139,0.030660433327796104
tumor,Endothelial,2078,134160,0.01548896839594514
