patient_id,disease,tissue_group,n_samples,n_spots,BACH1_mean,BACH1_detected_fraction,NOD_like_score_mean,NOD_like_mean_logexpr_mean,BACH1_NOD_spearman_rho,BACH1_to_neighbor_NOD_spearman_rho,high_high_enrichment,high_high_jaccard
P10,lung adenocarcinoma,Adjacent,2,3597,0.1432743594050407,0.063407481648524,0.2119123914153413,0.3186415433883667,0.0749685760449712,0.1149749215827716,0.7450554732121937,0.0222609770276148
P10,lung adenocarcinoma,Tumor,4,9275,0.1074562482535839,0.1280153017388861,0.1228433495107837,0.3075272440910339,0.0802812667038851,0.104449814660047,1.1481947081971984,0.0629379635723544
P11,lung squamous cell carcinoma,Adjacent,2,5719,0.0618524607270956,0.0389532490321722,0.1002340767831455,0.2159603908658027,0.0760873187563372,0.0893029463691396,1.255621529163902,0.0225143218641268
P11,lung squamous cell carcinoma,Tumor,4,5832,0.0781160220503807,0.0664836834304023,0.0908528969799231,0.2329019643366336,0.1070399103272957,0.1453208378320244,1.0451820796638058,0.0319217049158108
P15,lung adenocarcinoma,Adjacent,2,5668,0.0669273808598518,0.0633406943896598,0.060714607037004,0.246137224137783,0.0395902337490438,0.0305002280163772,1.4673416471169278,0.0431082441679892
P15,lung adenocarcinoma,Tumor,2,5755,0.120898138731718,0.1245102695507552,0.1214864800865306,0.310660183429718,0.0535988827701437,0.0495809433023462,1.2614531157784343,0.0656597711180309
P16,lung adenocarcinoma,Adjacent,2,6474,0.0334628233686089,0.0124813990174839,0.0360488687477428,0.1176965460181236,0.0014029049456994,0.0303612936554825,0.8797270190900229,0.0055147058823529
P16,lung adenocarcinoma,Tumor,2,4472,0.0770582407712936,0.0750351068809486,0.089579638467751,0.3039610087871551,0.0014869733025038,0.0147966799128209,1.1949470470941437,0.0403729384573197
P17,non-small cell carcinoma,Adjacent,2,2615,0.0777171570807695,0.0424211293225435,0.0783318066169152,0.2062810510396957,0.0299268050585821,0.0379036408701368,0.8816991397973064,0.0186049455650265
P17,non-small cell carcinoma,Tumor,2,5611,0.1055256091058254,0.1575889716417503,0.1293670658944553,0.3270524591207504,0.0837708300994453,0.0833251533507505,1.1145705852055632,0.0716259657463936
P19,lung squamous cell carcinoma,Adjacent,2,4317,0.0610633660107851,0.0311739421681366,0.0828519701082998,0.206886850297451,0.0367962178944005,0.0485588502761456,1.207206208425721,0.0168410396992065
P19,lung squamous cell carcinoma,Tumor,2,4881,0.1070056781172752,0.110060481323249,0.1064262134119056,0.3242190480232239,0.0654813435853345,0.0757093359218248,1.252035710698559,0.0601173971558755
P24,lung adenocarcinoma,Adjacent,2,5600,0.0706698037683963,0.049454577935249,0.0810940534280182,0.2598563432693481,0.0629164027833014,0.0486312646681671,0.9607509557458902,0.0219651059593381
P24,lung adenocarcinoma,Tumor,2,6917,0.0837767347693443,0.0702116091030843,0.0754274948582037,0.2396419122815132,0.0322219867187495,0.0449097488801663,1.1597525889865663,0.0367670287477825
P25,lung adenocarcinoma,Adjacent,2,4126,0.0620790887624025,0.0406254525929824,0.0805173358694963,0.2545776069164276,0.0154515960273728,0.0320175226691024,0.4503985487484879,0.0088462594641245
P25,lung adenocarcinoma,Tumor,2,2766,0.0585914868861436,0.065307194724456,0.0942777624853025,0.2579531818628311,0.0713860733223036,0.1161401783918571,1.3632162001191186,0.0411271059700752
