matrix_id,motif_name,position,A,C,G,T,source_url
MA1633.2,BACH1,1,32322.0,1482.0,6187.0,1048.0,https://jaspar.elixir.no/api/v1/matrix/MA1633.2/?format=json
MA1633.2,BACH1,2,7.0,25.0,25.0,32322.0,https://jaspar.elixir.no/api/v1/matrix/MA1633.2/?format=json
MA1633.2,BACH1,3,0.0,13.0,32322.0,811.0,https://jaspar.elixir.no/api/v1/matrix/MA1633.2/?format=json
MA1633.2,BACH1,4,32322.0,38.0,24.0,14.0,https://jaspar.elixir.no/api/v1/matrix/MA1633.2/?format=json
MA1633.2,BACH1,5,551.0,32322.0,0.0,517.0,https://jaspar.elixir.no/api/v1/matrix/MA1633.2/?format=json
MA1633.2,BACH1,6,534.0,31.0,3303.0,32322.0,https://jaspar.elixir.no/api/v1/matrix/MA1633.2/?format=json
MA1633.2,BACH1,7,2834.0,32322.0,52.0,18.0,https://jaspar.elixir.no/api/v1/matrix/MA1633.2/?format=json
MA1633.2,BACH1,8,32322.0,39.0,50.0,17.0,https://jaspar.elixir.no/api/v1/matrix/MA1633.2/?format=json
MA1633.2,BACH1,9,4970.0,8737.0,2962.0,32322.0,https://jaspar.elixir.no/api/v1/matrix/MA1633.2/?format=json
MA0591.2,Bach1::Mafk,1,15.0,41.0,54.0,4.0,https://jaspar.elixir.no/api/v1/matrix/MA0591.2/?format=json
MA0591.2,Bach1::Mafk,2,66.0,16.0,32.0,0.0,https://jaspar.elixir.no/api/v1/matrix/MA0591.2/?format=json
MA0591.2,Bach1::Mafk,3,2.0,1.0,0.0,111.0,https://jaspar.elixir.no/api/v1/matrix/MA0591.2/?format=json
MA0591.2,Bach1::Mafk,4,0.0,0.0,107.0,7.0,https://jaspar.elixir.no/api/v1/matrix/MA0591.2/?format=json
MA0591.2,Bach1::Mafk,5,113.0,0.0,0.0,1.0,https://jaspar.elixir.no/api/v1/matrix/MA0591.2/?format=json
MA0591.2,Bach1::Mafk,6,0.0,94.0,20.0,0.0,https://jaspar.elixir.no/api/v1/matrix/MA0591.2/?format=json
MA0591.2,Bach1::Mafk,7,1.0,0.0,4.0,109.0,https://jaspar.elixir.no/api/v1/matrix/MA0591.2/?format=json
MA0591.2,Bach1::Mafk,8,5.0,107.0,2.0,0.0,https://jaspar.elixir.no/api/v1/matrix/MA0591.2/?format=json
MA0591.2,Bach1::Mafk,9,108.0,1.0,3.0,2.0,https://jaspar.elixir.no/api/v1/matrix/MA0591.2/?format=json
MA0591.2,Bach1::Mafk,10,0.0,1.0,113.0,0.0,https://jaspar.elixir.no/api/v1/matrix/MA0591.2/?format=json
MA0591.2,Bach1::Mafk,11,0.0,114.0,0.0,0.0,https://jaspar.elixir.no/api/v1/matrix/MA0591.2/?format=json
MA0591.2,Bach1::Mafk,12,98.0,4.0,6.0,6.0,https://jaspar.elixir.no/api/v1/matrix/MA0591.2/?format=json
