bach1_score,phenotype_score,n_lopo,min_rho,max_rho,median_rho,max_p,n_positive,n_negative,sign_stability
COLLECTRI_BACH1_TF_ACTIVITY__decoupler_mlm,HALLMARK_HYPOXIA_NO_DOROTHEA_OVERLAP__mean_z,16,-0.125,0.1964285714285714,-0.021428571428571425,0.9798442277615982,4,12,mixed_or_zero
COLLECTRI_BACH1_TF_ACTIVITY__decoupler_mlm,HALLMARK_HYPOXIA__mean_z,16,-0.125,0.1964285714285714,-0.021428571428571425,0.9798442277615982,4,12,mixed_or_zero
COLLECTRI_BACH1_TF_ACTIVITY__decoupler_mlm,HALLMARK_HYPOXIA__ssgsea_NES,16,0.46071428571428563,0.6464285714285712,0.5696428571428571,0.08393338135031411,16,0,all_positive
COLLECTRI_BACH1_TF_ACTIVITY__decoupler_ulm,HALLMARK_HYPOXIA_NO_DOROTHEA_OVERLAP__mean_z,16,0.014285714285714282,0.35,0.10357142857142855,0.9596997645989476,16,0,all_positive
COLLECTRI_BACH1_TF_ACTIVITY__decoupler_ulm,HALLMARK_HYPOXIA__mean_z,16,0.014285714285714282,0.35,0.10357142857142855,0.9596997645989476,16,0,all_positive
COLLECTRI_BACH1_TF_ACTIVITY__decoupler_ulm,HALLMARK_HYPOXIA__ssgsea_NES,16,0.557142857142857,0.6857142857142856,0.6464285714285712,0.030961086755812082,16,0,all_positive
COLLECTRI_BACH1_TF_ACTIVITY__mean_z,HALLMARK_HYPOXIA_NO_DOROTHEA_OVERLAP__mean_z,16,0.06428571428571428,0.38214285714285706,0.1964285714285714,0.8199479653196377,16,0,all_positive
COLLECTRI_BACH1_TF_ACTIVITY__mean_z,HALLMARK_HYPOXIA__mean_z,16,0.06428571428571428,0.38214285714285706,0.1964285714285714,0.8199479653196377,16,0,all_positive
COLLECTRI_BACH1_TF_ACTIVITY__mean_z,HALLMARK_HYPOXIA__ssgsea_NES,16,0.33928571428571425,0.5535714285714285,0.47857142857142854,0.2160289253419548,16,0,all_positive
COLLECTRI_BACH1_TF_ACTIVITY__ssgsea_NES,HALLMARK_HYPOXIA_NO_DOROTHEA_OVERLAP__mean_z,16,-0.532142857142857,-0.25357142857142856,-0.39642857142857135,0.3618161038158896,0,16,all_negative
COLLECTRI_BACH1_TF_ACTIVITY__ssgsea_NES,HALLMARK_HYPOXIA__mean_z,16,-0.532142857142857,-0.25357142857142856,-0.39642857142857135,0.3618161038158896,0,16,all_negative
COLLECTRI_BACH1_TF_ACTIVITY__ssgsea_NES,HALLMARK_HYPOXIA__ssgsea_NES,16,-0.5035714285714286,-0.19999999999999998,-0.29999999999999993,0.4748139645221684,0,16,all_negative
DOROTHEA_BACH1_ABC_TF_ACTIVITY_NO_HYPOXIA_OVERLAP__mean_z,HALLMARK_HYPOXIA_NO_DOROTHEA_OVERLAP__mean_z,16,0.8464285714285712,0.8964285714285712,0.8607142857142855,6.923823609737214e-05,16,0,all_positive
DOROTHEA_BACH1_ABC_TF_ACTIVITY_NO_HYPOXIA_OVERLAP__mean_z,HALLMARK_HYPOXIA__mean_z,16,0.8464285714285712,0.8964285714285712,0.8607142857142855,6.923823609737214e-05,16,0,all_positive
DOROTHEA_BACH1_ABC_TF_ACTIVITY_NO_HYPOXIA_OVERLAP__mean_z,HALLMARK_HYPOXIA__ssgsea_NES,16,0.125,0.41785714285714276,0.22678571428571426,0.6571356681869504,16,0,all_positive
DOROTHEA_BACH1_ABC_TF_ACTIVITY__decoupler_mlm,HALLMARK_HYPOXIA_NO_DOROTHEA_OVERLAP__mean_z,16,0.2178571428571428,0.41785714285714276,0.31607142857142856,0.43539267351553756,16,0,all_positive
DOROTHEA_BACH1_ABC_TF_ACTIVITY__decoupler_mlm,HALLMARK_HYPOXIA__mean_z,16,0.2178571428571428,0.41785714285714276,0.31607142857142856,0.43539267351553756,16,0,all_positive
DOROTHEA_BACH1_ABC_TF_ACTIVITY__decoupler_mlm,HALLMARK_HYPOXIA__ssgsea_NES,16,0.47857142857142854,0.6428571428571428,0.5785714285714285,0.07113080825563321,16,0,all_positive
DOROTHEA_BACH1_ABC_TF_ACTIVITY__decoupler_ulm,HALLMARK_HYPOXIA_NO_DOROTHEA_OVERLAP__mean_z,16,0.28928571428571426,0.5,0.3999999999999999,0.29566536100437785,16,0,all_positive
DOROTHEA_BACH1_ABC_TF_ACTIVITY__decoupler_ulm,HALLMARK_HYPOXIA__mean_z,16,0.28928571428571426,0.5,0.3999999999999999,0.29566536100437785,16,0,all_positive
DOROTHEA_BACH1_ABC_TF_ACTIVITY__decoupler_ulm,HALLMARK_HYPOXIA__ssgsea_NES,16,0.532142857142857,0.6678571428571428,0.6178571428571427,0.041158580386934415,16,0,all_positive
DOROTHEA_BACH1_ABC_TF_ACTIVITY__mean_z,HALLMARK_HYPOXIA_NO_DOROTHEA_OVERLAP__mean_z,16,0.8892857142857141,0.9285714285714284,0.9053571428571427,9.192974758842252e-06,16,0,all_positive
DOROTHEA_BACH1_ABC_TF_ACTIVITY__mean_z,HALLMARK_HYPOXIA__mean_z,16,0.8892857142857141,0.9285714285714284,0.9053571428571427,9.192974758842252e-06,16,0,all_positive
DOROTHEA_BACH1_ABC_TF_ACTIVITY__mean_z,HALLMARK_HYPOXIA__ssgsea_NES,16,0.25357142857142856,0.5214285714285714,0.3464285714285714,0.3618161038158896,16,0,all_positive
DOROTHEA_BACH1_ABC_TF_ACTIVITY__ssgsea_NES,HALLMARK_HYPOXIA_NO_DOROTHEA_OVERLAP__mean_z,16,0.06785714285714285,0.39999999999999997,0.19107142857142856,0.8101088187105131,16,0,all_positive
DOROTHEA_BACH1_ABC_TF_ACTIVITY__ssgsea_NES,HALLMARK_HYPOXIA__mean_z,16,0.06785714285714285,0.39999999999999997,0.19107142857142856,0.8101088187105131,16,0,all_positive
DOROTHEA_BACH1_ABC_TF_ACTIVITY__ssgsea_NES,HALLMARK_HYPOXIA__ssgsea_NES,16,-0.1714285714285714,0.0857142857142857,0.0035714285714285704,0.9899214068809781,9,7,mixed_or_zero
KLENJA2025_BACH1_ACTIVITY_INVERTED__ssgsea_NES,HALLMARK_HYPOXIA_NO_DOROTHEA_OVERLAP__mean_z,16,-0.06071428571428571,0.3142857142857143,0.0875,0.8794603130258999,13,3,mixed_or_zero
KLENJA2025_BACH1_ACTIVITY_INVERTED__ssgsea_NES,HALLMARK_HYPOXIA__mean_z,16,-0.06071428571428571,0.3142857142857143,0.0875,0.8794603130258999,13,3,mixed_or_zero
KLENJA2025_BACH1_ACTIVITY_INVERTED__ssgsea_NES,HALLMARK_HYPOXIA__ssgsea_NES,16,0.2678571428571428,0.46071428571428563,0.36428571428571427,0.3344436005123538,16,0,all_positive
KLENJA2025_BACH1_INVERSE_ACTIVITY__decoupler_mlm,HALLMARK_HYPOXIA_NO_DOROTHEA_OVERLAP__mean_z,16,-0.24642857142857136,0.12857142857142856,-0.04821428571428571,0.9596997645989476,4,12,mixed_or_zero
KLENJA2025_BACH1_INVERSE_ACTIVITY__decoupler_mlm,HALLMARK_HYPOXIA__mean_z,16,-0.24642857142857136,0.12857142857142856,-0.04821428571428571,0.9596997645989476,4,12,mixed_or_zero
KLENJA2025_BACH1_INVERSE_ACTIVITY__decoupler_mlm,HALLMARK_HYPOXIA__ssgsea_NES,16,-0.36785714285714277,-0.08928571428571427,-0.20714285714285713,0.751672517350277,0,16,all_negative
KLENJA2025_BACH1_INVERSE_ACTIVITY__decoupler_ulm,HALLMARK_HYPOXIA_NO_DOROTHEA_OVERLAP__mean_z,16,0.10357142857142855,0.47857142857142854,0.2696428571428571,0.7133796306287292,16,0,all_positive
KLENJA2025_BACH1_INVERSE_ACTIVITY__decoupler_ulm,HALLMARK_HYPOXIA__mean_z,16,0.10357142857142855,0.47857142857142854,0.2696428571428571,0.7133796306287292,16,0,all_positive
KLENJA2025_BACH1_INVERSE_ACTIVITY__decoupler_ulm,HALLMARK_HYPOXIA__ssgsea_NES,16,0.3178571428571428,0.5107142857142856,0.39999999999999997,0.24829056581701822,16,0,all_positive
KLENJA2025_BACH1_INVERSE_ACTIVITY__mean_z,HALLMARK_HYPOXIA_NO_DOROTHEA_OVERLAP__mean_z,16,-0.35,0.024999999999999998,-0.14285714285714282,0.9295289708192378,1,15,mixed_or_zero
KLENJA2025_BACH1_INVERSE_ACTIVITY__mean_z,HALLMARK_HYPOXIA__mean_z,16,-0.35,0.024999999999999998,-0.14285714285714282,0.9295289708192378,1,15,mixed_or_zero
KLENJA2025_BACH1_INVERSE_ACTIVITY__mean_z,HALLMARK_HYPOXIA__ssgsea_NES,16,0.19999999999999998,0.39999999999999997,0.3321428571428571,0.4748139645221684,16,0,all_positive
KLENJA2025_BACH1_INVERSE_ACTIVITY__ssgsea_NES,HALLMARK_HYPOXIA_NO_DOROTHEA_OVERLAP__mean_z,16,-0.3142857142857143,0.06071428571428571,-0.0875,0.8794603130258999,3,13,mixed_or_zero
KLENJA2025_BACH1_INVERSE_ACTIVITY__ssgsea_NES,HALLMARK_HYPOXIA__mean_z,16,-0.3142857142857143,0.06071428571428571,-0.0875,0.8794603130258999,3,13,mixed_or_zero
KLENJA2025_BACH1_INVERSE_ACTIVITY__ssgsea_NES,HALLMARK_HYPOXIA__ssgsea_NES,16,-0.46071428571428563,-0.2678571428571428,-0.36428571428571427,0.3344436005123538,0,16,all_negative
