bach1_score,phenotype_score,n_patients,spearman_rho,spearman_p,spearman_holm_p,spearman_bh_q
DOROTHEA_BACH1_ABC_TF_ACTIVITY__mean_z,HALLMARK_HYPOXIA_NO_DOROTHEA_OVERLAP__mean_z,16,0.9088235294117648,1.100585220018777e-06,4.622457924078864e-05,2.311228962039432e-05
DOROTHEA_BACH1_ABC_TF_ACTIVITY__mean_z,HALLMARK_HYPOXIA__mean_z,16,0.9088235294117648,1.100585220018777e-06,4.622457924078864e-05,2.311228962039432e-05
DOROTHEA_BACH1_ABC_TF_ACTIVITY_NO_HYPOXIA_OVERLAP__mean_z,HALLMARK_HYPOXIA_NO_DOROTHEA_OVERLAP__mean_z,16,0.8676470588235294,1.3348681299166978e-05,0.0005339472519666791,0.00014016115364125326
DOROTHEA_BACH1_ABC_TF_ACTIVITY_NO_HYPOXIA_OVERLAP__mean_z,HALLMARK_HYPOXIA__mean_z,16,0.8676470588235294,1.3348681299166978e-05,0.0005339472519666791,0.00014016115364125326
COLLECTRI_BACH1_TF_ACTIVITY__decoupler_ulm,HALLMARK_HYPOXIA__ssgsea_NES,16,0.6352941176470589,0.00818206461633401,0.31091845542069235,0.06872934277720569
DOROTHEA_BACH1_ABC_TF_ACTIVITY__decoupler_ulm,HALLMARK_HYPOXIA__ssgsea_NES,16,0.6088235294117647,0.012315203198246456,0.4556625183351189,0.08620642238772519
DOROTHEA_BACH1_ABC_TF_ACTIVITY__decoupler_mlm,HALLMARK_HYPOXIA__ssgsea_NES,16,0.5588235294117647,0.024436511424505727,0.8797144112822062,0.1331514256831916
COLLECTRI_BACH1_TF_ACTIVITY__decoupler_mlm,HALLMARK_HYPOXIA__ssgsea_NES,16,0.5558823529411765,0.025362176320607922,0.8876761712212773,0.1331514256831916
COLLECTRI_BACH1_TF_ACTIVITY__mean_z,HALLMARK_HYPOXIA__ssgsea_NES,16,0.4558823529411765,0.07594549116741177,1.0,0.35441229211458825
KLENJA2025_BACH1_INVERSE_ACTIVITY__decoupler_ulm,HALLMARK_HYPOXIA__ssgsea_NES,16,0.4058823529411764,0.11879168453237476,1.0,0.4216325321210289
DOROTHEA_BACH1_ABC_TF_ACTIVITY__decoupler_ulm,HALLMARK_HYPOXIA_NO_DOROTHEA_OVERLAP__mean_z,16,0.40294117647058825,0.121745762952543,1.0,0.4216325321210289
DOROTHEA_BACH1_ABC_TF_ACTIVITY__decoupler_ulm,HALLMARK_HYPOXIA__mean_z,16,0.40294117647058825,0.121745762952543,1.0,0.4216325321210289
COLLECTRI_BACH1_TF_ACTIVITY__ssgsea_NES,HALLMARK_HYPOXIA_NO_DOROTHEA_OVERLAP__mean_z,16,-0.3852941176470588,0.1405441773736763,1.0,0.4216325321210289
COLLECTRI_BACH1_TF_ACTIVITY__ssgsea_NES,HALLMARK_HYPOXIA__mean_z,16,-0.3852941176470588,0.1405441773736763,1.0,0.4216325321210289
KLENJA2025_BACH1_ACTIVITY_INVERTED__ssgsea_NES,HALLMARK_HYPOXIA__ssgsea_NES,16,0.36176470588235293,0.16855882250388438,1.0,0.4424669090726965
KLENJA2025_BACH1_INVERSE_ACTIVITY__ssgsea_NES,HALLMARK_HYPOXIA__ssgsea_NES,16,-0.36176470588235293,0.16855882250388438,1.0,0.4424669090726965
DOROTHEA_BACH1_ABC_TF_ACTIVITY__mean_z,HALLMARK_HYPOXIA__ssgsea_NES,16,0.34705882352941175,0.18783442010629967,1.0,0.46406150849791683
COLLECTRI_BACH1_TF_ACTIVITY__ssgsea_NES,HALLMARK_HYPOXIA__ssgsea_NES,16,-0.31764705882352945,0.23057346362184541,1.0,0.47031663853268896
DOROTHEA_BACH1_ABC_TF_ACTIVITY__decoupler_mlm,HALLMARK_HYPOXIA_NO_DOROTHEA_OVERLAP__mean_z,16,0.3147058823529411,0.23515831926634448,1.0,0.47031663853268896
DOROTHEA_BACH1_ABC_TF_ACTIVITY__decoupler_mlm,HALLMARK_HYPOXIA__mean_z,16,0.3147058823529411,0.23515831926634448,1.0,0.47031663853268896
KLENJA2025_BACH1_INVERSE_ACTIVITY__mean_z,HALLMARK_HYPOXIA__ssgsea_NES,16,0.3147058823529411,0.23515831926634448,1.0,0.47031663853268896
KLENJA2025_BACH1_INVERSE_ACTIVITY__decoupler_ulm,HALLMARK_HYPOXIA_NO_DOROTHEA_OVERLAP__mean_z,16,0.26176470588235295,0.3274104118125859,1.0,0.5978798824403743
KLENJA2025_BACH1_INVERSE_ACTIVITY__decoupler_ulm,HALLMARK_HYPOXIA__mean_z,16,0.26176470588235295,0.3274104118125859,1.0,0.5978798824403743
DOROTHEA_BACH1_ABC_TF_ACTIVITY_NO_HYPOXIA_OVERLAP__mean_z,HALLMARK_HYPOXIA__ssgsea_NES,16,0.21764705882352942,0.41808684161130294,1.0,0.7025392270382643
KLENJA2025_BACH1_INVERSE_ACTIVITY__decoupler_mlm,HALLMARK_HYPOXIA__ssgsea_NES,16,-0.2088235294117647,0.43765851094980035,1.0,0.7025392270382643
DOROTHEA_BACH1_ABC_TF_ACTIVITY__ssgsea_NES,HALLMARK_HYPOXIA_NO_DOROTHEA_OVERLAP__mean_z,16,0.19117647058823528,0.47816401281702825,1.0,0.7025392270382643
DOROTHEA_BACH1_ABC_TF_ACTIVITY__ssgsea_NES,HALLMARK_HYPOXIA__mean_z,16,0.19117647058823528,0.47816401281702825,1.0,0.7025392270382643
COLLECTRI_BACH1_TF_ACTIVITY__mean_z,HALLMARK_HYPOXIA_NO_DOROTHEA_OVERLAP__mean_z,16,0.18823529411764706,0.4850866091454682,1.0,0.7025392270382643
COLLECTRI_BACH1_TF_ACTIVITY__mean_z,HALLMARK_HYPOXIA__mean_z,16,0.18823529411764706,0.4850866091454682,1.0,0.7025392270382643
KLENJA2025_BACH1_INVERSE_ACTIVITY__mean_z,HALLMARK_HYPOXIA_NO_DOROTHEA_OVERLAP__mean_z,16,-0.15588235294117647,0.5642819694728023,1.0,0.7645110554147644
KLENJA2025_BACH1_INVERSE_ACTIVITY__mean_z,HALLMARK_HYPOXIA__mean_z,16,-0.15588235294117647,0.5642819694728023,1.0,0.7645110554147644
COLLECTRI_BACH1_TF_ACTIVITY__decoupler_ulm,HALLMARK_HYPOXIA_NO_DOROTHEA_OVERLAP__mean_z,16,0.11176470588235293,0.6802736949858406,1.0,0.8646699812865921
COLLECTRI_BACH1_TF_ACTIVITY__decoupler_ulm,HALLMARK_HYPOXIA__mean_z,16,0.11176470588235293,0.6802736949858406,1.0,0.8646699812865921
KLENJA2025_BACH1_ACTIVITY_INVERTED__ssgsea_NES,HALLMARK_HYPOXIA_NO_DOROTHEA_OVERLAP__mean_z,16,0.0823529411764706,0.761733078752474,1.0,0.8646699812865921
KLENJA2025_BACH1_ACTIVITY_INVERTED__ssgsea_NES,HALLMARK_HYPOXIA__mean_z,16,0.0823529411764706,0.761733078752474,1.0,0.8646699812865921
KLENJA2025_BACH1_INVERSE_ACTIVITY__ssgsea_NES,HALLMARK_HYPOXIA_NO_DOROTHEA_OVERLAP__mean_z,16,-0.0823529411764706,0.761733078752474,1.0,0.8646699812865921
KLENJA2025_BACH1_INVERSE_ACTIVITY__ssgsea_NES,HALLMARK_HYPOXIA__mean_z,16,-0.0823529411764706,0.761733078752474,1.0,0.8646699812865921
KLENJA2025_BACH1_INVERSE_ACTIVITY__decoupler_mlm,HALLMARK_HYPOXIA_NO_DOROTHEA_OVERLAP__mean_z,16,-0.02647058823529412,0.9224805705017287,1.0,0.9655081698956275
KLENJA2025_BACH1_INVERSE_ACTIVITY__decoupler_mlm,HALLMARK_HYPOXIA__mean_z,16,-0.02647058823529412,0.9224805705017287,1.0,0.9655081698956275
COLLECTRI_BACH1_TF_ACTIVITY__decoupler_mlm,HALLMARK_HYPOXIA_NO_DOROTHEA_OVERLAP__mean_z,16,-0.014705882352941175,0.956891924031642,1.0,0.9655081698956275
COLLECTRI_BACH1_TF_ACTIVITY__decoupler_mlm,HALLMARK_HYPOXIA__mean_z,16,-0.014705882352941175,0.956891924031642,1.0,0.9655081698956275
DOROTHEA_BACH1_ABC_TF_ACTIVITY__ssgsea_NES,HALLMARK_HYPOXIA__ssgsea_NES,16,-0.011764705882352941,0.9655081698956276,1.0,0.9655081698956275
