gene,Q1,Q2,Q3,Q4,Q5,Q6
SOCS5,-0.23262793257279699,0.09962354246227183,-1.6852862366265737,-0.5432529830721046,1.2588800031911138,1.1026636066180906
SPECC1,-1.2794551724581316,0.0978188490427312,-0.9373886093025446,-0.43835280881517175,1.3576980099571352,1.199679731575979
PDK4,-0.6606116659140969,-0.5888015497611481,-0.9962671165757705,-0.401851358782084,1.8520461935419015,0.7954854974911978
SETD1B,-0.2831553382713478,-1.243771594806708,-0.6107595165579024,-0.5341448109309073,1.6053374796004463,1.0664937809664177
SEMA4A,-1.049730335354505,-0.536031443469452,-0.1394334569072555,-0.940692129785426,1.6094535559026655,1.0564338096139727
FSTL1,0.43263180801241635,-0.38214024151396847,0.3461977327565993,0.0629409305149071,-1.878656245733017,1.4190260159630579
PALM2-AKAP2,-1.492675708642543,0.054432460791383704,0.37538698319081776,-1.0535058121538243,0.684903505892008,1.4314585709221626
OGFRL1,1.597068782588564,-0.8534506755269482,-0.187993865876789,0.37680810203446347,-1.4930930316607558,0.5606606884414634
CCSER2,-1.0376751699144282,-0.7845600812722581,-0.4778585660985023,-0.47268420951118006,1.3096832230045445,1.4630948037918234
CTSA,-0.42869757254273727,-0.4083923769027611,-0.533815386708356,-0.9740687135847892,0.2597401582796392,2.085233891458996
ANKLE2,-0.23932350781464629,-0.974335985165369,0.1995772955709747,-0.5450727088389556,-0.5320963403460146,2.0912512465940196
PLBD1,1.9995515979214027,-0.1797959553241442,-0.5303594058125163,-1.0859117415211186,-0.5958467113262126,0.39236221606259075
FAT1,-1.214262881217197,-0.41556035978890005,-0.03927354176262039,-0.6593833932366328,0.38782640726074863,1.940653768744599
RNF20,-1.7873350398288685,0.5138578692354614,0.40205341407062123,0.09979559399426001,-0.6320445598727663,1.403672722401294
CDH3,-0.3019942706550154,-0.44590030519392704,-0.7766350644767446,-1.0667896400184442,0.7428023292172293,1.8485169511268995
NUAK1,1.7620576682819338,-0.8370638421975186,0.6349354911037737,-0.6802074692637646,0.2463228538157175,-1.1260447017401385
TMEM139,0.5650146585763812,-1.0165825962581945,-0.19734666338528883,1.5187818090338012,-1.415581321522523,0.545714113555824
EDN2,1.2236564168671968,-0.9905304240287836,0.6649598198063988,-0.019349355440687804,-1.5997301575730032,0.7209937003688843
