gene,in_seed777,in_seed778,in_seed779,in_seed780,in_seed781,n_runs_detected,frequency,motifs,runs_with_evidence,n_motif_rows,mean_importance,max_importance,mean_NES,max_NES,mean_AUC,max_AUC,n_runs_total,stable60_min_runs,stable70_min_runs,weighted_importance,stability_class
SOCS5,True,True,True,True,True,5,1.0,cisbp__M08186;metacluster_22.10;metacluster_22.21;metacluster_22.23;metacluster_22.34;metacluster_22.37;tfdimers__MD00166;tfdimers__MD00368;tfdimers__MD00569,seed777;seed778;seed779;seed780;seed781,15,1.389429485319193,2.9552189165736946,3.4528002119120345,4.23612677033835,0.0826176448922135,0.1094033468309603,5,3,4,1.389429485319193,core_100pct
SPECC1,True,True,True,True,True,5,1.0,cisbp__M08186;metacluster_134.2;metacluster_22.10;metacluster_22.18;metacluster_22.21;metacluster_22.34;tfdimers__MD00027;tfdimers__MD00368;tfdimers__MD00569,seed777;seed778;seed779;seed780;seed781,13,1.072885369140369,1.789714537506257,3.4204669098857563,4.179386193711075,0.0821479076429474,0.1213069683832082,5,3,4,1.072885369140369,core_100pct
PDK4,True,True,True,False,True,4,0.8,metacluster_22.10;metacluster_22.30;metacluster_22.34;tfdimers__MD00027;tfdimers__MD00368,seed777;seed778;seed779;seed781,5,1.879723717778626,3.340355217952442,3.456262380456831,3.807034938506824,0.0910280715843466,0.1207249176229973,5,3,4,1.503778974222901,stable_ge70pct
SETD1B,True,True,True,False,True,4,0.8,metacluster_134.2;metacluster_22.10;metacluster_22.18;metacluster_22.21;metacluster_22.30;metacluster_22.32;tfdimers__MD00027;tfdimers__MD00105;tfdimers__MD00264;tfdimers__MD00359;tfdimers__MD00569;tfdimers__MD00594,seed777;seed778;seed779;seed781,16,1.7081843459705055,3.57460647765193,3.4169286583694936,3.829810184266536,0.1099699686783989,0.1844208880006951,5,3,4,1.3665474767764048,stable_ge70pct
SEMA4A,True,True,False,True,True,4,0.8,cisbp__M08186;metacluster_22.30;tfdimers__MD00027;tfdimers__MD00166;tfdimers__MD00332;tfdimers__MD00368,seed777;seed778;seed780;seed781,9,1.4903913101276602,2.0297218398247847,3.337446521575384,4.179386193711075,0.0945382764575981,0.1213069683832082,5,3,4,1.1923130481021282,stable_ge70pct
FSTL1,True,True,False,True,True,4,0.8,metacluster_22.12;metacluster_22.21;metacluster_22.37;tfdimers__MD00166;tfdimers__MD00368,seed777;seed778;seed780;seed781,6,1.4779827970844517,2.7294150059537747,3.5485113197551,4.179386193711075,0.0884917616174331,0.1213069683832082,5,3,4,1.1823862376675611,stable_ge70pct
PALM2-AKAP2,True,True,True,False,True,4,0.8,metacluster_22.10;metacluster_22.21;metacluster_22.23;metacluster_22.34;metacluster_22.37,seed777;seed778;seed779;seed781,8,1.3323249141524625,3.714606083582253,3.4716004960914044,4.23612677033835,0.081682468091794,0.1055022156573116,5,3,4,1.06585993132197,stable_ge70pct
OGFRL1,False,True,True,True,True,4,0.8,cisbp__M08186;metacluster_22.10;metacluster_22.12;metacluster_22.18;metacluster_22.21;metacluster_22.23;metacluster_22.34;tfdimers__MD00027;tfdimers__MD00569,seed778;seed779;seed780;seed781,11,1.1048560811810393,2.9381855411705846,3.556387952562218,4.194186680649889,0.0767907690242617,0.1092236993270966,5,3,4,0.8838848649448314,stable_ge70pct
CCSER2,False,True,True,True,True,4,0.8,cisbp__M08186;metacluster_22.10;metacluster_22.21;metacluster_22.23;metacluster_22.34;tfdimers__MD00027;tfdimers__MD00569,seed778;seed779;seed780;seed781,12,0.9828186523248976,1.2460497245958309,3.4458819774879004,4.194186680649889,0.0841622650033037,0.1353245961597074,5,3,4,0.7862549218599182,stable_ge70pct
CTSA,True,True,True,False,True,4,0.8,metacluster_22.10;metacluster_22.23;metacluster_22.37,seed777;seed778;seed779;seed781,6,0.9722471260833272,1.9373265317977129,3.527915386485701,4.23612677033835,0.0924459130931191,0.1055022156573116,5,3,4,0.7777977008666618,stable_ge70pct
ANKLE2,True,True,True,False,True,4,0.8,metacluster_22.10;metacluster_22.23;metacluster_22.37,seed777;seed778;seed779;seed781,6,0.8410637537127242,1.059218701480818,3.527915386485701,4.23612677033835,0.0924459130931191,0.1055022156573116,5,3,4,0.6728510029701794,stable_ge70pct
PLBD1,True,False,True,True,True,4,0.8,cisbp__M08186;metacluster_134.2;metacluster_22.10;metacluster_22.30,seed777;seed779;seed780;seed781,4,0.6822854400063245,1.181241523957948,3.4798150903966967,3.829810184266536,0.0846749711246765,0.1183627458602192,5,3,4,0.5458283520050596,stable_ge70pct
FAT1,False,True,True,True,True,4,0.8,cisbp__M08186;metacluster_22.10;metacluster_22.12;metacluster_22.21;metacluster_22.23;metacluster_22.34;tfdimers__MD00569,seed778;seed779;seed780;seed781,10,0.6812537106232475,1.15588132452603,3.4373593961075635,4.194186680649889,0.0735373015679113,0.1081762099226692,5,3,4,0.545002968498598,stable_ge70pct
RNF20,True,True,True,False,True,4,0.8,metacluster_22.10;metacluster_22.18;metacluster_22.21;tfdimers__MD00569,seed777;seed778;seed779;seed781,4,0.374157337384479,0.4269546385087512,3.358699457922377,3.647566826287178,0.0691571617729359,0.0827178729689808,5,3,4,0.2993258699075832,stable_ge70pct
CDH3,True,True,True,False,False,3,0.6,metacluster_134.2;metacluster_22.10;tfdimers__MD00027,seed777;seed778;seed779,3,1.7624295596434445,2.6863389461862006,3.3823063415849326,3.829810184266536,0.1084594279557545,0.1207249176229973,5,3,4,1.0574577357860666,stable_ge60pct
NUAK1,True,True,True,False,False,3,0.6,metacluster_134.2;metacluster_22.10;tfdimers__MD00368;tfdimers__MD00569,seed777;seed778;seed779,4,1.596867852419123,2.2408562461694146,3.3288067997882105,3.829810184266536,0.0878578760985788,0.1183627458602192,5,3,4,0.958120711451474,stable_ge60pct
TMEM139,True,False,False,True,True,3,0.6,cisbp__M08186;tfdimers__MD00166;tfdimers__MD00332;tfdimers__MD00569,seed777;seed780;seed781,5,1.473613739427707,1.9306880573250984,3.2234975254245697,3.9131001105567567,0.0970886031854836,0.1353245961597074,5,3,4,0.8841682436566239,stable_ge60pct
EDN2,False,True,False,True,True,3,0.6,metacluster_22.40;tfdimers__MD00027;tfdimers__MD00368,seed778;seed780;seed781,4,1.3732196968727823,2.199970770274729,3.4861685931743827,4.179386193711075,0.1016928661817506,0.1213069683832082,5,3,4,0.8239318181236693,stable_ge60pct
