,COLLECTRI_BACH1_TF_ACTIVITY__decoupler_ulm_p,DOROTHEA_BACH1_ABC_TF_ACTIVITY__decoupler_ulm_p,KLENJA2025_BACH1_INVERSE_ACTIVITY__decoupler_ulm_p,COLLECTRI_BACH1_TF_ACTIVITY__decoupler_mlm_p,DOROTHEA_BACH1_ABC_TF_ACTIVITY__decoupler_mlm_p,KLENJA2025_BACH1_INVERSE_ACTIVITY__decoupler_mlm_p
AL02,0.8321809768676758,0.8321809768676758,0.8321809768676758,0.6727042661847089,0.6588517719329257,0.730393102647505
AL06,0.5617391467094421,0.3871387243270874,0.538799524307251,0.731730962984984,0.17785258217550326,0.5404201437346179
AL08,0.48174744844436646,0.4620070159435272,0.4620070159435272,0.5025453768731452,0.15238420701075883,0.2523146684693205
AL10,0.46598970890045166,0.46598970890045166,0.46598970890045166,0.5065790193221944,0.3233619836572901,0.29486215497685
AL11,0.7311629056930542,0.5879294276237488,0.5879294276237488,0.7040197176498939,0.23401411487566448,0.27287655299069336
P0006,0.6370436549186707,0.6370436549186707,0.6370436549186707,0.6670173758246691,0.4837345879482515,0.26850410037629446
P0008,0.4034597873687744,0.4034597873687744,0.4034597873687744,0.39063566640421565,0.2753653471289341,0.2943107795494686
P0009,0.7526646852493286,0.7526646852493286,0.8796630501747131,0.440357716808188,0.3565189559797399,0.9195801692126229
P0018,0.4705701768398285,0.9662486910820007,0.4705701768398285,0.3039122437408177,0.7634897466212329,0.3761603324737752
P0019,0.7809630036354065,0.7809630036354065,0.7809630036354065,0.7374999722801574,0.4518982110721068,0.35291350555421097
P0020,0.19675126671791077,0.6624283194541931,0.5754352807998657,0.08671502868945247,0.8775030967150754,0.5658003689496167
P0025,0.8730857372283936,0.6843626499176025,0.7559950351715088,0.8759533880005184,0.18534948265200102,0.3660819609401844
P0028,0.7237367630004883,0.9028234481811523,0.7237367630004883,0.557837573743766,0.7295840461734278,0.3417478565255687
P0030,0.9482311606407166,0.5544115304946899,0.5544115304946899,0.9132324609419351,0.25387191887257465,0.2763861859660559
P0031,0.5989142060279846,0.5989142060279846,0.5989142060279846,0.6232472172703696,0.4075314452796568,0.45132967317933215
P0034,0.6990455985069275,0.896765410900116,0.6990455985069275,0.5271972456566587,0.7393072662199178,0.4195882239243014
