setting,metric,held_out_patient,n_pairs,median_delta,wilcoxon_p,sign
bach1_detected_q25__nod_q50,bach1_high_fraction,P10,7,0.045913108426838614,0.015625,positive
bach1_detected_q25__nod_q50,bach1_high_fraction,P11,7,0.047068636471180626,0.015625,positive
bach1_detected_q25__nod_q50,bach1_high_fraction,P15,7,0.047068636471180626,0.015625,positive
bach1_detected_q25__nod_q50,bach1_high_fraction,P16,7,0.045913108426838614,0.015625,positive
bach1_detected_q25__nod_q50,bach1_high_fraction,P17,7,0.045913108426838614,0.015625,positive
bach1_detected_q25__nod_q50,bach1_high_fraction,P19,7,0.045913108426838614,0.015625,positive
bach1_detected_q25__nod_q50,bach1_high_fraction,P24,7,0.047068636471180626,0.015625,positive
bach1_detected_q25__nod_q50,bach1_high_fraction,P25,7,0.047068636471180626,0.015625,positive
bach1_detected_q25__nod_q50,cohigh_fraction,P10,7,0.02032599564045679,0.015625,positive
bach1_detected_q25__nod_q50,cohigh_fraction,P11,7,0.025667002762569065,0.015625,positive
bach1_detected_q25__nod_q50,cohigh_fraction,P15,7,0.025667002762569065,0.015625,positive
bach1_detected_q25__nod_q50,cohigh_fraction,P16,7,0.02032599564045679,0.015625,positive
bach1_detected_q25__nod_q50,cohigh_fraction,P17,7,0.02032599564045679,0.015625,positive
bach1_detected_q25__nod_q50,cohigh_fraction,P19,7,0.02032599564045679,0.015625,positive
bach1_detected_q25__nod_q50,cohigh_fraction,P24,7,0.025667002762569065,0.015625,positive
bach1_detected_q25__nod_q50,cohigh_fraction,P25,7,0.025667002762569065,0.015625,positive
bach1_detected_q25__nod_q50,high_high_jaccard,P10,7,0.03465166929333279,0.015625,positive
bach1_detected_q25__nod_q50,high_high_jaccard,P11,7,0.04841915239138803,0.015625,positive
bach1_detected_q25__nod_q50,high_high_jaccard,P15,7,0.04841915239138803,0.015625,positive
bach1_detected_q25__nod_q50,high_high_jaccard,P16,7,0.03465166929333279,0.015625,positive
bach1_detected_q25__nod_q50,high_high_jaccard,P17,7,0.03465166929333279,0.015625,positive
bach1_detected_q25__nod_q50,high_high_jaccard,P19,7,0.03465166929333279,0.015625,positive
bach1_detected_q25__nod_q50,high_high_jaccard,P24,7,0.04841915239138803,0.015625,positive
bach1_detected_q25__nod_q50,high_high_jaccard,P25,7,0.04841915239138803,0.015625,positive
bach1_detected_q25__nod_q50,nod_high_fraction,P10,7,-0.00012163347857852003,0.046875,negative
bach1_detected_q25__nod_q50,nod_high_fraction,P11,7,-0.00010805784021161724,0.046875,negative
bach1_detected_q25__nod_q50,nod_high_fraction,P15,7,-0.00012163347857852003,0.015625,negative
bach1_detected_q25__nod_q50,nod_high_fraction,P16,7,-0.00010805784021161724,0.046875,negative
bach1_detected_q25__nod_q50,nod_high_fraction,P17,7,-0.00010805784021161724,0.046875,negative
bach1_detected_q25__nod_q50,nod_high_fraction,P19,7,-0.00012163347857852003,0.03125,negative
bach1_detected_q25__nod_q50,nod_high_fraction,P24,7,-0.00012163347857852003,0.046875,negative
bach1_detected_q25__nod_q50,nod_high_fraction,P25,7,-0.00010805784021161724,0.046875,negative
bach1_detected_q25__nod_q50,observed_expected_ratio,P10,7,0.09934874429249363,0.21875,positive
bach1_detected_q25__nod_q50,observed_expected_ratio,P11,7,0.09934874429249363,0.109375,positive
bach1_detected_q25__nod_q50,observed_expected_ratio,P15,7,0.09934874429249363,0.078125,positive
bach1_detected_q25__nod_q50,observed_expected_ratio,P16,7,0.05714018932493525,0.375,positive
bach1_detected_q25__nod_q50,observed_expected_ratio,P17,7,0.05714018932493525,0.375,positive
bach1_detected_q25__nod_q50,observed_expected_ratio,P19,7,0.09934874429249363,0.21875,positive
bach1_detected_q25__nod_q50,observed_expected_ratio,P24,7,0.05714018932493525,0.296875,positive
bach1_detected_q25__nod_q50,observed_expected_ratio,P25,7,0.05714018932493525,0.375,positive
bach1_detected_q25__nod_q75,bach1_high_fraction,P10,7,0.045913108426838614,0.015625,positive
bach1_detected_q25__nod_q75,bach1_high_fraction,P11,7,0.047068636471180626,0.015625,positive
bach1_detected_q25__nod_q75,bach1_high_fraction,P15,7,0.047068636471180626,0.015625,positive
bach1_detected_q25__nod_q75,bach1_high_fraction,P16,7,0.045913108426838614,0.015625,positive
bach1_detected_q25__nod_q75,bach1_high_fraction,P17,7,0.045913108426838614,0.015625,positive
bach1_detected_q25__nod_q75,bach1_high_fraction,P19,7,0.045913108426838614,0.015625,positive
bach1_detected_q25__nod_q75,bach1_high_fraction,P24,7,0.047068636471180626,0.015625,positive
bach1_detected_q25__nod_q75,bach1_high_fraction,P25,7,0.047068636471180626,0.015625,positive
bach1_detected_q25__nod_q75,cohigh_fraction,P10,7,0.012536817288526087,0.015625,positive
bach1_detected_q25__nod_q75,cohigh_fraction,P11,7,0.01295987171947583,0.015625,positive
bach1_detected_q25__nod_q75,cohigh_fraction,P15,7,0.01295987171947583,0.015625,positive
bach1_detected_q25__nod_q75,cohigh_fraction,P16,7,0.012536817288526087,0.015625,positive
bach1_detected_q25__nod_q75,cohigh_fraction,P17,7,0.012536817288526087,0.015625,positive
bach1_detected_q25__nod_q75,cohigh_fraction,P19,7,0.012536817288526087,0.015625,positive
bach1_detected_q25__nod_q75,cohigh_fraction,P24,7,0.01295987171947583,0.015625,positive
bach1_detected_q25__nod_q75,cohigh_fraction,P25,7,0.01295987171947583,0.015625,positive
bach1_detected_q25__nod_q75,high_high_jaccard,P10,7,0.04360922325834607,0.015625,positive
bach1_detected_q25__nod_q75,high_high_jaccard,P11,7,0.04360922325834607,0.015625,positive
bach1_detected_q25__nod_q75,high_high_jaccard,P15,7,0.04360922325834607,0.015625,positive
bach1_detected_q25__nod_q75,high_high_jaccard,P16,7,0.0401055974150943,0.015625,positive
bach1_detected_q25__nod_q75,high_high_jaccard,P17,7,0.0401055974150943,0.015625,positive
bach1_detected_q25__nod_q75,high_high_jaccard,P19,7,0.0401055974150943,0.015625,positive
bach1_detected_q25__nod_q75,high_high_jaccard,P24,7,0.04360922325834607,0.015625,positive
bach1_detected_q25__nod_q75,high_high_jaccard,P25,7,0.0401055974150943,0.015625,positive
bach1_detected_q25__nod_q75,nod_high_fraction,P10,7,-3.5221182019484765e-05,0.375,negative
bach1_detected_q25__nod_q75,nod_high_fraction,P11,7,-7.090202914633581e-05,0.296875,negative
bach1_detected_q25__nod_q75,nod_high_fraction,P15,7,-7.090202914633581e-05,0.15625,negative
bach1_detected_q25__nod_q75,nod_high_fraction,P16,7,-7.090202914633581e-05,0.078125,negative
bach1_detected_q25__nod_q75,nod_high_fraction,P17,7,-3.5221182019484765e-05,0.46875,negative
bach1_detected_q25__nod_q75,nod_high_fraction,P19,7,-7.090202914633581e-05,0.296875,negative
bach1_detected_q25__nod_q75,nod_high_fraction,P24,7,-3.5221182019484765e-05,0.375,negative
bach1_detected_q25__nod_q75,nod_high_fraction,P25,7,-3.5221182019484765e-05,0.46875,negative
bach1_detected_q25__nod_q75,observed_expected_ratio,P10,7,0.04678896389316334,0.8125,positive
bach1_detected_q25__nod_q75,observed_expected_ratio,P11,7,0.04678896389316334,0.375,positive
bach1_detected_q25__nod_q75,observed_expected_ratio,P15,7,0.04678896389316334,0.375,positive
bach1_detected_q25__nod_q75,observed_expected_ratio,P16,7,0.011948912798861011,0.9375,positive
bach1_detected_q25__nod_q75,observed_expected_ratio,P17,7,0.011948912798861011,0.9375,positive
bach1_detected_q25__nod_q75,observed_expected_ratio,P19,7,0.04678896389316334,0.6875,positive
bach1_detected_q25__nod_q75,observed_expected_ratio,P24,7,0.011948912798861011,0.9375,positive
bach1_detected_q25__nod_q75,observed_expected_ratio,P25,7,0.011948912798861011,0.9375,positive
bach1_detected_q25__nod_q90,bach1_high_fraction,P10,7,0.045913108426838614,0.015625,positive
bach1_detected_q25__nod_q90,bach1_high_fraction,P11,7,0.047068636471180626,0.015625,positive
bach1_detected_q25__nod_q90,bach1_high_fraction,P15,7,0.047068636471180626,0.015625,positive
bach1_detected_q25__nod_q90,bach1_high_fraction,P16,7,0.045913108426838614,0.015625,positive
bach1_detected_q25__nod_q90,bach1_high_fraction,P17,7,0.045913108426838614,0.015625,positive
bach1_detected_q25__nod_q90,bach1_high_fraction,P19,7,0.045913108426838614,0.015625,positive
bach1_detected_q25__nod_q90,bach1_high_fraction,P24,7,0.047068636471180626,0.015625,positive
bach1_detected_q25__nod_q90,bach1_high_fraction,P25,7,0.047068636471180626,0.015625,positive
bach1_detected_q25__nod_q90,cohigh_fraction,P10,7,0.006409574266712769,0.015625,positive
bach1_detected_q25__nod_q90,cohigh_fraction,P11,7,0.006409574266712769,0.015625,positive
bach1_detected_q25__nod_q90,cohigh_fraction,P15,7,0.006409574266712769,0.015625,positive
bach1_detected_q25__nod_q90,cohigh_fraction,P16,7,0.004416211323121996,0.015625,positive
bach1_detected_q25__nod_q90,cohigh_fraction,P17,7,0.004416211323121996,0.015625,positive
bach1_detected_q25__nod_q90,cohigh_fraction,P19,7,0.004416211323121996,0.015625,positive
bach1_detected_q25__nod_q90,cohigh_fraction,P24,7,0.006409574266712769,0.015625,positive
bach1_detected_q25__nod_q90,cohigh_fraction,P25,7,0.004416211323121996,0.015625,positive
bach1_detected_q25__nod_q90,high_high_jaccard,P10,7,0.036875186734942264,0.015625,positive
bach1_detected_q25__nod_q90,high_high_jaccard,P11,7,0.036875186734942264,0.015625,positive
bach1_detected_q25__nod_q90,high_high_jaccard,P15,7,0.036875186734942264,0.015625,positive
bach1_detected_q25__nod_q90,high_high_jaccard,P16,7,0.014624691942364466,0.015625,positive
bach1_detected_q25__nod_q90,high_high_jaccard,P17,7,0.014624691942364466,0.015625,positive
bach1_detected_q25__nod_q90,high_high_jaccard,P19,7,0.014624691942364466,0.015625,positive
bach1_detected_q25__nod_q90,high_high_jaccard,P24,7,0.036875186734942264,0.015625,positive
bach1_detected_q25__nod_q90,high_high_jaccard,P25,7,0.014624691942364466,0.015625,positive
bach1_detected_q25__nod_q90,nod_high_fraction,P10,7,-3.632792831859133e-06,0.6875,negative
bach1_detected_q25__nod_q90,nod_high_fraction,P11,7,-6.9525338468851e-05,0.21875,negative
bach1_detected_q25__nod_q90,nod_high_fraction,P15,7,-6.9525338468851e-05,0.296875,negative
bach1_detected_q25__nod_q90,nod_high_fraction,P16,7,-3.632792831859133e-06,0.46875,negative
bach1_detected_q25__nod_q90,nod_high_fraction,P17,7,-3.632792831859133e-06,0.6875,negative
bach1_detected_q25__nod_q90,nod_high_fraction,P19,7,-6.9525338468851e-05,0.21875,negative
bach1_detected_q25__nod_q90,nod_high_fraction,P24,7,-6.9525338468851e-05,0.375,negative
bach1_detected_q25__nod_q90,nod_high_fraction,P25,7,-3.632792831859133e-06,0.6875,negative
bach1_detected_q25__nod_q90,observed_expected_ratio,P10,7,-0.0979078256512198,0.8125,negative
bach1_detected_q25__nod_q90,observed_expected_ratio,P11,7,-0.0979078256512198,0.578125,negative
bach1_detected_q25__nod_q90,observed_expected_ratio,P15,7,-0.0979078256512198,0.8125,negative
bach1_detected_q25__nod_q90,observed_expected_ratio,P16,7,-0.1399726537741237,0.8125,negative
bach1_detected_q25__nod_q90,observed_expected_ratio,P17,7,-0.1399726537741237,0.8125,negative
bach1_detected_q25__nod_q90,observed_expected_ratio,P19,7,-0.1399726537741237,0.8125,negative
bach1_detected_q25__nod_q90,observed_expected_ratio,P24,7,-0.0979078256512198,0.8125,negative
bach1_detected_q25__nod_q90,observed_expected_ratio,P25,7,-0.1399726537741237,0.6875,negative
bach1_detected_q50__nod_q50,bach1_high_fraction,P10,7,0.03067138175295714,0.015625,positive
bach1_detected_q50__nod_q50,bach1_high_fraction,P11,7,0.03150049776592384,0.015625,positive
bach1_detected_q50__nod_q50,bach1_high_fraction,P15,7,0.03150049776592384,0.015625,positive
bach1_detected_q50__nod_q50,bach1_high_fraction,P16,7,0.03067138175295714,0.015625,positive
bach1_detected_q50__nod_q50,bach1_high_fraction,P17,7,0.03067138175295714,0.015625,positive
bach1_detected_q50__nod_q50,bach1_high_fraction,P19,7,0.03067138175295714,0.015625,positive
bach1_detected_q50__nod_q50,bach1_high_fraction,P24,7,0.03150049776592384,0.015625,positive
bach1_detected_q50__nod_q50,bach1_high_fraction,P25,7,0.03150049776592384,0.015625,positive
bach1_detected_q50__nod_q50,cohigh_fraction,P10,7,0.013556706362241523,0.015625,positive
bach1_detected_q50__nod_q50,cohigh_fraction,P11,7,0.017202727838086185,0.015625,positive
bach1_detected_q50__nod_q50,cohigh_fraction,P15,7,0.017202727838086185,0.015625,positive
bach1_detected_q50__nod_q50,cohigh_fraction,P16,7,0.013556706362241523,0.015625,positive
bach1_detected_q50__nod_q50,cohigh_fraction,P17,7,0.013556706362241523,0.015625,positive
bach1_detected_q50__nod_q50,cohigh_fraction,P19,7,0.013556706362241523,0.015625,positive
bach1_detected_q50__nod_q50,cohigh_fraction,P24,7,0.017202727838086185,0.015625,positive
bach1_detected_q50__nod_q50,cohigh_fraction,P25,7,0.017202727838086185,0.015625,positive
bach1_detected_q50__nod_q50,high_high_jaccard,P10,7,0.02435282363438305,0.015625,positive
bach1_detected_q50__nod_q50,high_high_jaccard,P11,7,0.033059752921783675,0.015625,positive
bach1_detected_q50__nod_q50,high_high_jaccard,P15,7,0.033059752921783675,0.015625,positive
bach1_detected_q50__nod_q50,high_high_jaccard,P16,7,0.02435282363438305,0.015625,positive
bach1_detected_q50__nod_q50,high_high_jaccard,P17,7,0.02435282363438305,0.015625,positive
bach1_detected_q50__nod_q50,high_high_jaccard,P19,7,0.02435282363438305,0.015625,positive
bach1_detected_q50__nod_q50,high_high_jaccard,P24,7,0.033059752921783675,0.015625,positive
bach1_detected_q50__nod_q50,high_high_jaccard,P25,7,0.033059752921783675,0.015625,positive
bach1_detected_q50__nod_q50,nod_high_fraction,P10,7,-0.00012163347857852003,0.046875,negative
bach1_detected_q50__nod_q50,nod_high_fraction,P11,7,-0.00010805784021161724,0.046875,negative
bach1_detected_q50__nod_q50,nod_high_fraction,P15,7,-0.00012163347857852003,0.015625,negative
bach1_detected_q50__nod_q50,nod_high_fraction,P16,7,-0.00010805784021161724,0.046875,negative
bach1_detected_q50__nod_q50,nod_high_fraction,P17,7,-0.00010805784021161724,0.046875,negative
bach1_detected_q50__nod_q50,nod_high_fraction,P19,7,-0.00012163347857852003,0.03125,negative
bach1_detected_q50__nod_q50,nod_high_fraction,P24,7,-0.00012163347857852003,0.046875,negative
bach1_detected_q50__nod_q50,nod_high_fraction,P25,7,-0.00010805784021161724,0.046875,negative
bach1_detected_q50__nod_q50,observed_expected_ratio,P10,7,0.21268554286679509,0.109375,positive
bach1_detected_q50__nod_q50,observed_expected_ratio,P11,7,0.21268554286679509,0.046875,positive
bach1_detected_q50__nod_q50,observed_expected_ratio,P15,7,0.21268554286679509,0.03125,positive
bach1_detected_q50__nod_q50,observed_expected_ratio,P16,7,0.20619085650009006,0.109375,positive
bach1_detected_q50__nod_q50,observed_expected_ratio,P17,7,0.20619085650009006,0.109375,positive
bach1_detected_q50__nod_q50,observed_expected_ratio,P19,7,0.21268554286679509,0.078125,positive
bach1_detected_q50__nod_q50,observed_expected_ratio,P24,7,0.20619085650009006,0.109375,positive
bach1_detected_q50__nod_q50,observed_expected_ratio,P25,7,0.20619085650009006,0.109375,positive
bach1_detected_q50__nod_q75,bach1_high_fraction,P10,7,0.03067138175295714,0.015625,positive
bach1_detected_q50__nod_q75,bach1_high_fraction,P11,7,0.03150049776592384,0.015625,positive
bach1_detected_q50__nod_q75,bach1_high_fraction,P15,7,0.03150049776592384,0.015625,positive
bach1_detected_q50__nod_q75,bach1_high_fraction,P16,7,0.03067138175295714,0.015625,positive
bach1_detected_q50__nod_q75,bach1_high_fraction,P17,7,0.03067138175295714,0.015625,positive
bach1_detected_q50__nod_q75,bach1_high_fraction,P19,7,0.03067138175295714,0.015625,positive
bach1_detected_q50__nod_q75,bach1_high_fraction,P24,7,0.03150049776592384,0.015625,positive
bach1_detected_q50__nod_q75,bach1_high_fraction,P25,7,0.03150049776592384,0.015625,positive
bach1_detected_q50__nod_q75,cohigh_fraction,P10,7,0.008798606610569217,0.015625,positive
bach1_detected_q50__nod_q75,cohigh_fraction,P11,7,0.009768748322848905,0.015625,positive
bach1_detected_q50__nod_q75,cohigh_fraction,P15,7,0.009768748322848905,0.015625,positive
bach1_detected_q50__nod_q75,cohigh_fraction,P16,7,0.008798606610569217,0.015625,positive
bach1_detected_q50__nod_q75,cohigh_fraction,P17,7,0.008798606610569217,0.015625,positive
bach1_detected_q50__nod_q75,cohigh_fraction,P19,7,0.008798606610569217,0.015625,positive
bach1_detected_q50__nod_q75,cohigh_fraction,P24,7,0.009768748322848905,0.015625,positive
bach1_detected_q50__nod_q75,cohigh_fraction,P25,7,0.009768748322848905,0.015625,positive
bach1_detected_q50__nod_q75,high_high_jaccard,P10,7,0.0322808465059506,0.015625,positive
bach1_detected_q50__nod_q75,high_high_jaccard,P11,7,0.03485823257496676,0.015625,positive
bach1_detected_q50__nod_q75,high_high_jaccard,P15,7,0.03485823257496676,0.015625,positive
bach1_detected_q50__nod_q75,high_high_jaccard,P16,7,0.0322808465059506,0.015625,positive
bach1_detected_q50__nod_q75,high_high_jaccard,P17,7,0.0322808465059506,0.015625,positive
bach1_detected_q50__nod_q75,high_high_jaccard,P19,7,0.0322808465059506,0.015625,positive
bach1_detected_q50__nod_q75,high_high_jaccard,P24,7,0.03485823257496676,0.015625,positive
bach1_detected_q50__nod_q75,high_high_jaccard,P25,7,0.03485823257496676,0.015625,positive
bach1_detected_q50__nod_q75,nod_high_fraction,P10,7,-3.5221182019484765e-05,0.375,negative
bach1_detected_q50__nod_q75,nod_high_fraction,P11,7,-7.090202914633581e-05,0.296875,negative
bach1_detected_q50__nod_q75,nod_high_fraction,P15,7,-7.090202914633581e-05,0.15625,negative
bach1_detected_q50__nod_q75,nod_high_fraction,P16,7,-7.090202914633581e-05,0.078125,negative
bach1_detected_q50__nod_q75,nod_high_fraction,P17,7,-3.5221182019484765e-05,0.46875,negative
bach1_detected_q50__nod_q75,nod_high_fraction,P19,7,-7.090202914633581e-05,0.296875,negative
bach1_detected_q50__nod_q75,nod_high_fraction,P24,7,-3.5221182019484765e-05,0.375,negative
bach1_detected_q50__nod_q75,nod_high_fraction,P25,7,-3.5221182019484765e-05,0.46875,negative
bach1_detected_q50__nod_q75,observed_expected_ratio,P10,7,0.1990016332406761,0.296875,positive
bach1_detected_q50__nod_q75,observed_expected_ratio,P11,7,0.23287144540825677,0.078125,positive
bach1_detected_q50__nod_q75,observed_expected_ratio,P15,7,0.23287144540825677,0.078125,positive
bach1_detected_q50__nod_q75,observed_expected_ratio,P16,7,0.1990016332406761,0.296875,positive
bach1_detected_q50__nod_q75,observed_expected_ratio,P17,7,0.1990016332406761,0.296875,positive
bach1_detected_q50__nod_q75,observed_expected_ratio,P19,7,0.23287144540825677,0.15625,positive
bach1_detected_q50__nod_q75,observed_expected_ratio,P24,7,0.23287144540825677,0.15625,positive
bach1_detected_q50__nod_q75,observed_expected_ratio,P25,7,0.1990016332406761,0.296875,positive
bach1_detected_q50__nod_q90,bach1_high_fraction,P10,7,0.03067138175295714,0.015625,positive
bach1_detected_q50__nod_q90,bach1_high_fraction,P11,7,0.03150049776592384,0.015625,positive
bach1_detected_q50__nod_q90,bach1_high_fraction,P15,7,0.03150049776592384,0.015625,positive
bach1_detected_q50__nod_q90,bach1_high_fraction,P16,7,0.03067138175295714,0.015625,positive
bach1_detected_q50__nod_q90,bach1_high_fraction,P17,7,0.03067138175295714,0.015625,positive
bach1_detected_q50__nod_q90,bach1_high_fraction,P19,7,0.03067138175295714,0.015625,positive
bach1_detected_q50__nod_q90,bach1_high_fraction,P24,7,0.03150049776592384,0.015625,positive
bach1_detected_q50__nod_q90,bach1_high_fraction,P25,7,0.03150049776592384,0.015625,positive
bach1_detected_q50__nod_q90,cohigh_fraction,P10,7,0.004687396612461919,0.015625,positive
bach1_detected_q50__nod_q90,cohigh_fraction,P11,7,0.004733198983810437,0.015625,positive
bach1_detected_q50__nod_q90,cohigh_fraction,P15,7,0.004733198983810437,0.015625,positive
bach1_detected_q50__nod_q90,cohigh_fraction,P16,7,0.004733198983810437,0.015625,positive
bach1_detected_q50__nod_q90,cohigh_fraction,P17,7,0.004687396612461919,0.015625,positive
bach1_detected_q50__nod_q90,cohigh_fraction,P19,7,0.004687396612461919,0.015625,positive
bach1_detected_q50__nod_q90,cohigh_fraction,P24,7,0.004733198983810437,0.015625,positive
bach1_detected_q50__nod_q90,cohigh_fraction,P25,7,0.004687396612461919,0.015625,positive
bach1_detected_q50__nod_q90,high_high_jaccard,P10,7,0.02955722846732807,0.015625,positive
bach1_detected_q50__nod_q90,high_high_jaccard,P11,7,0.0315099957246937,0.015625,positive
bach1_detected_q50__nod_q90,high_high_jaccard,P15,7,0.0315099957246937,0.015625,positive
bach1_detected_q50__nod_q90,high_high_jaccard,P16,7,0.02955722846732807,0.015625,positive
bach1_detected_q50__nod_q90,high_high_jaccard,P17,7,0.0315099957246937,0.015625,positive
bach1_detected_q50__nod_q90,high_high_jaccard,P19,7,0.02955722846732807,0.015625,positive
bach1_detected_q50__nod_q90,high_high_jaccard,P24,7,0.0315099957246937,0.015625,positive
bach1_detected_q50__nod_q90,high_high_jaccard,P25,7,0.02955722846732807,0.015625,positive
bach1_detected_q50__nod_q90,nod_high_fraction,P10,7,-3.632792831859133e-06,0.6875,negative
bach1_detected_q50__nod_q90,nod_high_fraction,P11,7,-6.9525338468851e-05,0.21875,negative
bach1_detected_q50__nod_q90,nod_high_fraction,P15,7,-6.9525338468851e-05,0.296875,negative
bach1_detected_q50__nod_q90,nod_high_fraction,P16,7,-3.632792831859133e-06,0.46875,negative
bach1_detected_q50__nod_q90,nod_high_fraction,P17,7,-3.632792831859133e-06,0.6875,negative
bach1_detected_q50__nod_q90,nod_high_fraction,P19,7,-6.9525338468851e-05,0.21875,negative
bach1_detected_q50__nod_q90,nod_high_fraction,P24,7,-6.9525338468851e-05,0.375,negative
bach1_detected_q50__nod_q90,nod_high_fraction,P25,7,-3.632792831859133e-06,0.6875,negative
bach1_detected_q50__nod_q90,observed_expected_ratio,P10,7,0.08623407456173382,0.46875,positive
bach1_detected_q50__nod_q90,observed_expected_ratio,P11,7,0.36936075514577205,0.15625,positive
bach1_detected_q50__nod_q90,observed_expected_ratio,P15,7,0.36936075514577205,0.109375,positive
bach1_detected_q50__nod_q90,observed_expected_ratio,P16,7,0.08623407456173382,0.46875,positive
bach1_detected_q50__nod_q90,observed_expected_ratio,P17,7,0.36936075514577205,0.21875,positive
bach1_detected_q50__nod_q90,observed_expected_ratio,P19,7,0.36936075514577205,0.296875,positive
bach1_detected_q50__nod_q90,observed_expected_ratio,P24,7,0.08623407456173382,0.375,positive
bach1_detected_q50__nod_q90,observed_expected_ratio,P25,7,0.08623407456173382,0.46875,positive
bach1_detected_q75__nod_q50,bach1_high_fraction,P10,7,0.015239106298587865,0.015625,positive
bach1_detected_q75__nod_q50,bach1_high_fraction,P11,7,0.015706114716775642,0.015625,positive
bach1_detected_q75__nod_q50,bach1_high_fraction,P15,7,0.015706114716775642,0.015625,positive
bach1_detected_q75__nod_q50,bach1_high_fraction,P16,7,0.015239106298587865,0.015625,positive
bach1_detected_q75__nod_q50,bach1_high_fraction,P17,7,0.015239106298587865,0.015625,positive
bach1_detected_q75__nod_q50,bach1_high_fraction,P19,7,0.015239106298587865,0.015625,positive
bach1_detected_q75__nod_q50,bach1_high_fraction,P24,7,0.015706114716775642,0.015625,positive
bach1_detected_q75__nod_q50,bach1_high_fraction,P25,7,0.015706114716775642,0.015625,positive
bach1_detected_q75__nod_q50,cohigh_fraction,P10,7,0.0058390163952389326,0.015625,positive
bach1_detected_q75__nod_q50,cohigh_fraction,P11,7,0.009079613252375092,0.015625,positive
bach1_detected_q75__nod_q50,cohigh_fraction,P15,7,0.009079613252375092,0.015625,positive
bach1_detected_q75__nod_q50,cohigh_fraction,P16,7,0.0058390163952389326,0.015625,positive
bach1_detected_q75__nod_q50,cohigh_fraction,P17,7,0.0058390163952389326,0.015625,positive
bach1_detected_q75__nod_q50,cohigh_fraction,P19,7,0.0058390163952389326,0.015625,positive
bach1_detected_q75__nod_q50,cohigh_fraction,P24,7,0.009079613252375092,0.015625,positive
bach1_detected_q75__nod_q50,cohigh_fraction,P25,7,0.009079613252375092,0.015625,positive
bach1_detected_q75__nod_q50,high_high_jaccard,P10,7,0.010963940371607105,0.015625,positive
bach1_detected_q75__nod_q50,high_high_jaccard,P11,7,0.01781844787010266,0.015625,positive
bach1_detected_q75__nod_q50,high_high_jaccard,P15,7,0.01781844787010266,0.015625,positive
bach1_detected_q75__nod_q50,high_high_jaccard,P16,7,0.010963940371607105,0.015625,positive
bach1_detected_q75__nod_q50,high_high_jaccard,P17,7,0.010963940371607105,0.015625,positive
bach1_detected_q75__nod_q50,high_high_jaccard,P19,7,0.010963940371607105,0.015625,positive
bach1_detected_q75__nod_q50,high_high_jaccard,P24,7,0.01781844787010266,0.015625,positive
bach1_detected_q75__nod_q50,high_high_jaccard,P25,7,0.01781844787010266,0.015625,positive
bach1_detected_q75__nod_q50,nod_high_fraction,P10,7,-0.00012163347857852003,0.046875,negative
bach1_detected_q75__nod_q50,nod_high_fraction,P11,7,-0.00010805784021161724,0.046875,negative
bach1_detected_q75__nod_q50,nod_high_fraction,P15,7,-0.00012163347857852003,0.015625,negative
bach1_detected_q75__nod_q50,nod_high_fraction,P16,7,-0.00010805784021161724,0.046875,negative
bach1_detected_q75__nod_q50,nod_high_fraction,P17,7,-0.00010805784021161724,0.046875,negative
bach1_detected_q75__nod_q50,nod_high_fraction,P19,7,-0.00012163347857852003,0.03125,negative
bach1_detected_q75__nod_q50,nod_high_fraction,P24,7,-0.00012163347857852003,0.046875,negative
bach1_detected_q75__nod_q50,nod_high_fraction,P25,7,-0.00010805784021161724,0.046875,negative
bach1_detected_q75__nod_q50,observed_expected_ratio,P10,7,0.2321701630809987,0.21875,positive
bach1_detected_q75__nod_q50,observed_expected_ratio,P11,7,0.260567998401098,0.078125,positive
bach1_detected_q75__nod_q50,observed_expected_ratio,P15,7,0.260567998401098,0.078125,positive
bach1_detected_q75__nod_q50,observed_expected_ratio,P16,7,0.2321701630809987,0.21875,positive
bach1_detected_q75__nod_q50,observed_expected_ratio,P17,7,0.2321701630809987,0.21875,positive
bach1_detected_q75__nod_q50,observed_expected_ratio,P19,7,0.260567998401098,0.078125,positive
bach1_detected_q75__nod_q50,observed_expected_ratio,P24,7,0.2321701630809987,0.21875,positive
bach1_detected_q75__nod_q50,observed_expected_ratio,P25,7,0.260567998401098,0.21875,positive
bach1_detected_q75__nod_q75,bach1_high_fraction,P10,7,0.015239106298587865,0.015625,positive
bach1_detected_q75__nod_q75,bach1_high_fraction,P11,7,0.015706114716775642,0.015625,positive
bach1_detected_q75__nod_q75,bach1_high_fraction,P15,7,0.015706114716775642,0.015625,positive
bach1_detected_q75__nod_q75,bach1_high_fraction,P16,7,0.015239106298587865,0.015625,positive
bach1_detected_q75__nod_q75,bach1_high_fraction,P17,7,0.015239106298587865,0.015625,positive
bach1_detected_q75__nod_q75,bach1_high_fraction,P19,7,0.015239106298587865,0.015625,positive
bach1_detected_q75__nod_q75,bach1_high_fraction,P24,7,0.015706114716775642,0.015625,positive
bach1_detected_q75__nod_q75,bach1_high_fraction,P25,7,0.015706114716775642,0.015625,positive
bach1_detected_q75__nod_q75,cohigh_fraction,P10,7,0.004088486189246932,0.015625,positive
bach1_detected_q75__nod_q75,cohigh_fraction,P11,7,0.005859246348725535,0.015625,positive
bach1_detected_q75__nod_q75,cohigh_fraction,P15,7,0.005859246348725535,0.015625,positive
bach1_detected_q75__nod_q75,cohigh_fraction,P16,7,0.004088486189246932,0.015625,positive
bach1_detected_q75__nod_q75,cohigh_fraction,P17,7,0.004088486189246932,0.015625,positive
bach1_detected_q75__nod_q75,cohigh_fraction,P19,7,0.004088486189246932,0.015625,positive
bach1_detected_q75__nod_q75,cohigh_fraction,P24,7,0.005859246348725535,0.015625,positive
bach1_detected_q75__nod_q75,cohigh_fraction,P25,7,0.005859246348725535,0.015625,positive
bach1_detected_q75__nod_q75,high_high_jaccard,P10,7,0.01560341958544278,0.015625,positive
bach1_detected_q75__nod_q75,high_high_jaccard,P11,7,0.021710392890650246,0.015625,positive
bach1_detected_q75__nod_q75,high_high_jaccard,P15,7,0.021710392890650246,0.015625,positive
bach1_detected_q75__nod_q75,high_high_jaccard,P16,7,0.01560341958544278,0.015625,positive
bach1_detected_q75__nod_q75,high_high_jaccard,P17,7,0.01560341958544278,0.015625,positive
bach1_detected_q75__nod_q75,high_high_jaccard,P19,7,0.01560341958544278,0.015625,positive
bach1_detected_q75__nod_q75,high_high_jaccard,P24,7,0.021710392890650246,0.015625,positive
bach1_detected_q75__nod_q75,high_high_jaccard,P25,7,0.021710392890650246,0.015625,positive
bach1_detected_q75__nod_q75,nod_high_fraction,P10,7,-3.5221182019484765e-05,0.375,negative
bach1_detected_q75__nod_q75,nod_high_fraction,P11,7,-7.090202914633581e-05,0.296875,negative
bach1_detected_q75__nod_q75,nod_high_fraction,P15,7,-7.090202914633581e-05,0.15625,negative
bach1_detected_q75__nod_q75,nod_high_fraction,P16,7,-7.090202914633581e-05,0.078125,negative
bach1_detected_q75__nod_q75,nod_high_fraction,P17,7,-3.5221182019484765e-05,0.46875,negative
bach1_detected_q75__nod_q75,nod_high_fraction,P19,7,-7.090202914633581e-05,0.296875,negative
bach1_detected_q75__nod_q75,nod_high_fraction,P24,7,-3.5221182019484765e-05,0.375,negative
bach1_detected_q75__nod_q75,nod_high_fraction,P25,7,-3.5221182019484765e-05,0.46875,negative
bach1_detected_q75__nod_q75,observed_expected_ratio,P10,7,0.18349945929697964,0.21875,positive
bach1_detected_q75__nod_q75,observed_expected_ratio,P11,7,0.37147722391886684,0.046875,positive
bach1_detected_q75__nod_q75,observed_expected_ratio,P15,7,0.37147722391886684,0.078125,positive
bach1_detected_q75__nod_q75,observed_expected_ratio,P16,7,0.18349945929697964,0.21875,positive
bach1_detected_q75__nod_q75,observed_expected_ratio,P17,7,0.18349945929697964,0.21875,positive
bach1_detected_q75__nod_q75,observed_expected_ratio,P19,7,0.37147722391886684,0.109375,positive
bach1_detected_q75__nod_q75,observed_expected_ratio,P24,7,0.37147722391886684,0.15625,positive
bach1_detected_q75__nod_q75,observed_expected_ratio,P25,7,0.18349945929697964,0.21875,positive
bach1_detected_q75__nod_q90,bach1_high_fraction,P10,7,0.015239106298587865,0.015625,positive
bach1_detected_q75__nod_q90,bach1_high_fraction,P11,7,0.015706114716775642,0.015625,positive
bach1_detected_q75__nod_q90,bach1_high_fraction,P15,7,0.015706114716775642,0.015625,positive
bach1_detected_q75__nod_q90,bach1_high_fraction,P16,7,0.015239106298587865,0.015625,positive
bach1_detected_q75__nod_q90,bach1_high_fraction,P17,7,0.015239106298587865,0.015625,positive
bach1_detected_q75__nod_q90,bach1_high_fraction,P19,7,0.015239106298587865,0.015625,positive
bach1_detected_q75__nod_q90,bach1_high_fraction,P24,7,0.015706114716775642,0.015625,positive
bach1_detected_q75__nod_q90,bach1_high_fraction,P25,7,0.015706114716775642,0.015625,positive
bach1_detected_q75__nod_q90,cohigh_fraction,P10,7,0.002055782375867542,0.015625,positive
bach1_detected_q75__nod_q90,cohigh_fraction,P11,7,0.0026058597167250707,0.015625,positive
bach1_detected_q75__nod_q90,cohigh_fraction,P15,7,0.0026058597167250707,0.015625,positive
bach1_detected_q75__nod_q90,cohigh_fraction,P16,7,0.002055782375867542,0.015625,positive
bach1_detected_q75__nod_q90,cohigh_fraction,P17,7,0.002055782375867542,0.015625,positive
bach1_detected_q75__nod_q90,cohigh_fraction,P19,7,0.002055782375867542,0.015625,positive
bach1_detected_q75__nod_q90,cohigh_fraction,P24,7,0.0026058597167250707,0.015625,positive
bach1_detected_q75__nod_q90,cohigh_fraction,P25,7,0.0026058597167250707,0.015625,positive
bach1_detected_q75__nod_q90,high_high_jaccard,P10,7,0.017905609362288213,0.015625,positive
bach1_detected_q75__nod_q90,high_high_jaccard,P11,7,0.01926818198580614,0.015625,positive
bach1_detected_q75__nod_q90,high_high_jaccard,P15,7,0.01926818198580614,0.015625,positive
bach1_detected_q75__nod_q90,high_high_jaccard,P16,7,0.017905609362288213,0.015625,positive
bach1_detected_q75__nod_q90,high_high_jaccard,P17,7,0.017905609362288213,0.015625,positive
bach1_detected_q75__nod_q90,high_high_jaccard,P19,7,0.017905609362288213,0.015625,positive
bach1_detected_q75__nod_q90,high_high_jaccard,P24,7,0.01926818198580614,0.015625,positive
bach1_detected_q75__nod_q90,high_high_jaccard,P25,7,0.01926818198580614,0.015625,positive
bach1_detected_q75__nod_q90,nod_high_fraction,P10,7,-3.632792831859133e-06,0.6875,negative
bach1_detected_q75__nod_q90,nod_high_fraction,P11,7,-6.9525338468851e-05,0.21875,negative
bach1_detected_q75__nod_q90,nod_high_fraction,P15,7,-6.9525338468851e-05,0.296875,negative
bach1_detected_q75__nod_q90,nod_high_fraction,P16,7,-3.632792831859133e-06,0.46875,negative
bach1_detected_q75__nod_q90,nod_high_fraction,P17,7,-3.632792831859133e-06,0.6875,negative
bach1_detected_q75__nod_q90,nod_high_fraction,P19,7,-6.9525338468851e-05,0.21875,negative
bach1_detected_q75__nod_q90,nod_high_fraction,P24,7,-6.9525338468851e-05,0.375,negative
bach1_detected_q75__nod_q90,nod_high_fraction,P25,7,-3.632792831859133e-06,0.6875,negative
bach1_detected_q75__nod_q90,observed_expected_ratio,P10,7,0.3425926506896737,0.15625,positive
bach1_detected_q75__nod_q90,observed_expected_ratio,P11,7,0.3742848135907936,0.109375,positive
bach1_detected_q75__nod_q90,observed_expected_ratio,P15,7,0.3742848135907936,0.015625,positive
bach1_detected_q75__nod_q90,observed_expected_ratio,P16,7,0.3425926506896737,0.15625,positive
bach1_detected_q75__nod_q90,observed_expected_ratio,P17,7,0.3742848135907936,0.109375,positive
bach1_detected_q75__nod_q90,observed_expected_ratio,P19,7,0.3425926506896737,0.109375,positive
bach1_detected_q75__nod_q90,observed_expected_ratio,P24,7,0.3742848135907936,0.109375,positive
bach1_detected_q75__nod_q90,observed_expected_ratio,P25,7,0.3425926506896737,0.15625,positive
