setting,patient_id,metric,tumor_minus_adjacent
bach1_detected_q25__nod_q50,P10,bach1_high_fraction,0.04815483332176507
bach1_detected_q25__nod_q50,P11,bach1_high_fraction,0.02074338161517667
bach1_detected_q25__nod_q50,P15,bach1_high_fraction,0.045913108426838614
bach1_detected_q25__nod_q50,P16,bach1_high_fraction,0.047068636471180626
bach1_detected_q25__nod_q50,P17,bach1_high_fraction,0.08646270852374341
bach1_detected_q25__nod_q50,P19,bach1_high_fraction,0.05923006401494013
bach1_detected_q25__nod_q50,P24,bach1_high_fraction,0.015369839680535943
bach1_detected_q25__nod_q50,P25,bach1_high_fraction,0.018686544785434325
bach1_detected_q25__nod_q50,P10,nod_high_fraction,-9.202658456386459e-05
bach1_detected_q25__nod_q50,P11,nod_high_fraction,-0.00012163347857852003
bach1_detected_q25__nod_q50,P15,nod_high_fraction,7.984669434679681e-05
bach1_detected_q25__nod_q50,P16,nod_high_fraction,-0.00015465582843199321
bach1_detected_q25__nod_q50,P17,nod_high_fraction,-0.00014406860268012522
bach1_detected_q25__nod_q50,P19,nod_high_fraction,-8.26177451773713e-06
bach1_detected_q25__nod_q50,P24,nod_high_fraction,-0.00010805784021161724
bach1_detected_q25__nod_q50,P25,nod_high_fraction,-0.0002429136449645375
bach1_detected_q25__nod_q50,P10,cohigh_fraction,0.029187823174314717
bach1_detected_q25__nod_q50,P11,cohigh_fraction,0.012816784680198732
bach1_detected_q25__nod_q50,P15,cohigh_fraction,0.02032599564045679
bach1_detected_q25__nod_q50,P16,cohigh_fraction,0.025667002762569065
bach1_detected_q25__nod_q50,P17,cohigh_fraction,0.05248468989785707
bach1_detected_q25__nod_q50,P19,cohigh_fraction,0.0356753643173139
bach1_detected_q25__nod_q50,P24,cohigh_fraction,0.010261091799281086
bach1_detected_q25__nod_q50,P25,cohigh_fraction,0.01649456712139466
bach1_detected_q25__nod_q50,P10,observed_expected_ratio,0.05714018932493525
bach1_detected_q25__nod_q50,P11,observed_expected_ratio,-0.07414899894638283
bach1_detected_q25__nod_q50,P15,observed_expected_ratio,-0.15373723412751872
bach1_detected_q25__nod_q50,P16,observed_expected_ratio,0.19945242414359032
bach1_detected_q25__nod_q50,P17,observed_expected_ratio,0.2554365529671776
bach1_detected_q25__nod_q50,P19,observed_expected_ratio,0.0496059964466411
bach1_detected_q25__nod_q50,P24,observed_expected_ratio,0.09934874429249363
bach1_detected_q25__nod_q50,P25,observed_expected_ratio,0.3085783118432478
bach1_detected_q25__nod_q50,P10,high_high_jaccard,0.05206506156394753
bach1_detected_q25__nod_q50,P11,high_high_jaccard,0.02409239261062341
bach1_detected_q25__nod_q50,P15,high_high_jaccard,0.03465166929333279
bach1_detected_q25__nod_q50,P16,high_high_jaccard,0.04841915239138803
bach1_detected_q25__nod_q50,P17,high_high_jaccard,0.09342788760863421
bach1_detected_q25__nod_q50,P19,high_high_jaccard,0.06571138406185327
bach1_detected_q25__nod_q50,P24,high_high_jaccard,0.019205232213706888
bach1_detected_q25__nod_q50,P25,high_high_jaccard,0.03174790305635163
bach1_detected_q25__nod_q75,P10,bach1_high_fraction,0.04815483332176507
bach1_detected_q25__nod_q75,P11,bach1_high_fraction,0.02074338161517667
bach1_detected_q25__nod_q75,P15,bach1_high_fraction,0.045913108426838614
bach1_detected_q25__nod_q75,P16,bach1_high_fraction,0.047068636471180626
bach1_detected_q25__nod_q75,P17,bach1_high_fraction,0.08646270852374341
bach1_detected_q25__nod_q75,P19,bach1_high_fraction,0.05923006401494013
bach1_detected_q25__nod_q75,P24,bach1_high_fraction,0.015369839680535943
bach1_detected_q25__nod_q75,P25,bach1_high_fraction,0.018686544785434325
bach1_detected_q25__nod_q75,P10,nod_high_fraction,-7.090202914633581e-05
bach1_detected_q25__nod_q75,P11,nod_high_fraction,-3.5221182019484765e-05
bach1_detected_q25__nod_q75,P15,nod_high_fraction,3.9923347173398405e-05
bach1_detected_q25__nod_q75,P16,nod_high_fraction,0.00014631591997549265
bach1_detected_q25__nod_q75,P17,nod_high_fraction,-0.000286304778904678
bach1_detected_q25__nod_q75,P19,nod_high_fraction,-1.2392661776550185e-05
bach1_detected_q25__nod_q75,P24,nod_high_fraction,-7.791920641153638e-05
bach1_detected_q25__nod_q75,P25,nod_high_fraction,-0.0001929027033865105
bach1_detected_q25__nod_q75,P10,cohigh_fraction,0.01457417541976783
bach1_detected_q25__nod_q75,P11,cohigh_fraction,0.004212923348180901
bach1_detected_q25__nod_q75,P15,cohigh_fraction,0.009952349352049465
bach1_detected_q25__nod_q75,P16,cohigh_fraction,0.01295987171947583
bach1_detected_q25__nod_q75,P17,cohigh_fraction,0.026309572134756213
bach1_detected_q25__nod_q75,P19,cohigh_fraction,0.019938162756934583
bach1_detected_q25__nod_q75,P24,cohigh_fraction,0.004817730840953313
bach1_detected_q25__nod_q75,P25,cohigh_fraction,0.012536817288526087
bach1_detected_q25__nod_q75,P10,observed_expected_ratio,0.011948912798861011
bach1_detected_q25__nod_q75,P11,observed_expected_ratio,-0.388644194052733
bach1_detected_q25__nod_q75,P15,observed_expected_ratio,-0.2884640249909243
bach1_detected_q25__nod_q75,P16,observed_expected_ratio,0.19529716503533223
bach1_detected_q25__nod_q75,P17,observed_expected_ratio,0.21228272206607213
bach1_detected_q25__nod_q75,P19,observed_expected_ratio,-0.04050462127527421
bach1_detected_q25__nod_q75,P24,observed_expected_ratio,0.04678896389316334
bach1_detected_q25__nod_q75,P25,observed_expected_ratio,0.7480392091354037
bach1_detected_q25__nod_q75,P10,high_high_jaccard,0.0401055974150943
bach1_detected_q25__nod_q75,P11,high_high_jaccard,0.01187427688742504
bach1_detected_q25__nod_q75,P15,high_high_jaccard,0.024453023250677955
bach1_detected_q25__nod_q75,P16,high_high_jaccard,0.04360922325834607
bach1_detected_q25__nod_q75,P17,high_high_jaccard,0.07359224961382449
bach1_detected_q25__nod_q75,P19,high_high_jaccard,0.061491626038280976
bach1_detected_q25__nod_q75,P24,high_high_jaccard,0.015380571358107276
bach1_detected_q25__nod_q75,P25,high_high_jaccard,0.04438943694647865
bach1_detected_q25__nod_q90,P10,bach1_high_fraction,0.04815483332176507
bach1_detected_q25__nod_q90,P11,bach1_high_fraction,0.02074338161517667
bach1_detected_q25__nod_q90,P15,bach1_high_fraction,0.045913108426838614
bach1_detected_q25__nod_q90,P16,bach1_high_fraction,0.047068636471180626
bach1_detected_q25__nod_q90,P17,bach1_high_fraction,0.08646270852374341
bach1_detected_q25__nod_q90,P19,bach1_high_fraction,0.05923006401494013
bach1_detected_q25__nod_q90,P24,bach1_high_fraction,0.015369839680535943
bach1_detected_q25__nod_q90,P25,bach1_high_fraction,0.018686544785434325
bach1_detected_q25__nod_q90,P10,nod_high_fraction,-0.0002991682296171888
bach1_detected_q25__nod_q90,P11,nod_high_fraction,8.922292773326512e-05
bach1_detected_q25__nod_q90,P15,nod_high_fraction,4.633579143194233e-05
bach1_detected_q25__nod_q90,P16,nod_high_fraction,-6.9525338468851e-05
bach1_detected_q25__nod_q90,P17,nod_high_fraction,-0.00042688586072309187
bach1_detected_q25__nod_q90,P19,nod_high_fraction,0.00011206670032232191
bach1_detected_q25__nod_q90,P24,nod_high_fraction,-3.632792831859133e-06
bach1_detected_q25__nod_q90,P25,nod_high_fraction,-0.00019042368544024135
bach1_detected_q25__nod_q90,P10,cohigh_fraction,0.004352497506364872
bach1_detected_q25__nod_q90,P11,cohigh_fraction,0.002274930358959055
bach1_detected_q25__nod_q90,P15,cohigh_fraction,0.004416211323121996
bach1_detected_q25__nod_q90,P16,cohigh_fraction,0.006409574266712769
bach1_detected_q25__nod_q90,P17,cohigh_fraction,0.010330263614950388
bach1_detected_q25__nod_q90,P19,cohigh_fraction,0.0077604453050981815
bach1_detected_q25__nod_q90,P24,cohigh_fraction,0.0013727340159043738
bach1_detected_q25__nod_q90,P25,cohigh_fraction,0.007036349466224397
bach1_detected_q25__nod_q90,P10,observed_expected_ratio,-0.1834774536556334
bach1_detected_q25__nod_q90,P11,observed_expected_ratio,-0.5018242673718103
bach1_detected_q25__nod_q90,P15,observed_expected_ratio,-0.17120624206835244
bach1_detected_q25__nod_q90,P16,observed_expected_ratio,0.38047929439876627
bach1_detected_q25__nod_q90,P17,observed_expected_ratio,0.19567756556097293
bach1_detected_q25__nod_q90,P19,observed_expected_ratio,-0.0979078256512198
bach1_detected_q25__nod_q90,P24,observed_expected_ratio,-0.1399726537741237
bach1_detected_q25__nod_q90,P25,observed_expected_ratio,1.120289568473574
bach1_detected_q25__nod_q90,P10,high_high_jaccard,0.012487343379034344
bach1_detected_q25__nod_q90,P11,high_high_jaccard,0.008663901353864752
bach1_detected_q25__nod_q90,P15,high_high_jaccard,0.014624691942364466
bach1_detected_q25__nod_q90,P16,high_high_jaccard,0.04186214819402163
bach1_detected_q25__nod_q90,P17,high_high_jaccard,0.04183704838793589
bach1_detected_q25__nod_q90,P19,high_high_jaccard,0.036875186734942264
bach1_detected_q25__nod_q90,P24,high_high_jaccard,0.005652691432618741
bach1_detected_q25__nod_q90,P25,high_high_jaccard,0.04904655112893791
bach1_detected_q50__nod_q50,P10,bach1_high_fraction,0.032322716765012305
bach1_detected_q50__nod_q50,P11,bach1_high_fraction,0.013924735878971944
bach1_detected_q50__nod_q50,P15,bach1_high_fraction,0.03067138175295714
bach1_detected_q50__nod_q50,P16,bach1_high_fraction,0.03150049776592384
bach1_detected_q50__nod_q50,P17,bach1_high_fraction,0.05759837895285307
bach1_detected_q50__nod_q50,P19,bach1_high_fraction,0.03954879933694836
bach1_detected_q50__nod_q50,P24,bach1_high_fraction,0.010271816420500315
bach1_detected_q50__nod_q50,P25,bach1_high_fraction,0.012587783146407829
bach1_detected_q50__nod_q50,P10,nod_high_fraction,-9.202658456386459e-05
bach1_detected_q50__nod_q50,P11,nod_high_fraction,-0.00012163347857852003
bach1_detected_q50__nod_q50,P15,nod_high_fraction,7.984669434679681e-05
bach1_detected_q50__nod_q50,P16,nod_high_fraction,-0.00015465582843199321
bach1_detected_q50__nod_q50,P17,nod_high_fraction,-0.00014406860268012522
bach1_detected_q50__nod_q50,P19,nod_high_fraction,-8.26177451773713e-06
bach1_detected_q50__nod_q50,P24,nod_high_fraction,-0.00010805784021161724
bach1_detected_q50__nod_q50,P25,nod_high_fraction,-0.0002429136449645375
bach1_detected_q50__nod_q50,P10,cohigh_fraction,0.02067351545730268
bach1_detected_q50__nod_q50,P11,cohigh_fraction,0.008028268610403538
bach1_detected_q50__nod_q50,P15,cohigh_fraction,0.013556706362241523
bach1_detected_q50__nod_q50,P16,cohigh_fraction,0.017202727838086185
bach1_detected_q50__nod_q50,P17,cohigh_fraction,0.034615769856702346
bach1_detected_q50__nod_q50,P19,cohigh_fraction,0.022873484370346565
bach1_detected_q50__nod_q50,P24,cohigh_fraction,0.008301498639315803
bach1_detected_q50__nod_q50,P25,cohigh_fraction,0.011736465471594626
bach1_detected_q50__nod_q50,P10,observed_expected_ratio,0.20619085650009006
bach1_detected_q50__nod_q50,P11,observed_expected_ratio,-0.037366156583494625
bach1_detected_q50__nod_q50,P15,observed_expected_ratio,-0.14245092151399263
bach1_detected_q50__nod_q50,P16,observed_expected_ratio,0.2699093553179581
bach1_detected_q50__nod_q50,P17,observed_expected_ratio,0.35588147337095477
bach1_detected_q50__nod_q50,P19,observed_expected_ratio,0.08191078635337523
bach1_detected_q50__nod_q50,P24,observed_expected_ratio,0.21268554286679509
bach1_detected_q50__nod_q50,P25,observed_expected_ratio,0.37100083509981485
bach1_detected_q50__nod_q50,P10,high_high_jaccard,0.03838042367687837
bach1_detected_q50__nod_q50,P11,high_high_jaccard,0.015324259692715468
bach1_detected_q50__nod_q50,P15,high_high_jaccard,0.02435282363438305
bach1_detected_q50__nod_q50,P16,high_high_jaccard,0.033059752921783675
bach1_detected_q50__nod_q50,P17,high_high_jaccard,0.06384673174079893
bach1_detected_q50__nod_q50,P19,high_high_jaccard,0.043118559492250075
bach1_detected_q50__nod_q50,P24,high_high_jaccard,0.015995864760258296
bach1_detected_q50__nod_q50,P25,high_high_jaccard,0.02286886676304154
bach1_detected_q50__nod_q75,P10,bach1_high_fraction,0.032322716765012305
bach1_detected_q50__nod_q75,P11,bach1_high_fraction,0.013924735878971944
bach1_detected_q50__nod_q75,P15,bach1_high_fraction,0.03067138175295714
bach1_detected_q50__nod_q75,P16,bach1_high_fraction,0.03150049776592384
bach1_detected_q50__nod_q75,P17,bach1_high_fraction,0.05759837895285307
bach1_detected_q50__nod_q75,P19,bach1_high_fraction,0.03954879933694836
bach1_detected_q50__nod_q75,P24,bach1_high_fraction,0.010271816420500315
bach1_detected_q50__nod_q75,P25,bach1_high_fraction,0.012587783146407829
bach1_detected_q50__nod_q75,P10,nod_high_fraction,-7.090202914633581e-05
bach1_detected_q50__nod_q75,P11,nod_high_fraction,-3.5221182019484765e-05
bach1_detected_q50__nod_q75,P15,nod_high_fraction,3.9923347173398405e-05
bach1_detected_q50__nod_q75,P16,nod_high_fraction,0.00014631591997549265
bach1_detected_q50__nod_q75,P17,nod_high_fraction,-0.000286304778904678
bach1_detected_q50__nod_q75,P19,nod_high_fraction,-1.2392661776550185e-05
bach1_detected_q50__nod_q75,P24,nod_high_fraction,-7.791920641153638e-05
bach1_detected_q50__nod_q75,P25,nod_high_fraction,-0.0001929027033865105
bach1_detected_q50__nod_q75,P10,cohigh_fraction,0.012559228747550107
bach1_detected_q50__nod_q75,P11,cohigh_fraction,0.0028759614279128586
bach1_detected_q50__nod_q75,P15,cohigh_fraction,0.007563806087689246
bach1_detected_q50__nod_q75,P16,cohigh_fraction,0.009768748322848905
bach1_detected_q50__nod_q75,P17,cohigh_fraction,0.017042932149572414
bach1_detected_q50__nod_q75,P19,cohigh_fraction,0.012940840269181953
bach1_detected_q50__nod_q75,P24,cohigh_fraction,0.0042139643845998335
bach1_detected_q50__nod_q75,P25,cohigh_fraction,0.008798606610569217
bach1_detected_q50__nod_q75,P10,observed_expected_ratio,0.4031392349850047
bach1_detected_q50__nod_q75,P11,observed_expected_ratio,-0.2104394495000963
bach1_detected_q50__nod_q75,P15,observed_expected_ratio,-0.2058885313384935
bach1_detected_q50__nod_q75,P16,observed_expected_ratio,0.31522002800412074
bach1_detected_q50__nod_q75,P17,observed_expected_ratio,0.23287144540825677
bach1_detected_q50__nod_q75,P19,observed_expected_ratio,0.04482950227283822
bach1_detected_q50__nod_q75,P24,observed_expected_ratio,0.1990016332406761
bach1_detected_q50__nod_q75,P25,observed_expected_ratio,0.9128176513706308
bach1_detected_q50__nod_q75,P10,high_high_jaccard,0.0406769865447396
bach1_detected_q50__nod_q75,P11,high_high_jaccard,0.00940738305168401
bach1_detected_q50__nod_q75,P15,high_high_jaccard,0.022551526950041687
bach1_detected_q50__nod_q75,P16,high_high_jaccard,0.03485823257496676
bach1_detected_q50__nod_q75,P17,high_high_jaccard,0.05302102018136707
bach1_detected_q50__nod_q75,P19,high_high_jaccard,0.043276357456669017
bach1_detected_q50__nod_q75,P24,high_high_jaccard,0.014801922788444444
bach1_detected_q50__nod_q75,P25,high_high_jaccard,0.0322808465059506
bach1_detected_q50__nod_q90,P10,bach1_high_fraction,0.032322716765012305
bach1_detected_q50__nod_q90,P11,bach1_high_fraction,0.013924735878971944
bach1_detected_q50__nod_q90,P15,bach1_high_fraction,0.03067138175295714
bach1_detected_q50__nod_q90,P16,bach1_high_fraction,0.03150049776592384
bach1_detected_q50__nod_q90,P17,bach1_high_fraction,0.05759837895285307
bach1_detected_q50__nod_q90,P19,bach1_high_fraction,0.03954879933694836
bach1_detected_q50__nod_q90,P24,bach1_high_fraction,0.010271816420500315
bach1_detected_q50__nod_q90,P25,bach1_high_fraction,0.012587783146407829
bach1_detected_q50__nod_q90,P10,nod_high_fraction,-0.0002991682296171888
bach1_detected_q50__nod_q90,P11,nod_high_fraction,8.922292773326512e-05
bach1_detected_q50__nod_q90,P15,nod_high_fraction,4.633579143194233e-05
bach1_detected_q50__nod_q90,P16,nod_high_fraction,-6.9525338468851e-05
bach1_detected_q50__nod_q90,P17,nod_high_fraction,-0.00042688586072309187
bach1_detected_q50__nod_q90,P19,nod_high_fraction,0.00011206670032232191
bach1_detected_q50__nod_q90,P24,nod_high_fraction,-3.632792831859133e-06
bach1_detected_q50__nod_q90,P25,nod_high_fraction,-0.00019042368544024135
bach1_detected_q50__nod_q90,P10,cohigh_fraction,0.005460119277595848
bach1_detected_q50__nod_q90,P11,cohigh_fraction,0.001549721900858018
bach1_detected_q50__nod_q90,P15,cohigh_fraction,0.0024190510888397413
bach1_detected_q50__nod_q90,P16,cohigh_fraction,0.004687396612461919
bach1_detected_q50__nod_q90,P17,cohigh_fraction,0.005991932528434987
bach1_detected_q50__nod_q90,P19,cohigh_fraction,0.005260760149437478
bach1_detected_q50__nod_q90,P24,cohigh_fraction,0.0023917827742115424
bach1_detected_q50__nod_q90,P25,cohigh_fraction,0.004733198983810437
bach1_detected_q50__nod_q90,P10,observed_expected_ratio,0.5309537682068939
bach1_detected_q50__nod_q90,P11,observed_expected_ratio,-0.3076702942042904
bach1_detected_q50__nod_q90,P15,observed_expected_ratio,-0.38260927292451563
bach1_detected_q50__nod_q90,P16,observed_expected_ratio,0.6864148773048284
bach1_detected_q50__nod_q90,P17,observed_expected_ratio,-0.006429995780333986
bach1_detected_q50__nod_q90,P19,observed_expected_ratio,0.08623407456173382
bach1_detected_q50__nod_q90,P24,observed_expected_ratio,0.36936075514577205
bach1_detected_q50__nod_q90,P25,observed_expected_ratio,1.2369619215989436
bach1_detected_q50__nod_q90,P10,high_high_jaccard,0.03159242577903269
bach1_detected_q50__nod_q90,P11,high_high_jaccard,0.008872059501548249
bach1_detected_q50__nod_q90,P15,high_high_jaccard,0.008654343535628453
bach1_detected_q50__nod_q90,P16,high_high_jaccard,0.03488326692881966
bach1_detected_q50__nod_q90,P17,high_high_jaccard,0.02955722846732807
bach1_detected_q50__nod_q90,P19,high_high_jaccard,0.0315099957246937
bach1_detected_q50__nod_q90,P24,high_high_jaccard,0.016867166364514508
bach1_detected_q50__nod_q90,P25,high_high_jaccard,0.03674081069529507
bach1_detected_q75__nod_q50,P10,bach1_high_fraction,0.015883186198796508
bach1_detected_q75__nod_q50,P11,bach1_high_fraction,0.007137683095918505
bach1_detected_q75__nod_q50,P15,bach1_high_fraction,0.015239106298587865
bach1_detected_q75__nod_q50,P16,bach1_high_fraction,0.015706114716775642
bach1_detected_q75__nod_q50,P17,bach1_high_fraction,0.028893245157389672
bach1_detected_q75__nod_q50,P19,bach1_high_fraction,0.019656475140172294
bach1_detected_q75__nod_q50,P24,bach1_high_fraction,0.0050278503700385314
bach1_detected_q75__nod_q50,P25,bach1_high_fraction,0.006338132874159946
bach1_detected_q75__nod_q50,P10,nod_high_fraction,-9.202658456386459e-05
bach1_detected_q75__nod_q50,P11,nod_high_fraction,-0.00012163347857852003
bach1_detected_q75__nod_q50,P15,nod_high_fraction,7.984669434679681e-05
bach1_detected_q75__nod_q50,P16,nod_high_fraction,-0.00015465582843199321
bach1_detected_q75__nod_q50,P17,nod_high_fraction,-0.00014406860268012522
bach1_detected_q75__nod_q50,P19,nod_high_fraction,-8.26177451773713e-06
bach1_detected_q75__nod_q50,P24,nod_high_fraction,-0.00010805784021161724
bach1_detected_q75__nod_q50,P25,nod_high_fraction,-0.0002429136449645375
bach1_detected_q75__nod_q50,P10,cohigh_fraction,0.01072893779389608
bach1_detected_q75__nod_q50,P11,cohigh_fraction,0.002667236554918446
bach1_detected_q75__nod_q50,P15,cohigh_fraction,0.0058390163952389326
bach1_detected_q75__nod_q50,P16,cohigh_fraction,0.009079613252375092
bach1_detected_q75__nod_q50,P17,cohigh_fraction,0.017127321490443288
bach1_detected_q75__nod_q50,P19,cohigh_fraction,0.010160244026049528
bach1_detected_q75__nod_q50,P24,cohigh_fraction,0.004589938505559574
bach1_detected_q75__nod_q50,P25,cohigh_fraction,0.0046566233131766326
bach1_detected_q75__nod_q50,P10,observed_expected_ratio,0.3970033995975615
bach1_detected_q75__nod_q50,P11,observed_expected_ratio,-0.14080183984673011
bach1_detected_q75__nod_q50,P15,observed_expected_ratio,-0.18436175650315256
bach1_detected_q75__nod_q50,P16,observed_expected_ratio,0.260567998401098
bach1_detected_q75__nod_q50,P17,observed_expected_ratio,0.543169017045181
bach1_detected_q75__nod_q50,P19,observed_expected_ratio,-0.027537700918584873
bach1_detected_q75__nod_q50,P24,observed_expected_ratio,0.3339115436513229
bach1_detected_q75__nod_q50,P25,observed_expected_ratio,0.2321701630809987
bach1_detected_q75__nod_q50,P10,high_high_jaccard,0.020652029348442607
bach1_detected_q75__nod_q50,P11,high_high_jaccard,0.005137470072219031
bach1_detected_q75__nod_q50,P15,high_high_jaccard,0.010963940371607105
bach1_detected_q75__nod_q50,P16,high_high_jaccard,0.01781844787010266
bach1_detected_q75__nod_q50,P17,high_high_jaccard,0.03282091763623911
bach1_detected_q75__nod_q50,P19,high_high_jaccard,0.019630218900004902
bach1_detected_q75__nod_q50,P24,high_high_jaccard,0.00900538741833585
bach1_detected_q75__nod_q50,P25,high_high_jaccard,0.009153209903396197
bach1_detected_q75__nod_q75,P10,bach1_high_fraction,0.015883186198796508
bach1_detected_q75__nod_q75,P11,bach1_high_fraction,0.007137683095918505
bach1_detected_q75__nod_q75,P15,bach1_high_fraction,0.015239106298587865
bach1_detected_q75__nod_q75,P16,bach1_high_fraction,0.015706114716775642
bach1_detected_q75__nod_q75,P17,bach1_high_fraction,0.028893245157389672
bach1_detected_q75__nod_q75,P19,bach1_high_fraction,0.019656475140172294
bach1_detected_q75__nod_q75,P24,bach1_high_fraction,0.0050278503700385314
bach1_detected_q75__nod_q75,P25,bach1_high_fraction,0.006338132874159946
bach1_detected_q75__nod_q75,P10,nod_high_fraction,-7.090202914633581e-05
bach1_detected_q75__nod_q75,P11,nod_high_fraction,-3.5221182019484765e-05
bach1_detected_q75__nod_q75,P15,nod_high_fraction,3.9923347173398405e-05
bach1_detected_q75__nod_q75,P16,nod_high_fraction,0.00014631591997549265
bach1_detected_q75__nod_q75,P17,nod_high_fraction,-0.000286304778904678
bach1_detected_q75__nod_q75,P19,nod_high_fraction,-1.2392661776550185e-05
bach1_detected_q75__nod_q75,P24,nod_high_fraction,-7.791920641153638e-05
bach1_detected_q75__nod_q75,P25,nod_high_fraction,-0.0001929027033865105
bach1_detected_q75__nod_q75,P10,cohigh_fraction,0.007687916831988827
bach1_detected_q75__nod_q75,P11,cohigh_fraction,0.000730875629380534
bach1_detected_q75__nod_q75,P15,cohigh_fraction,0.003248373424102379
bach1_detected_q75__nod_q75,P16,cohigh_fraction,0.005859246348725535
bach1_detected_q75__nod_q75,P17,cohigh_fraction,0.00810480727608376
bach1_detected_q75__nod_q75,P19,cohigh_fraction,0.005967556075555976
bach1_detected_q75__nod_q75,P24,cohigh_fraction,0.0017013024686782724
bach1_detected_q75__nod_q75,P25,cohigh_fraction,0.004088486189246932
bach1_detected_q75__nod_q75,P10,observed_expected_ratio,0.755274146456199
bach1_detected_q75__nod_q75,P11,observed_expected_ratio,-0.21069715359334973
bach1_detected_q75__nod_q75,P15,observed_expected_ratio,-0.18000921529536718
bach1_detected_q75__nod_q75,P16,observed_expected_ratio,0.5607004361946051
bach1_detected_q75__nod_q75,P17,observed_expected_ratio,0.37147722391886684
bach1_detected_q75__nod_q75,P19,observed_expected_ratio,0.08788973059078287
bach1_detected_q75__nod_q75,P24,observed_expected_ratio,0.18349945929697964
bach1_detected_q75__nod_q75,P25,observed_expected_ratio,0.8685213269756908
bach1_detected_q75__nod_q75,P10,high_high_jaccard,0.02787299327802438
bach1_detected_q75__nod_q75,P11,high_high_jaccard,0.002534976774177137
bach1_detected_q75__nod_q75,P15,high_high_jaccard,0.011154751823889888
bach1_detected_q75__nod_q75,P16,high_high_jaccard,0.02219563068026971
bach1_detected_q75__nod_q75,P17,high_high_jaccard,0.02843306941831946
bach1_detected_q75__nod_q75,P19,high_high_jaccard,0.021710392890650246
bach1_detected_q75__nod_q75,P24,high_high_jaccard,0.006338266015266507
bach1_detected_q75__nod_q75,P25,high_high_jaccard,0.01560341958544278
bach1_detected_q75__nod_q90,P10,bach1_high_fraction,0.015883186198796508
bach1_detected_q75__nod_q90,P11,bach1_high_fraction,0.007137683095918505
bach1_detected_q75__nod_q90,P15,bach1_high_fraction,0.015239106298587865
bach1_detected_q75__nod_q90,P16,bach1_high_fraction,0.015706114716775642
bach1_detected_q75__nod_q90,P17,bach1_high_fraction,0.028893245157389672
bach1_detected_q75__nod_q90,P19,bach1_high_fraction,0.019656475140172294
bach1_detected_q75__nod_q90,P24,bach1_high_fraction,0.0050278503700385314
bach1_detected_q75__nod_q90,P25,bach1_high_fraction,0.006338132874159946
bach1_detected_q75__nod_q90,P10,nod_high_fraction,-0.0002991682296171888
bach1_detected_q75__nod_q90,P11,nod_high_fraction,8.922292773326512e-05
bach1_detected_q75__nod_q90,P15,nod_high_fraction,4.633579143194233e-05
bach1_detected_q75__nod_q90,P16,nod_high_fraction,-6.9525338468851e-05
bach1_detected_q75__nod_q90,P17,nod_high_fraction,-0.00042688586072309187
bach1_detected_q75__nod_q90,P19,nod_high_fraction,0.00011206670032232191
bach1_detected_q75__nod_q90,P24,nod_high_fraction,-3.632792831859133e-06
bach1_detected_q75__nod_q90,P25,nod_high_fraction,-0.00019042368544024135
bach1_detected_q75__nod_q90,P10,cohigh_fraction,0.0036049167827314804
bach1_detected_q75__nod_q90,P11,cohigh_fraction,0.0007085443779685821
bach1_detected_q75__nod_q90,P15,cohigh_fraction,0.0012886846032449635
bach1_detected_q75__nod_q90,P16,cohigh_fraction,0.0026058597167250707
bach1_detected_q75__nod_q90,P17,cohigh_fraction,0.0028259193799370554
bach1_detected_q75__nod_q90,P19,cohigh_fraction,0.002626622116545697
bach1_detected_q75__nod_q90,P24,cohigh_fraction,0.0009712639100378829
bach1_detected_q75__nod_q90,P25,cohigh_fraction,0.002055782375867542
bach1_detected_q75__nod_q90,P10,observed_expected_ratio,0.9743183623818581
bach1_detected_q75__nod_q90,P11,observed_expected_ratio,0.08346500335882123
bach1_detected_q75__nod_q90,P15,observed_expected_ratio,-0.3945601673513073
bach1_detected_q75__nod_q90,P16,observed_expected_ratio,0.5929977631673973
bach1_detected_q75__nod_q90,P17,observed_expected_ratio,0.09709992162682657
bach1_detected_q75__nod_q90,P19,observed_expected_ratio,0.3742848135907936
bach1_detected_q75__nod_q90,P24,observed_expected_ratio,0.3425926506896737
bach1_detected_q75__nod_q90,P25,observed_expected_ratio,1.1365320542412034
bach1_detected_q75__nod_q90,P10,high_high_jaccard,0.027457035276325103
bach1_detected_q75__nod_q90,P11,high_high_jaccard,0.005602123368496527
bach1_detected_q75__nod_q90,P15,high_high_jaccard,0.007611292905639208
bach1_detected_q75__nod_q90,P16,high_high_jaccard,0.022263071773275855
bach1_detected_q75__nod_q90,P17,high_high_jaccard,0.01926818198580614
bach1_detected_q75__nod_q90,P19,high_high_jaccard,0.020477843118352133
bach1_detected_q75__nod_q90,P24,high_high_jaccard,0.008059940206268103
bach1_detected_q75__nod_q90,P25,high_high_jaccard,0.017905609362288213
