setting,bach1_detected_quantile,nod_score_quantile,sample,patient_id,tissue_group,n_spots,bach1_detected_fraction,bach1_high_fraction,nod_high_fraction,cohigh_fraction,expected_cohigh_fraction,observed_expected_ratio,high_high_jaccard
bach1_detected_q25__nod_q50,0.25,0.5,D1_1,D1,healthy,278,0.050359712230215826,0.03597122302158273,0.5,0.01079136690647482,0.017985611510791366,0.6000000000000001,0.02054794520547945
bach1_detected_q25__nod_q50,0.25,0.5,D1_2,D1,healthy,333,0.03003003003003003,0.021021021021021023,0.5015015015015015,0.003003003003003003,0.010542073605136669,0.2848588537211291,0.005780346820809248
bach1_detected_q25__nod_q50,0.25,0.5,D2_1,D2,healthy,1852,0.08207343412526998,0.061555075593952485,0.5,0.032937365010799136,0.030777537796976243,1.0701754385964912,0.06230847803881512
bach1_detected_q25__nod_q50,0.25,0.5,D2_2,D2,healthy,2432,0.07771381578947369,0.05838815789473684,0.5,0.03289473684210526,0.02919407894736842,1.1267605633802815,0.06259780907668232
bach1_detected_q25__nod_q50,0.25,0.5,P10_B1,P10,adjacent,1755,0.07578347578347579,0.05754985754985755,0.5002849002849002,0.03133903133903134,0.0287913247457407,1.0884886894156387,0.05952380952380952
bach1_detected_q25__nod_q50,0.25,0.5,P10_B2,P10,adjacent,1842,0.051031487513572206,0.038002171552660155,0.5,0.02062975027144408,0.019001085776330078,1.0857142857142856,0.03987408184679958
bach1_detected_q25__nod_q50,0.25,0.5,P10_T1,P10,tumor,2200,0.14909090909090908,0.11181818181818182,0.5,0.07090909090909091,0.05590909090909091,1.2682926829268293,0.13109243697478992
bach1_detected_q25__nod_q50,0.25,0.5,P10_T2,P10,tumor,1986,0.15256797583081572,0.11430010070493454,0.5,0.06294058408862034,0.05715005035246727,1.1013215859030836,0.1141552511415525
bach1_detected_q25__nod_q50,0.25,0.5,P10_T3,P10,tumor,2610,0.12528735632183907,0.09386973180076628,0.5,0.05134099616858238,0.04693486590038314,1.0938775510204082,0.09463276836158192
bach1_detected_q25__nod_q50,0.25,0.5,P10_T4,P10,tumor,2479,0.08511496571198064,0.063735377168213,0.5002016942315449,0.035498184751916094,0.031880543642026665,1.113474887709269,0.06717557251908397
bach1_detected_q25__nod_q50,0.25,0.5,P11_B1,P11,adjacent,2873,0.047337278106508875,0.03550295857988166,0.5001740341106857,0.02262443438914027,0.01775765801576399,1.2740663419160287,0.044097693351424695
bach1_detected_q25__nod_q50,0.25,0.5,P11_B2,P11,adjacent,2846,0.03056921995783556,0.022839072382290933,0.500351370344343,0.01651440618411806,0.011427561163872906,1.4451382886776145,0.03259361997226075
bach1_detected_q25__nod_q50,0.25,0.5,P11_T1,P11,tumor,1110,0.07927927927927927,0.05945945945945946,0.5,0.03513513513513514,0.02972972972972973,1.1818181818181819,0.06701030927835051
bach1_detected_q25__nod_q50,0.25,0.5,P11_T2,P11,tumor,1176,0.08928571428571429,0.06717687074829932,0.5,0.0467687074829932,0.03358843537414966,1.3924050632911393,0.08986928104575163
bach1_detected_q25__nod_q50,0.25,0.5,P11_T3,P11,tumor,1735,0.057060518731988474,0.04265129682997118,0.5002881844380404,0.029971181556195964,0.02133793985499423,1.404595840079711,0.058426966292134834
bach1_detected_q25__nod_q50,0.25,0.5,P11_T4,P11,tumor,1811,0.04030922142462728,0.030369961347321922,0.500276090557703,0.0176697956929873,0.01519336553322676,1.1629941802127233,0.03444564047362755
bach1_detected_q25__nod_q50,0.25,0.5,P15_B1,P15,adjacent,2844,0.06258790436005626,0.04676511954992968,0.5,0.028832630098452883,0.02338255977496484,1.2330827067669172,0.055668703326544465
bach1_detected_q25__nod_q50,0.25,0.5,P15_B2,P15,adjacent,2824,0.06409348441926345,0.04815864022662889,0.5,0.02903682719546742,0.024079320113314446,1.2058823529411766,0.05593451568894952
bach1_detected_q25__nod_q50,0.25,0.5,P15_T1,P15,tumor,2624,0.14138719512195122,0.10594512195121951,0.5,0.052210365853658534,0.052972560975609755,0.9856115107913669,0.09428768066070199
bach1_detected_q25__nod_q50,0.25,0.5,P15_T2,P15,tumor,3131,0.10763334397955925,0.08080485467901628,0.5001596933886937,0.046311082721175345,0.040415331340574734,1.1458790806616896,0.08661887694145759
bach1_detected_q25__nod_q50,0.25,0.5,P16_B1,P16,adjacent,3123,0.01601024655779699,0.011847582452769772,0.500160102465578,0.005443483829650976,0.005925688053546712,0.9186247707374469,0.010745891276864728
bach1_detected_q25__nod_q50,0.25,0.5,P16_B2,P16,adjacent,3351,0.008952551477170993,0.006565204416592062,0.5001492091912861,0.0026857654431512983,0.0032835817971376587,0.8179377305272295,0.0053285968028419185
bach1_detected_q25__nod_q50,0.25,0.5,P16_T1,P16,tumor,2262,0.08355437665782493,0.0627763041556145,0.5,0.03050397877984085,0.03138815207780725,0.971830985915493,0.057308970099667775
bach1_detected_q25__nod_q50,0.25,0.5,P16_T2,P16,tumor,2210,0.0665158371040724,0.049773755656108594,0.5,0.02895927601809955,0.024886877828054297,1.1636363636363638,0.05560382276281494
bach1_detected_q25__nod_q50,0.25,0.5,P17_B1,P17,adjacent,1522,0.0519053876478318,0.03876478318002628,0.5,0.01971090670170828,0.01938239159001314,1.0169491525423728,0.0379746835443038
bach1_detected_q25__nod_q50,0.25,0.5,P17_B2,P17,adjacent,1093,0.03293687099725526,0.024702653247941447,0.5004574565416285,0.009149130832570906,0.012362627014294575,0.7400636468278151,0.01773049645390071
bach1_detected_q25__nod_q50,0.25,0.5,P17_T1,P17,tumor,2658,0.17193378480060195,0.1290443942814146,0.5,0.07185854025583145,0.0645221971407073,1.1137026239067056,0.1289669142471303
bach1_detected_q25__nod_q50,0.25,0.5,P17_T2,P17,tumor,2953,0.14324415848289876,0.10734845919403996,0.5001693193362682,0.06197087707416187,0.05369240576688013,1.1541832813978374,0.11359404096834265
bach1_detected_q25__nod_q50,0.25,0.5,P19_B1,P19,adjacent,2197,0.023668639053254437,0.01775147928994083,0.5002275830678198,0.010013654984069186,0.008879779581085559,1.127691841067637,0.01971326164874552
bach1_detected_q25__nod_q50,0.25,0.5,P19_B2,P19,adjacent,2120,0.038679245283018866,0.028773584905660378,0.5,0.016037735849056604,0.014386792452830189,1.1147540983606556,0.031278748850046
bach1_detected_q25__nod_q50,0.25,0.5,P19_T1,P19,tumor,2512,0.12261146496815287,0.09195859872611464,0.5,0.057722929936305734,0.04597929936305732,1.2554112554112555,0.10804769001490314
bach1_detected_q25__nod_q50,0.25,0.5,P19_T2,P19,tumor,2369,0.0975094976783453,0.07302659349936683,0.5002110595187843,0.03967918953144787,0.036528709707365846,1.0862466769103192,0.07436708860759493
bach1_detected_q25__nod_q50,0.25,0.5,P24_B1,P24,adjacent,2581,0.056179775280898875,0.042231693142192946,0.5001937233630376,0.01898488957768307,0.02112402783671875,0.8987343571230609,0.03626943005181347
bach1_detected_q25__nod_q50,0.25,0.5,P24_B2,P24,adjacent,3019,0.04272938058959921,0.03212984431931103,0.5001656177542233,0.017224246439218285,0.016070243432315223,1.0718099269474979,0.033440514469453377
bach1_detected_q25__nod_q50,0.25,0.5,P24_T1,P24,tumor,3426,0.08026853473438413,0.060128429655575015,0.5,0.03152364273204904,0.030064214827787508,1.0485436893203883,0.05963556046383214
bach1_detected_q25__nod_q50,0.25,0.5,P24_T2,P24,tumor,3491,0.06015468347178459,0.04497278716700086,0.5001432254368375,0.025207676883414496,0.022492834830588223,1.1206980833351576,0.048484848484848485
bach1_detected_q25__nod_q50,0.25,0.5,P25_B1,P25,adjacent,1965,0.03358778625954199,0.024936386768447838,0.5002544529262086,0.01272264631043257,0.012474538520806221,1.0198891357153237,0.024826216484607744
bach1_detected_q25__nod_q50,0.25,0.5,P25_B2,P25,adjacent,2161,0.04766311892642295,0.03563165201295696,0.5002313743637204,0.015733456732993985,0.017824070257291286,0.8827084109230272,0.030249110320284697
bach1_detected_q25__nod_q50,0.25,0.5,P25_T1,P25,tumor,1308,0.06957186544342507,0.05198776758409786,0.5,0.03058103975535168,0.02599388379204893,1.1764705882352942,0.05865102639296188
bach1_detected_q25__nod_q50,0.25,0.5,P25_T2,P25,tumor,1458,0.061042524005486966,0.045953360768175584,0.5,0.030864197530864196,0.022976680384087792,1.3432835820895521,0.05992010652463382
bach1_detected_q25__nod_q75,0.25,0.75,D1_1,D1,healthy,278,0.050359712230215826,0.03597122302158273,0.2517985611510791,0.007194244604316547,0.009057502199679105,0.7942857142857144,0.02564102564102564
bach1_detected_q25__nod_q75,0.25,0.75,D1_2,D1,healthy,333,0.03003003003003003,0.021021021021021023,0.25225225225225223,0.003003003003003003,0.005302599897194491,0.5663265306122449,0.011111111111111112
bach1_detected_q25__nod_q75,0.25,0.75,D2_1,D2,healthy,1852,0.08207343412526998,0.061555075593952485,0.25,0.02159827213822894,0.015388768898488121,1.4035087719298245,0.074487895716946
bach1_detected_q25__nod_q75,0.25,0.75,D2_2,D2,healthy,2432,0.07771381578947369,0.05838815789473684,0.25,0.016036184210526317,0.01459703947368421,1.0985915492957747,0.05485232067510549
bach1_detected_q25__nod_q75,0.25,0.75,P10_B1,P10,adjacent,1755,0.07578347578347579,0.05754985754985755,0.2501424501424501,0.017663817663817662,0.01439566237287035,1.2270236135230834,0.060903732809430254
bach1_detected_q25__nod_q75,0.25,0.75,P10_B2,P10,adjacent,1842,0.051031487513572206,0.038002171552660155,0.250271444082519,0.01031487513572204,0.00951085835275588,1.084536721413077,0.037109375
bach1_detected_q25__nod_q75,0.25,0.75,P10_T1,P10,tumor,2200,0.14909090909090908,0.11181818181818182,0.25,0.03681818181818182,0.027954545454545454,1.3170731707317074,0.11328671328671329
bach1_detected_q25__nod_q75,0.25,0.75,P10_T2,P10,tumor,1986,0.15256797583081572,0.11430010070493454,0.2502517623363545,0.035246727089627394,0.028603801636632665,1.2322392504808588,0.10703363914373089
bach1_detected_q25__nod_q75,0.25,0.75,P10_T3,P10,tumor,2610,0.12528735632183907,0.09386973180076628,0.25019157088122607,0.026053639846743294,0.0234854156574331,1.1093540019376815,0.0819277108433735
bach1_detected_q25__nod_q75,0.25,0.75,P10_T4,P10,tumor,2479,0.08511496571198064,0.063735377168213,0.25010084711577246,0.016135538523598225,0.015940271821013333,1.0122498979175174,0.05420054200542006
bach1_detected_q25__nod_q75,0.25,0.75,P11_B1,P11,adjacent,2873,0.047337278106508875,0.03550295857988166,0.25026105116602854,0.012530455969369997,0.008885007733705156,1.4102920723226704,0.045859872611464965
bach1_detected_q25__nod_q75,0.25,0.75,P11_B2,P11,adjacent,2846,0.03056921995783556,0.022839072382290933,0.2501756851721715,0.01089248067463106,0.005713780581936453,1.906352636127917,0.04155495978552279
bach1_detected_q25__nod_q75,0.25,0.75,P11_T1,P11,tumor,1110,0.07927927927927927,0.05945945945945946,0.25045045045045045,0.018018018018018018,0.01489164840516192,1.2099411379986917,0.06172839506172839
bach1_detected_q25__nod_q75,0.25,0.75,P11_T2,P11,tumor,1176,0.08928571428571429,0.06717687074829932,0.25,0.021258503401360544,0.01679421768707483,1.2658227848101264,0.07183908045977011
bach1_detected_q25__nod_q75,0.25,0.75,P11_T3,P11,tumor,1735,0.057060518731988474,0.04265129682997118,0.2501440922190202,0.016138328530259365,0.010668969927497114,1.5126416739319963,0.058333333333333334
bach1_detected_q25__nod_q75,0.25,0.75,P11_T4,P11,tumor,1811,0.04030922142462728,0.030369961347321922,0.2501380452788515,0.008282716731087797,0.00759668276661338,1.090307043949428,0.030425963488843813
bach1_detected_q25__nod_q75,0.25,0.75,P15_B1,P15,adjacent,2844,0.06258790436005626,0.04676511954992968,0.25,0.017580872011251757,0.01169127988748242,1.5037593984962405,0.06297229219143577
bach1_detected_q25__nod_q75,0.25,0.75,P15_B2,P15,adjacent,2824,0.06409348441926345,0.04815864022662889,0.25,0.018059490084985835,0.012039660056657223,1.5,0.06447534766118837
bach1_detected_q25__nod_q75,0.25,0.75,P15_T1,P15,tumor,2624,0.14138719512195122,0.10594512195121951,0.25,0.027439024390243903,0.026486280487804877,1.0359712230215827,0.08352668213457076
bach1_detected_q25__nod_q75,0.25,0.75,P15_T2,P15,tumor,3131,0.10763334397955925,0.08080485467901628,0.25007984669434685,0.02810603641009262,0.020207665670287367,1.3908601254928092,0.09282700421940929
bach1_detected_q25__nod_q75,0.25,0.75,P16_B1,P16,adjacent,3123,0.01601024655779699,0.011847582452769772,0.250080051232789,0.002561639449247518,0.002962844026773356,0.864588019517597,0.009876543209876543
bach1_detected_q25__nod_q75,0.25,0.75,P16_B2,P16,adjacent,3351,0.008952551477170993,0.006565204416592062,0.25007460459564307,0.0014920919128618322,0.0016417908985688293,0.9088197005858105,0.005847953216374269
bach1_detected_q25__nod_q75,0.25,0.75,P16_T1,P16,tumor,2262,0.08355437665782493,0.0627763041556145,0.2502210433244916,0.014588859416445624,0.015707952321873477,0.9287562832827354,0.04888888888888889
bach1_detected_q25__nod_q75,0.25,0.75,P16_T2,P16,tumor,2210,0.0665158371040724,0.049773755656108594,0.2502262443438914,0.015384615384615385,0.012454699944718576,1.2352457668913366,0.05405405405405406
bach1_detected_q25__nod_q75,0.25,0.75,P17_B1,P17,adjacent,1522,0.0519053876478318,0.03876478318002628,0.2503285151116951,0.011169513797634692,0.009703930612082794,1.151029850082299,0.04018912529550828
bach1_detected_q25__nod_q75,0.25,0.75,P17_B2,P17,adjacent,1093,0.03293687099725526,0.024702653247941447,0.2506861848124428,0.004574565416285453,0.00619261389747114,0.738713165720465,0.016891891891891893
bach1_detected_q25__nod_q75,0.25,0.75,P17_T1,P17,tumor,2658,0.17193378480060195,0.1290443942814146,0.25018811136192626,0.03686982693754703,0.032285373287110876,1.1419978517722877,0.1076923076923077
bach1_detected_q25__nod_q75,0.25,0.75,P17_T2,P17,tumor,2953,0.14324415848289876,0.10734845919403996,0.2502539790044023,0.03149339654588554,0.026864379053300216,1.1723106081626204,0.09657320872274143
bach1_detected_q25__nod_q75,0.25,0.75,P19_B1,P19,adjacent,2197,0.023668639053254437,0.01775147928994083,0.2503413746017296,0.007737824305871643,0.004443929726657922,1.7412121212121212,0.02972027972027972
bach1_detected_q25__nod_q75,0.25,0.75,P19_B2,P19,adjacent,2120,0.038679245283018866,0.028773584905660378,0.25,0.007075471698113208,0.0071933962264150945,0.9836065573770492,0.026041666666666668
bach1_detected_q25__nod_q75,0.25,0.75,P19_T1,P19,tumor,2512,0.12261146496815287,0.09195859872611464,0.25,0.03105095541401274,0.02298964968152866,1.3506493506493507,0.0998719590268886
bach1_detected_q25__nod_q75,0.25,0.75,P19_T2,P19,tumor,2369,0.0975094976783453,0.07302659349936683,0.25031658927817646,0.023638666103841282,0.018279767811365356,1.2931600853892715,0.07887323943661972
bach1_detected_q25__nod_q75,0.25,0.75,P24_B1,P24,adjacent,2581,0.056179775280898875,0.042231693142192946,0.25029058504455637,0.01084850833010461,0.010570195183981652,1.0263299911949328,0.03851444291609354
bach1_detected_q25__nod_q75,0.25,0.75,P24_B2,P24,adjacent,3019,0.04272938058959921,0.03212984431931103,0.25008280887711165,0.009605829744948658,0.008035121716157612,1.1954803031337473,0.03523693803159174
bach1_detected_q25__nod_q75,0.25,0.75,P24_T1,P24,tumor,3426,0.08026853473438413,0.060128429655575015,0.2501459427904262,0.016053706946876824,0.015040882724701632,1.0673380838553999,0.054563492063492064
bach1_detected_q25__nod_q75,0.25,0.75,P24_T2,P24,tumor,3491,0.06015468347178459,0.04497278716700086,0.25007161271841877,0.01403609281008307,0.011246417415294111,1.2480501382596072,0.04994903160040775
bach1_detected_q25__nod_q75,0.25,0.75,P25_B1,P25,adjacent,1965,0.03358778625954199,0.024936386768447838,0.250381679389313,0.004071246819338422,0.006243614396985413,0.6520657043305127,0.0150093808630394
bach1_detected_q25__nod_q75,0.25,0.75,P25_B2,P25,adjacent,2161,0.04766311892642295,0.03563165201295696,0.25034706154558073,0.008329477093937991,0.008920279379458452,0.933768634323163,0.03
bach1_detected_q25__nod_q75,0.25,0.75,P25_T1,P25,tumor,1308,0.06957186544342507,0.05198776758409786,0.25,0.017584097859327217,0.012996941896024464,1.3529411764705883,0.06182795698924731
bach1_detected_q25__nod_q75,0.25,0.75,P25_T2,P25,tumor,1458,0.061042524005486966,0.045953360768175584,0.2503429355281207,0.019890260631001373,0.011504099232087851,1.728971580453895,0.07196029776674938
bach1_detected_q25__nod_q90,0.25,0.9,D1_1,D1,healthy,278,0.050359712230215826,0.03597122302158273,0.10071942446043165,0.007194244604316547,0.003623000879871642,1.985714285714286,0.05555555555555555
bach1_detected_q25__nod_q90,0.25,0.9,D1_2,D1,healthy,333,0.03003003003003003,0.021021021021021023,0.1021021021021021,0.0,0.002146290434578723,0.0,0.0
bach1_detected_q25__nod_q90,0.25,0.9,D2_1,D2,healthy,1852,0.08207343412526998,0.061555075593952485,0.10043196544276457,0.0091792656587473,0.006182097224878597,1.4848141860026411,0.06007067137809187
bach1_detected_q25__nod_q90,0.25,0.9,D2_2,D2,healthy,2432,0.07771381578947369,0.05838815789473684,0.10032894736842106,0.007401315789473684,0.005858022420360111,1.2634495497575615,0.04891304347826087
bach1_detected_q25__nod_q90,0.25,0.9,P10_B1,P10,adjacent,1755,0.07578347578347579,0.05754985754985755,0.10028490028490028,0.009116809116809116,0.00577138172579768,1.5796579657965797,0.06130268199233716
bach1_detected_q25__nod_q90,0.25,0.9,P10_B2,P10,adjacent,1842,0.051031487513572206,0.038002171552660155,0.1004343105320304,0.003800217155266015,0.003816721898611362,0.9956756756756756,0.028225806451612902
bach1_detected_q25__nod_q90,0.25,0.9,P10_T1,P10,tumor,2200,0.14909090909090908,0.11181818181818182,0.1,0.013636363636363636,0.011181818181818182,1.2195121951219512,0.06880733944954129
bach1_detected_q25__nod_q90,0.25,0.9,P10_T2,P10,tumor,1986,0.15256797583081572,0.11430010070493454,0.10020140986908359,0.013595166163141994,0.011453031238812677,1.187036504106435,0.06766917293233082
bach1_detected_q25__nod_q90,0.25,0.9,P10_T3,P10,tumor,2610,0.12528735632183907,0.09386973180076628,0.1,0.00996168582375479,0.009386973180076629,1.0612244897959184,0.05416666666666667
bach1_detected_q25__nod_q90,0.25,0.9,P10_T4,P10,tumor,2479,0.08511496571198064,0.063735377168213,0.100040338846309,0.0060508269463493344,0.0063761087284053344,0.9489842792976724,0.03836317135549872
bach1_detected_q25__nod_q90,0.25,0.9,P11_B1,P11,adjacent,2873,0.047337278106508875,0.03550295857988166,0.10024364775495997,0.004872955099199443,0.0035589460741405907,1.369212962962963,0.03723404255319149
bach1_detected_q25__nod_q90,0.25,0.9,P11_B2,P11,adjacent,2846,0.03056921995783556,0.022839072382290933,0.10014054813773718,0.005621925509486999,0.002287117227320069,2.45808367071525,0.04790419161676647
bach1_detected_q25__nod_q90,0.25,0.9,P11_T1,P11,tumor,1110,0.07927927927927927,0.05945945945945946,0.1,0.00990990990990991,0.005945945945945947,1.6666666666666663,0.06626506024096386
bach1_detected_q25__nod_q90,0.25,0.9,P11_T2,P11,tumor,1176,0.08928571428571429,0.06717687074829932,0.10034013605442177,0.011054421768707483,0.00674053635059466,1.6399914181506114,0.07065217391304347
bach1_detected_q25__nod_q90,0.25,0.9,P11_T3,P11,tumor,1735,0.057060518731988474,0.04265129682997118,0.10028818443804034,0.0069164265129683,0.004277421123005755,1.6169617893755825,0.05084745762711865
bach1_detected_q25__nod_q90,0.25,0.9,P11_T4,P11,tumor,1811,0.04030922142462728,0.030369961347321922,0.10049696300386526,0.0022087244616234127,0.0030520888819506294,0.7236763236763237,0.017167381974248927
bach1_detected_q25__nod_q90,0.25,0.9,P15_B1,P15,adjacent,2844,0.06258790436005626,0.04676511954992968,0.10021097046413502,0.006680731364275668,0.004686378013969746,1.4255639097744361,0.047619047619047616
bach1_detected_q25__nod_q90,0.25,0.9,P15_B2,P15,adjacent,2824,0.06409348441926345,0.04815864022662889,0.10021246458923513,0.006728045325779037,0.004826096028376762,1.394096861359385,0.0475
bach1_detected_q25__nod_q90,0.25,0.9,P15_T1,P15,tumor,2624,0.14138719512195122,0.10594512195121951,0.10022865853658537,0.009146341463414634,0.010618737451665675,0.8613398254780206,0.04642166344294004
bach1_detected_q25__nod_q90,0.25,0.9,P15_T2,P15,tumor,3131,0.10763334397955925,0.08080485467901628,0.10028744809964868,0.013094857872884063,0.0081037126698215,1.6159084615190957,0.0779467680608365
bach1_detected_q25__nod_q90,0.25,0.9,P16_B1,P16,adjacent,3123,0.01601024655779699,0.011847582452769772,0.10022414345180916,0.0006404098623118795,0.0011874138033035346,0.5393316639323029,0.005747126436781609
bach1_detected_q25__nod_q90,0.25,0.9,P16_B2,P16,adjacent,3351,0.008952551477170993,0.006565204416592062,0.10026857654431513,0.0008952551477170994,0.000658283701574137,1.3599837662337662,0.008450704225352112
bach1_detected_q25__nod_q90,0.25,0.9,P16_T1,P16,tumor,2262,0.08355437665782493,0.0627763041556145,0.10035366931918656,0.005305039787798408,0.006299832468313215,0.8420922007817832,0.03361344537815126
bach1_detected_q25__nod_q90,0.25,0.9,P16_T2,P16,tumor,2210,0.0665158371040724,0.049773755656108594,0.1,0.00904977375565611,0.004977375565610859,1.8181818181818186,0.06430868167202572
bach1_detected_q25__nod_q90,0.25,0.9,P17_B1,P17,adjacent,1522,0.0519053876478318,0.03876478318002628,0.10052562417871222,0.0045992115637319315,0.003896854025324587,1.1802370665780435,0.03414634146341464
bach1_detected_q25__nod_q90,0.25,0.9,P17_B2,P17,adjacent,1093,0.03293687099725526,0.024702653247941447,0.10064043915827996,0.0018298261665141812,0.002486085871247538,0.736026936026936,0.014814814814814815
bach1_detected_q25__nod_q90,0.25,0.9,P17_T1,P17,tumor,2658,0.17193378480060195,0.1290443942814146,0.1000752445447705,0.013544018058690745,0.01291414931484435,1.048773537341897,0.06282722513089005
bach1_detected_q25__nod_q90,0.25,0.9,P17_T2,P17,tumor,2953,0.14324415848289876,0.10734845919403996,0.10023704707077548,0.013545546901456146,0.010760292557208204,1.2588455963850285,0.06980802792321117
bach1_detected_q25__nod_q90,0.25,0.9,P19_B1,P19,adjacent,2197,0.023668639053254437,0.01775147928994083,0.10013654984069185,0.0027309968138370506,0.001777571890663169,1.5363636363636364,0.023715415019762844
bach1_detected_q25__nod_q90,0.25,0.9,P19_B2,P19,adjacent,2120,0.038679245283018866,0.028773584905660378,0.1,0.0037735849056603774,0.002877358490566038,1.3114754098360655,0.03018867924528302
bach1_detected_q25__nod_q90,0.25,0.9,P19_T1,P19,tumor,2512,0.12261146496815287,0.09195859872611464,0.10031847133757962,0.012738853503184714,0.009225146050549717,1.3808836665979525,0.07095343680709534
bach1_detected_q25__nod_q90,0.25,0.9,P19_T2,P19,tumor,2369,0.0975094976783453,0.07302659349936683,0.10004221190375685,0.009286618826509076,0.007305741941473169,1.27113972829931,0.05670103092783505
bach1_detected_q25__nod_q90,0.25,0.9,P24_B1,P24,adjacent,2581,0.056179775280898875,0.042231693142192946,0.10034870205346764,0.0038744672607516468,0.004237895592339393,0.9142432078211895,0.027932960893854747
bach1_detected_q25__nod_q90,0.25,0.9,P24_B2,P24,adjacent,3019,0.04272938058959921,0.03212984431931103,0.10003312355084465,0.004968532626697582,0.003214048686463044,1.545879702328122,0.0390625
bach1_detected_q25__nod_q90,0.25,0.9,P24_T1,P24,tumor,3426,0.08026853473438413,0.060128429655575015,0.10011675423234093,0.0070052539404553416,0.006019863214203803,1.1636898864955136,0.045714285714285714
bach1_detected_q25__nod_q90,0.25,0.9,P24_T2,P24,tumor,3491,0.06015468347178459,0.04497278716700086,0.10025780578630765,0.004583213978802635,0.004508872961458121,1.0164877161055506,0.032586558044806514
bach1_detected_q25__nod_q90,0.25,0.9,P25_B1,P25,adjacent,1965,0.03358778625954199,0.024936386768447838,0.10025445292620865,0.0015267175572519084,0.002499983813427086,0.6106909768983736,0.012345679012345678
bach1_detected_q25__nod_q90,0.25,0.9,P25_B2,P25,adjacent,2161,0.04766311892642295,0.03563165201295696,0.1004164738546969,0.004627487274409995,0.003578004852758751,1.2933149799509247,0.035211267605633804
bach1_detected_q25__nod_q90,0.25,0.9,P25_T1,P25,tumor,1308,0.06957186544342507,0.05198776758409786,0.10015290519877676,0.009938837920489297,0.005206725958346192,1.9088459811405478,0.06989247311827956
bach1_detected_q25__nod_q90,0.25,0.9,P25_T2,P25,tumor,1458,0.061042524005486966,0.045953360768175584,0.10013717421124829,0.0102880658436214,0.004601639692835141,2.2357391126558985,0.07575757575757576
bach1_detected_q50__nod_q50,0.5,0.5,D1_1,D1,healthy,278,0.050359712230215826,0.025179856115107913,0.5,0.0035971223021582736,0.012589928057553957,0.28571428571428575,0.006896551724137931
bach1_detected_q50__nod_q50,0.5,0.5,D1_2,D1,healthy,333,0.03003003003003003,0.015015015015015015,0.5015015015015015,0.003003003003003003,0.00753005257509762,0.39880239520958083,0.005847953216374269
bach1_detected_q50__nod_q50,0.5,0.5,D2_1,D2,healthy,1852,0.08207343412526998,0.04103671706263499,0.5,0.019438444924406047,0.020518358531317494,0.9473684210526316,0.037267080745341616
bach1_detected_q50__nod_q50,0.5,0.5,D2_2,D2,healthy,2432,0.07771381578947369,0.0390625,0.5,0.020970394736842105,0.01953125,1.0736842105263158,0.04047619047619048
bach1_detected_q50__nod_q50,0.5,0.5,P10_B1,P10,adjacent,1755,0.07578347578347579,0.038176638176638175,0.5002849002849002,0.018233618233618232,0.019099195623412144,0.9546799034440555,0.03504928806133625
bach1_detected_q50__nod_q50,0.5,0.5,P10_B2,P10,adjacent,1842,0.051031487513572206,0.025515743756786103,0.5,0.009771986970684038,0.012757871878393051,0.7659574468085105,0.018947368421052633
bach1_detected_q50__nod_q50,0.5,0.5,P10_T1,P10,tumor,2200,0.14909090909090908,0.07454545454545454,0.5,0.045909090909090906,0.03727272727272727,1.2317073170731707,0.08684436801375753
bach1_detected_q50__nod_q50,0.5,0.5,P10_T2,P10,tumor,1986,0.15256797583081572,0.07653575025176233,0.5,0.04078549848942598,0.038267875125881166,1.0657894736842106,0.07612781954887218
bach1_detected_q50__nod_q50,0.5,0.5,P10_T3,P10,tumor,2610,0.12528735632183907,0.06283524904214559,0.5,0.03103448275862069,0.031417624521072794,0.9878048780487806,0.058357348703170026
bach1_detected_q50__nod_q50,0.5,0.5,P10_T4,P10,tumor,2479,0.08511496571198064,0.042759177087535294,0.5002016942315449,0.020976200080677694,0.02138821282313181,0.9807364576993308,0.0401854714064915
bach1_detected_q50__nod_q50,0.5,0.5,P11_B1,P11,adjacent,2873,0.047337278106508875,0.023668639053254437,0.5001740341106857,0.013226592412112773,0.011838438677175994,1.1172581767571328,0.025903203817314247
bach1_detected_q50__nod_q50,0.5,0.5,P11_B2,P11,adjacent,2846,0.03056921995783556,0.015460295151089248,0.500351370344343,0.009838369641602248,0.007735579864775506,1.2718335035750765,0.019444444444444445
bach1_detected_q50__nod_q50,0.5,0.5,P11_T1,P11,tumor,1110,0.07927927927927927,0.03963963963963964,0.5,0.01981981981981982,0.01981981981981982,1.0,0.038128249566724434
bach1_detected_q50__nod_q50,0.5,0.5,P11_T2,P11,tumor,1176,0.08928571428571429,0.045068027210884355,0.5,0.02891156462585034,0.022534013605442178,1.2830188679245282,0.05601317957166392
bach1_detected_q50__nod_q50,0.5,0.5,P11_T3,P11,tumor,1735,0.057060518731988474,0.02881844380403458,0.5002881844380404,0.019020172910662825,0.014417526929050154,1.3192396313364054,0.03728813559322034
bach1_detected_q50__nod_q50,0.5,0.5,P11_T4,P11,tumor,1811,0.04030922142462728,0.020430701270016567,0.500276090557703,0.010491441192711209,0.010220991358716184,1.0264602350695065,0.020562770562770564
bach1_detected_q50__nod_q50,0.5,0.5,P15_B1,P15,adjacent,2844,0.06258790436005626,0.03129395218002813,0.5,0.01969057665260197,0.015646976090014066,1.2584269662921348,0.03848797250859107
bach1_detected_q50__nod_q50,0.5,0.5,P15_B2,P15,adjacent,2824,0.06409348441926345,0.032223796033994334,0.5,0.018413597733711047,0.016111898016997167,1.1428571428571428,0.03583735354927636
bach1_detected_q50__nod_q50,0.5,0.5,P15_T1,P15,tumor,2624,0.14138719512195122,0.07088414634146341,0.5,0.03391768292682927,0.035442073170731704,0.9569892473118281,0.0631653655074521
bach1_detected_q50__nod_q50,0.5,0.5,P15_T2,P15,tumor,3131,0.10763334397955925,0.053976365378473334,0.5001596933886937,0.03129990418396678,0.026996802357933326,1.1593930188094643,0.05986560781918143
bach1_detected_q50__nod_q50,0.5,0.5,P16_B1,P16,adjacent,3123,0.01601024655779699,0.008005123278898496,0.500160102465578,0.004162664105027218,0.004003843279423455,1.0396670934699104,0.008259212198221092
bach1_detected_q50__nod_q50,0.5,0.5,P16_B2,P16,adjacent,3351,0.008952551477170993,0.004476275738585497,0.5001492091912861,0.001193673530289466,0.0022388057707756763,0.5331742243436756,0.0023710729104919974
bach1_detected_q50__nod_q50,0.5,0.5,P16_T1,P16,tumor,2262,0.08355437665782493,0.041998231653404064,0.5,0.021662245800176835,0.020999115826702032,1.0315789473684212,0.041631265930331354
bach1_detected_q50__nod_q50,0.5,0.5,P16_T2,P16,tumor,2210,0.0665158371040724,0.0334841628959276,0.5,0.01809954751131222,0.0167420814479638,1.0810810810810811,0.03511852502194908
bach1_detected_q50__nod_q50,0.5,0.5,P17_B1,P17,adjacent,1522,0.0519053876478318,0.026281208935611037,0.5,0.011826544021024968,0.013140604467805518,0.9000000000000001,0.022988505747126436
bach1_detected_q50__nod_q50,0.5,0.5,P17_B2,P17,adjacent,1093,0.03293687099725526,0.01646843549862763,0.5004574565416285,0.004574565416285453,0.008241751342863049,0.5550477351208614,0.008928571428571428
bach1_detected_q50__nod_q50,0.5,0.5,P17_T1,P17,tumor,2658,0.17193378480060195,0.08615500376222723,0.5,0.04702784048156509,0.04307750188111362,1.091703056768559,0.08722958827634333
bach1_detected_q50__nod_q50,0.5,0.5,P17_T2,P17,tumor,2953,0.14324415848289876,0.07179139857771757,0.5001693193362682,0.03860480866915002,0.03590785496081573,1.075107625094212,0.07238095238095238
bach1_detected_q50__nod_q50,0.5,0.5,P19_B1,P19,adjacent,2197,0.023668639053254437,0.011834319526627219,0.5002275830678198,0.0063723258989531175,0.0059198530540570385,1.0764331210191083,0.012601260126012601
bach1_detected_q50__nod_q50,0.5,0.5,P19_B2,P19,adjacent,2120,0.038679245283018866,0.019339622641509433,0.5,0.009433962264150943,0.009669811320754717,0.975609756097561,0.018501387604070305
bach1_detected_q50__nod_q50,0.5,0.5,P19_T1,P19,tumor,2512,0.12261146496815287,0.06130573248407643,0.5,0.03622611464968153,0.030652866242038217,1.1818181818181819,0.06899166034874905
bach1_detected_q50__nod_q50,0.5,0.5,P19_T2,P19,tumor,2369,0.0975094976783453,0.04896580835795694,0.5002110595187843,0.02532714225411566,0.024493238878927386,1.0340462680052378,0.048348106365834004
bach1_detected_q50__nod_q50,0.5,0.5,P24_B1,P24,adjacent,2581,0.056179775280898875,0.02828361100348702,0.5001937233630376,0.01162340178225494,0.014147284697985952,0.8215994821896587,0.022488755622188907
bach1_detected_q50__nod_q50,0.5,0.5,P24_B2,P24,adjacent,3019,0.04272938058959921,0.021530308049022857,0.5001656177542233,0.010268300761841669,0.010768719825778244,0.9535303107488535,0.020077720207253884
bach1_detected_q50__nod_q50,0.5,0.5,P24_T1,P24,tumor,3426,0.08026853473438413,0.040280210157618214,0.5,0.02130764740221833,0.020140105078809107,1.0579710144927537,0.04105736782902137
bach1_detected_q50__nod_q50,0.5,0.5,P24_T2,P24,tumor,3491,0.06015468347178459,0.030077341735892296,0.5001432254368375,0.01718705242050988,0.015042978708355182,1.1425298641793489,0.03350083752093802
bach1_detected_q50__nod_q50,0.5,0.5,P25_B1,P25,adjacent,1965,0.03358778625954199,0.016793893129770993,0.5002544529262086,0.008651399491094147,0.008401219820134802,1.0297789697586237,0.01701701701701702
bach1_detected_q50__nod_q50,0.5,0.5,P25_B2,P25,adjacent,2161,0.04766311892642295,0.024062933826931976,0.5002313743637204,0.008329477093937991,0.012037034459469442,0.6919874759837757,0.016143497757847534
bach1_detected_q50__nod_q50,0.5,0.5,P25_T1,P25,tumor,1308,0.06957186544342507,0.035168195718654434,0.5,0.019877675840978593,0.017584097859327217,1.1304347826086956,0.03857566765578635
bach1_detected_q50__nod_q50,0.5,0.5,P25_T2,P25,tumor,1458,0.061042524005486966,0.030864197530864196,0.5,0.0205761316872428,0.015432098765432098,1.3333333333333335,0.04032258064516129
bach1_detected_q50__nod_q75,0.5,0.75,D1_1,D1,healthy,278,0.050359712230215826,0.025179856115107913,0.2517985611510791,0.0,0.006340251539775374,0.0,0.0
bach1_detected_q50__nod_q75,0.5,0.75,D1_2,D1,healthy,333,0.03003003003003003,0.015015015015015015,0.25225225225225223,0.003003003003003003,0.003787571355138922,0.7928571428571429,0.011363636363636364
bach1_detected_q50__nod_q75,0.5,0.75,D2_1,D2,healthy,1852,0.08207343412526998,0.04103671706263499,0.25,0.014578833693304536,0.010259179265658747,1.4210526315789476,0.052734375
bach1_detected_q50__nod_q75,0.5,0.75,D2_2,D2,healthy,2432,0.07771381578947369,0.0390625,0.25,0.009457236842105263,0.009765625,0.968421052631579,0.033823529411764704
bach1_detected_q50__nod_q75,0.5,0.75,P10_B1,P10,adjacent,1755,0.07578347578347579,0.038176638176638175,0.2501424501424501,0.008547008547008548,0.009549597811706072,0.8950124094788021,0.03054989816700611
bach1_detected_q50__nod_q75,0.5,0.75,P10_B2,P10,adjacent,1842,0.051031487513572206,0.025515743756786103,0.250271444082519,0.003800217155266015,0.006385862036850377,0.5950985369455853,0.013972055888223553
bach1_detected_q50__nod_q75,0.5,0.75,P10_T1,P10,tumor,2200,0.14909090909090908,0.07454545454545454,0.25,0.023636363636363636,0.018636363636363635,1.2682926829268293,0.07854984894259819
bach1_detected_q50__nod_q75,0.5,0.75,P10_T2,P10,tumor,1986,0.15256797583081572,0.07653575025176233,0.2502517623363545,0.023162134944612285,0.01915320638223861,1.20930848247379,0.07628524046434494
bach1_detected_q50__nod_q75,0.5,0.75,P10_T3,P10,tumor,2610,0.12528735632183907,0.06283524904214559,0.25019157088122607,0.017241379310344827,0.01572084966456746,1.0967205767004073,0.05829015544041451
bach1_detected_q50__nod_q75,0.5,0.75,P10_T4,P10,tumor,2479,0.08511496571198064,0.042759177087535294,0.25010084711577246,0.010891488503428802,0.010694106411565905,1.0184570906877666,0.03862660944206009
bach1_detected_q50__nod_q75,0.5,0.75,P11_B1,P11,adjacent,2873,0.047337278106508875,0.023668639053254437,0.25026105116602854,0.006265227984684998,0.00592333848913677,1.0577190542420027,0.02340702210663199
bach1_detected_q50__nod_q75,0.5,0.75,P11_B2,P11,adjacent,2846,0.03056921995783556,0.015460295151089248,0.2501756851721715,0.005621925509486999,0.003867789932387753,1.4535240040858017,0.021621621621621623
bach1_detected_q50__nod_q75,0.5,0.75,P11_T1,P11,tumor,1110,0.07927927927927927,0.03963963963963964,0.25045045045045045,0.007207207207207207,0.009927765603441278,0.7259646827992153,0.025477707006369428
bach1_detected_q50__nod_q75,0.5,0.75,P11_T2,P11,tumor,1176,0.08928571428571429,0.045068027210884355,0.25,0.01445578231292517,0.011267006802721089,1.2830188679245282,0.051515151515151514
bach1_detected_q50__nod_q75,0.5,0.75,P11_T3,P11,tumor,1735,0.057060518731988474,0.02881844380403458,0.2501440922190202,0.008645533141210375,0.007208763464525077,1.1993087557603688,0.031982942430703626
bach1_detected_q50__nod_q75,0.5,0.75,P11_T4,P11,tumor,1811,0.04030922142462728,0.020430701270016567,0.2501380452788515,0.004969630038652678,0.005110495679358092,0.9724360121711115,0.018711018711018712
bach1_detected_q50__nod_q75,0.5,0.75,P15_B1,P15,adjacent,2844,0.06258790436005626,0.03129395218002813,0.25,0.011954992967651195,0.007823488045007033,1.5280898876404492,0.044386422976501305
bach1_detected_q50__nod_q75,0.5,0.75,P15_B2,P15,adjacent,2824,0.06409348441926345,0.032223796033994334,0.25,0.0113314447592068,0.008055949008498584,1.4065934065934067,0.04183006535947712
bach1_detected_q50__nod_q75,0.5,0.75,P15_T1,P15,tumor,2624,0.14138719512195122,0.07088414634146341,0.25,0.018292682926829267,0.017721036585365852,1.032258064516129,0.060453400503778336
bach1_detected_q50__nod_q75,0.5,0.75,P15_T2,P15,tumor,3131,0.10763334397955925,0.053976365378473334,0.25007984669434685,0.02012136697540722,0.013498401178966663,1.4906481670407399,0.07086614173228346
bach1_detected_q50__nod_q75,0.5,0.75,P16_B1,P16,adjacent,3123,0.01601024655779699,0.008005123278898496,0.250080051232789,0.0019212295869356388,0.0020019216397117274,0.9596927016645326,0.0075
bach1_detected_q50__nod_q75,0.5,0.75,P16_B2,P16,adjacent,3351,0.008952551477170993,0.004476275738585497,0.25007460459564307,0.0008952551477170994,0.0011194028853878382,0.7997613365155133,0.0035294117647058825
bach1_detected_q50__nod_q75,0.5,0.75,P16_T1,P16,tumor,2262,0.08355437665782493,0.041998231653404064,0.2502210433244916,0.011494252873563218,0.010508841342098452,1.0937697600892693,0.04094488188976378
bach1_detected_q50__nod_q75,0.5,0.75,P16_T2,P16,tumor,2210,0.0665158371040724,0.0334841628959276,0.2502262443438914,0.01085972850678733,0.008378616326447041,1.2961243340990178,0.03980099502487562
bach1_detected_q50__nod_q75,0.5,0.75,P17_B1,P17,adjacent,1522,0.0519053876478318,0.026281208935611037,0.2503285151116951,0.007227332457293035,0.006578936008191725,1.0985564304461943,0.026829268292682926
bach1_detected_q50__nod_q75,0.5,0.75,P17_B2,P17,adjacent,1093,0.03293687099725526,0.01646843549862763,0.2506861848124428,0.0027447392497712718,0.00412840926498076,0.6648418491484185,0.010380622837370242
bach1_detected_q50__nod_q75,0.5,0.75,P17_T1,P17,tumor,2658,0.17193378480060195,0.08615500376222723,0.25018811136192626,0.024078254326561323,0.021554957675651285,1.1170634008602291,0.07710843373493977
bach1_detected_q50__nod_q75,0.5,0.75,P17_T2,P17,tumor,2953,0.14324415848289876,0.07179139857771757,0.2502539790044023,0.019979681679647816,0.017966083152364812,1.1120777695508974,0.06614349775784753
bach1_detected_q50__nod_q75,0.5,0.75,P19_B1,P19,adjacent,2197,0.023668639053254437,0.011834319526627219,0.2503413746017296,0.004551661356395084,0.002962619817771948,1.5363636363636364,0.0176678445229682
bach1_detected_q50__nod_q75,0.5,0.75,P19_B2,P19,adjacent,2120,0.038679245283018866,0.019339622641509433,0.25,0.0042452830188679245,0.004834905660377358,0.8780487804878049,0.01601423487544484
bach1_detected_q50__nod_q75,0.5,0.75,P19_T1,P19,tumor,2512,0.12261146496815287,0.06130573248407643,0.25,0.019904458598726114,0.015326433121019108,1.2987012987012987,0.06830601092896176
bach1_detected_q50__nod_q75,0.5,0.75,P19_T2,P19,tumor,2369,0.0975094976783453,0.04896580835795694,0.25031658927817646,0.014774166314900802,0.012256954139412609,1.205370122695819,0.05192878338278932
bach1_detected_q50__nod_q75,0.5,0.75,P24_B1,P24,adjacent,2581,0.056179775280898875,0.02828361100348702,0.25029058504455637,0.006199147617202635,0.007079121545235418,0.8756944738962636,0.02275960170697013
bach1_detected_q50__nod_q75,0.5,0.75,P24_B2,P24,adjacent,3019,0.04272938058959921,0.021530308049022857,0.25008280887711165,0.005631003643590593,0.005384359912889122,1.0458074375955169,0.021170610211706103
bach1_detected_q50__nod_q75,0.5,0.75,P24_T1,P24,tumor,3426,0.08026853473438413,0.040280210157618214,0.2501459427904262,0.011091652072387624,0.010075931145673908,1.1008066561818273,0.03970741901776385
bach1_detected_q50__nod_q75,0.5,0.75,P24_T2,P24,tumor,3491,0.06015468347178459,0.030077341735892296,0.25007161271841877,0.00916642795760527,0.007521489354177591,1.2186985217913053,0.03382663847780127
bach1_detected_q50__nod_q75,0.5,0.75,P25_B1,P25,adjacent,1965,0.03358778625954199,0.016793893129770993,0.250381679389313,0.0015267175572519084,0.004204883165316707,0.36308203991130816,0.005747126436781609
bach1_detected_q50__nod_q75,0.5,0.75,P25_B2,P25,adjacent,2161,0.04766311892642295,0.024062933826931976,0.25034706154558073,0.003239241092086997,0.006024084775738176,0.5377150575856676,0.011945392491467578
bach1_detected_q50__nod_q75,0.5,0.75,P25_T1,P25,tumor,1308,0.06957186544342507,0.035168195718654434,0.25,0.010703363914373088,0.008792048929663608,1.217391304347826,0.03899721448467967
bach1_detected_q50__nod_q75,0.5,0.75,P25_T2,P25,tumor,1458,0.061042524005486966,0.030864197530864196,0.2503429355281207,0.011659807956104253,0.007726633812596318,1.509041095890411,0.043256997455470736
bach1_detected_q50__nod_q90,0.5,0.9,D1_1,D1,healthy,278,0.050359712230215826,0.025179856115107913,0.10071942446043165,0.0,0.0025361006159101496,0.0,0.0
bach1_detected_q50__nod_q90,0.5,0.9,D1_2,D1,healthy,333,0.03003003003003003,0.015015015015015015,0.1021021021021021,0.0,0.0015330645961276592,0.0,0.0
bach1_detected_q50__nod_q90,0.5,0.9,D2_1,D2,healthy,1852,0.08207343412526998,0.04103671706263499,0.10043196544276457,0.007019438444924406,0.004121398149919064,1.7031692133559708,0.05220883534136546
bach1_detected_q50__nod_q90,0.5,0.9,D2_2,D2,healthy,2432,0.07771381578947369,0.0390625,0.10032894736842106,0.004523026315789474,0.003919099506578948,1.1540983606557376,0.03353658536585366
bach1_detected_q50__nod_q90,0.5,0.9,P10_B1,P10,adjacent,1755,0.07578347578347579,0.038176638176638175,0.10028490028490028,0.003418803418803419,0.0038285403527568767,0.8929782903663501,0.02531645569620253
bach1_detected_q50__nod_q90,0.5,0.9,P10_B2,P10,adjacent,1842,0.051031487513572206,0.025515743756786103,0.1004343105320304,0.0010857763300760044,0.0025626561319247714,0.42369177688326626,0.008695652173913044
bach1_detected_q50__nod_q90,0.5,0.9,P10_T1,P10,tumor,2200,0.14909090909090908,0.07454545454545454,0.1,0.009545454545454546,0.007454545454545454,1.280487804878049,0.05785123966942149
bach1_detected_q50__nod_q90,0.5,0.9,P10_T2,P10,tumor,1986,0.15256797583081572,0.07653575025176233,0.10020140986908359,0.009566968781470292,0.007668990080614655,1.2474874371859295,0.0572289156626506
bach1_detected_q50__nod_q90,0.5,0.9,P10_T3,P10,tumor,2610,0.12528735632183907,0.06283524904214559,0.1,0.006896551724137931,0.0062835249042145595,1.097560975609756,0.044226044226044224
bach1_detected_q50__nod_q90,0.5,0.9,P10_T4,P10,tumor,2479,0.08511496571198064,0.042759177087535294,0.100040338846309,0.004840661557079467,0.004277642564626363,1.1316189896530735,0.03508771929824561
bach1_detected_q50__nod_q90,0.5,0.9,P11_B1,P11,adjacent,2873,0.047337278106508875,0.023668639053254437,0.10024364775495997,0.0024364775495997215,0.002372630716093727,1.0269097222222223,0.02005730659025788
bach1_detected_q50__nod_q90,0.5,0.9,P11_B2,P11,adjacent,2846,0.03056921995783556,0.015460295151089248,0.10014054813773718,0.0028109627547434997,0.0015482024308012775,1.8156299840510366,0.024922118380062305
bach1_detected_q50__nod_q90,0.5,0.9,P11_T1,P11,tumor,1110,0.07927927927927927,0.03963963963963964,0.1,0.0036036036036036037,0.003963963963963964,0.9090909090909091,0.026490066225165563
bach1_detected_q50__nod_q90,0.5,0.9,P11_T2,P11,tumor,1176,0.08928571428571429,0.045068027210884355,0.10034013605442177,0.008503401360544218,0.004522131982044519,1.8803965462104253,0.062111801242236024
bach1_detected_q50__nod_q90,0.5,0.9,P11_T3,P11,tumor,1735,0.057060518731988474,0.02881844380403458,0.10028818443804034,0.004034582132564841,0.002890149407436321,1.395977011494253,0.03225806451612903
bach1_detected_q50__nod_q90,0.5,0.9,P11_T4,P11,tumor,1811,0.04030922142462728,0.020430701270016567,0.10049696300386526,0.0005521811154058532,0.002053223429675878,0.2689337689337689,0.0045871559633027525
bach1_detected_q50__nod_q90,0.5,0.9,P15_B1,P15,adjacent,2844,0.06258790436005626,0.03129395218002813,0.10021097046413502,0.005625879043600563,0.003135997317618853,1.7939680662329982,0.0446927374301676
bach1_detected_q50__nod_q90,0.5,0.9,P15_B2,P15,adjacent,2824,0.06409348441926345,0.032223796033994334,0.10021246458923513,0.004957507082152974,0.003229226018987393,1.5351997825496058,0.03888888888888889
bach1_detected_q50__nod_q90,0.5,0.9,P15_T1,P15,tumor,2624,0.14138719512195122,0.07088414634146341,0.10022865853658537,0.0064786585365853655,0.007104622899315884,0.9118933725826893,0.03935185185185185
bach1_detected_q50__nod_q90,0.5,0.9,P15_T2,P15,tumor,3131,0.10763334397955925,0.053976365378473334,0.10028744809964868,0.008942829766847652,0.0054131519415013185,1.6520559303508835,0.06153846153846154
bach1_detected_q50__nod_q90,0.5,0.9,P16_B1,P16,adjacent,3123,0.01601024655779699,0.008005123278898496,0.10022414345180916,0.0006404098623118795,0.0008023066238537397,0.7982108626198081,0.005952380952380952
bach1_detected_q50__nod_q90,0.5,0.9,P16_B2,P16,adjacent,3351,0.008952551477170993,0.004476275738585497,0.10026857654431513,0.0002984183825723665,0.0004488297965278206,0.6648809523809525,0.002857142857142857
bach1_detected_q50__nod_q90,0.5,0.9,P16_T1,P16,tumor,2262,0.08355437665782493,0.041998231653404064,0.10035366931918656,0.003978779840848806,0.004214676651336305,0.9440296777185255,0.02875399361022364
bach1_detected_q50__nod_q90,0.5,0.9,P16_T2,P16,tumor,2210,0.0665158371040724,0.0334841628959276,0.1,0.006334841628959276,0.0033484162895927603,1.8918918918918919,0.0498220640569395
bach1_detected_q50__nod_q90,0.5,0.9,P17_B1,P17,adjacent,1522,0.0519053876478318,0.026281208935611037,0.10052562417871222,0.002628120893561104,0.0026419349324234486,0.9947712418300654,0.021164021164021163
bach1_detected_q50__nod_q90,0.5,0.9,P17_B2,P17,adjacent,1093,0.03293687099725526,0.01646843549862763,0.10064043915827996,0.0018298261665141812,0.0016573905808316917,1.1040404040404044,0.015873015873015872
bach1_detected_q50__nod_q90,0.5,0.9,P17_T1,P17,tumor,2658,0.17193378480060195,0.08615500376222723,0.1000752445447705,0.008653122648607976,0.008621983070260512,1.0036116492103622,0.048728813559322036
bach1_detected_q50__nod_q90,0.5,0.9,P17_T2,P17,tumor,2953,0.14324415848289876,0.07179139857771757,0.10023704707077548,0.0077886894683372844,0.00719615779851148,1.0823400050994392,0.04742268041237113
bach1_detected_q50__nod_q90,0.5,0.9,P19_B1,P19,adjacent,2197,0.023668639053254437,0.011834319526627219,0.10013654984069185,0.0013654984069185253,0.0011850479271087793,1.1522727272727273,0.012345679012345678
bach1_detected_q50__nod_q90,0.5,0.9,P19_B2,P19,adjacent,2120,0.038679245283018866,0.019339622641509433,0.1,0.0023584905660377358,0.0019339622641509433,1.2195121951219512,0.020161290322580645
bach1_detected_q50__nod_q90,0.5,0.9,P19_T1,P19,tumor,2512,0.12261146496815287,0.06130573248407643,0.10031847133757962,0.00875796178343949,0.006150097367033145,1.4240362811791383,0.057291666666666664
bach1_detected_q50__nod_q90,0.5,0.9,P19_T2,P19,tumor,2369,0.0975094976783453,0.04896580835795694,0.10004221190375685,0.005487547488391726,0.0048986477757854766,1.120216790339008,0.03823529411764706
bach1_detected_q50__nod_q90,0.5,0.9,P24_B1,P24,adjacent,2581,0.056179775280898875,0.02828361100348702,0.10034870205346764,0.0015497869043006587,0.002838223653585098,0.5460411487808748,0.012195121951219513
bach1_detected_q50__nod_q90,0.5,0.9,P24_B2,P24,adjacent,3019,0.04272938058959921,0.021530308049022857,0.10003312355084465,0.002649884067572044,0.0021537439651556486,1.2303616912888435,0.022284122562674095
bach1_detected_q50__nod_q90,0.5,0.9,P24_T1,P24,tumor,3426,0.08026853473438413,0.040280210157618214,0.10011675423234093,0.005545826036193812,0.004032723900777305,1.3752059830143237,0.04112554112554113
bach1_detected_q50__nod_q90,0.5,0.9,P24_T2,P24,tumor,3491,0.06015468347178459,0.030077341735892296,0.10025780578630765,0.0034374104841019765,0.003015488286325495,1.1399183673469386,0.02708803611738149
bach1_detected_q50__nod_q90,0.5,0.9,P25_B1,P25,adjacent,1965,0.03358778625954199,0.016793893129770993,0.10025445292620865,0.0005089058524173028,0.0016836625682264048,0.3022611905860637,0.004366812227074236
bach1_detected_q50__nod_q90,0.5,0.9,P25_B2,P25,adjacent,2161,0.04766311892642295,0.024062933826931976,0.1004164738546969,0.0023137436372049976,0.0024163149654994162,0.9575505140021269,0.01893939393939394
bach1_detected_q50__nod_q90,0.5,0.9,P25_T1,P25,tumor,1308,0.06957186544342507,0.035168195718654434,0.10015290519877676,0.0061162079510703364,0.003522196971822424,1.736475273813475,0.047337278106508875
bach1_detected_q50__nod_q90,0.5,0.9,P25_T2,P25,tumor,1458,0.061042524005486966,0.030864197530864196,0.10013717421124829,0.006172839506172839,0.0030906535250385275,1.9972602739726026,0.04945054945054945
bach1_detected_q75__nod_q50,0.75,0.5,D1_1,D1,healthy,278,0.050359712230215826,0.014388489208633094,0.5,0.0035971223021582736,0.007194244604316547,0.5,0.007042253521126761
bach1_detected_q75__nod_q50,0.75,0.5,D1_2,D1,healthy,333,0.03003003003003003,0.009009009009009009,0.5015015015015015,0.0,0.0045180315450585725,0.0,0.0
bach1_detected_q75__nod_q50,0.75,0.5,D2_1,D2,healthy,1852,0.08207343412526998,0.020518358531317494,0.5,0.00755939524838013,0.010259179265658747,0.736842105263158,0.014736842105263158
bach1_detected_q75__nod_q50,0.75,0.5,D2_2,D2,healthy,2432,0.07771381578947369,0.019736842105263157,0.5,0.009457236842105263,0.009868421052631578,0.9583333333333334,0.018533440773569703
bach1_detected_q75__nod_q50,0.75,0.5,P10_B1,P10,adjacent,1755,0.07578347578347579,0.019373219373219373,0.5002849002849002,0.006837606837606838,0.00969212912232855,0.7054803698244675,0.013333333333333334
bach1_detected_q75__nod_q50,0.75,0.5,P10_B2,P10,adjacent,1842,0.051031487513572206,0.013029315960912053,0.5,0.002171552660152009,0.006514657980456026,0.3333333333333333,0.004250797024442083
bach1_detected_q75__nod_q50,0.75,0.5,P10_T1,P10,tumor,2200,0.14909090909090908,0.03727272727272727,0.5,0.02,0.018636363636363635,1.0731707317073171,0.03866432337434095
bach1_detected_q75__nod_q50,0.75,0.5,P10_T2,P10,tumor,1986,0.15256797583081572,0.038267875125881166,0.5,0.019133937562940583,0.019133937562940583,1.0,0.03685741998060136
bach1_detected_q75__nod_q50,0.75,0.5,P10_T3,P10,tumor,2610,0.12528735632183907,0.031417624521072794,0.5,0.014942528735632184,0.015708812260536397,0.951219512195122,0.028931750741839762
bach1_detected_q75__nod_q50,0.75,0.5,P10_T4,P10,tumor,2479,0.08511496571198064,0.021379588543767647,0.5002016942315449,0.006857603872529245,0.010694106411565905,0.6412507608034085,0.013322884012539185
bach1_detected_q75__nod_q50,0.75,0.5,P11_B1,P11,adjacent,2873,0.047337278106508875,0.011834319526627219,0.5001740341106857,0.005221023320570832,0.005919219338587997,0.8820459290187891,0.010302197802197802
bach1_detected_q75__nod_q50,0.75,0.5,P11_B2,P11,adjacent,2846,0.03056921995783556,0.007730147575544624,0.500351370344343,0.004567814476458187,0.003867789932387753,1.180988253319714,0.009071877180739707
bach1_detected_q75__nod_q50,0.75,0.5,P11_T1,P11,tumor,1110,0.07927927927927927,0.01981981981981982,0.5,0.008108108108108109,0.00990990990990991,0.8181818181818182,0.01584507042253521
bach1_detected_q75__nod_q50,0.75,0.5,P11_T2,P11,tumor,1176,0.08928571428571429,0.02295918367346939,0.5,0.01020408163265306,0.011479591836734694,0.8888888888888887,0.01990049751243781
bach1_detected_q75__nod_q50,0.75,0.5,P11_T3,P11,tumor,1735,0.057060518731988474,0.01440922190201729,0.5002881844380404,0.008069164265129682,0.007208763464525077,1.1193548387096772,0.015927189988623434
bach1_detected_q75__nod_q50,0.75,0.5,P11_T4,P11,tumor,1811,0.04030922142462728,0.010491441192711209,0.500276090557703,0.003865267807840972,0.005248617184205608,0.7364354595097015,0.007625272331154684
bach1_detected_q75__nod_q50,0.75,0.5,P15_B1,P15,adjacent,2844,0.06258790436005626,0.015822784810126583,0.5,0.00949367088607595,0.007911392405063292,1.2,0.01875
bach1_detected_q75__nod_q50,0.75,0.5,P15_B2,P15,adjacent,2824,0.06409348441926345,0.016288951841359773,0.5,0.009206798866855524,0.008144475920679886,1.1304347826086956,0.018156424581005588
bach1_detected_q75__nod_q50,0.75,0.5,P15_T1,P15,tumor,2624,0.14138719512195122,0.035442073170731704,0.5,0.01600609756097561,0.017721036585365852,0.903225806451613,0.030814380044020543
bach1_detected_q75__nod_q50,0.75,0.5,P15_T2,P15,tumor,3131,0.10763334397955925,0.027147876077930375,0.5001596933886937,0.014372404982433726,0.013578273375291909,1.0584854631507774,0.028019925280199254
bach1_detected_q75__nod_q50,0.75,0.5,P16_B1,P16,adjacent,3123,0.01601024655779699,0.004162664105027218,0.500160102465578,0.0019212295869356388,0.0020819985053001965,0.9227814439082045,0.0038240917782026767
bach1_detected_q75__nod_q50,0.75,0.5,P16_B2,P16,adjacent,3351,0.008952551477170993,0.002387347060578932,0.5001492091912861,0.0008952551477170994,0.0011940297444136942,0.7497762529832936,0.001784651992861392
bach1_detected_q75__nod_q50,0.75,0.5,P16_T1,P16,tumor,2262,0.08355437665782493,0.021220159151193633,0.5,0.01237842617152962,0.010610079575596816,1.1666666666666667,0.02432667245873154
bach1_detected_q75__nod_q50,0.75,0.5,P16_T2,P16,tumor,2210,0.0665158371040724,0.0167420814479638,0.5,0.008597285067873304,0.0083710407239819,1.0270270270270272,0.016918967052537846
bach1_detected_q75__nod_q50,0.75,0.5,P17_B1,P17,adjacent,1522,0.0519053876478318,0.013140604467805518,0.5,0.0045992115637319315,0.006570302233902759,0.7000000000000001,0.00904392764857881
bach1_detected_q75__nod_q50,0.75,0.5,P17_B2,P17,adjacent,1093,0.03293687099725526,0.008234217749313814,0.5004574565416285,0.0009149130832570906,0.0041208756714315245,0.22201909404834455,0.0018018018018018018
bach1_detected_q75__nod_q50,0.75,0.5,P17_T1,P17,tumor,2658,0.17193378480060195,0.04326561324303988,0.5,0.0218209179834462,0.02163280662151994,1.008695652173913,0.04184704184704185
bach1_detected_q75__nod_q50,0.75,0.5,P17_T2,P17,tumor,2953,0.14324415848289876,0.03589569928885879,0.5001693193362682,0.017947849644429394,0.017953927480407864,0.9996614759647936,0.034640522875816995
bach1_detected_q75__nod_q50,0.75,0.5,P19_B1,P19,adjacent,2197,0.023668639053254437,0.005917159763313609,0.5002275830678198,0.004096495220755576,0.0029599265270285192,1.3839854413102821,0.008159564823209429
bach1_detected_q75__nod_q50,0.75,0.5,P19_B2,P19,adjacent,2120,0.038679245283018866,0.00990566037735849,0.5,0.0033018867924528303,0.004952830188679245,0.6666666666666667,0.006517690875232775
bach1_detected_q75__nod_q50,0.75,0.5,P19_T1,P19,tumor,2512,0.12261146496815287,0.030652866242038217,0.5,0.016321656050955414,0.015326433121019108,1.0649350649350648,0.03173374613003096
bach1_detected_q75__nod_q50,0.75,0.5,P19_T2,P19,tumor,2369,0.0975094976783453,0.02448290417897847,0.5002110595187843,0.011397214014352047,0.012246619439463693,0.930641641204714,0.022203947368421052
bach1_detected_q75__nod_q50,0.75,0.5,P24_B1,P24,adjacent,2581,0.056179775280898875,0.014335528864781092,0.5001937233630376,0.004261913986826811,0.007170541559253154,0.5943643100885548,0.008352315869400152
bach1_detected_q75__nod_q50,0.75,0.5,P24_B2,P24,adjacent,3019,0.04272938058959921,0.01093077177873468,0.5001656177542233,0.00364359059291156,0.005467196219241261,0.6664459161147903,0.007180156657963447
bach1_detected_q75__nod_q50,0.75,0.5,P24_T1,P24,tumor,3426,0.08026853473438413,0.020140105078809107,0.5,0.0099241097489784,0.010070052539404553,0.9855072463768116,0.019450800915331808
bach1_detected_q75__nod_q50,0.75,0.5,P24_T2,P24,tumor,3491,0.06015468347178459,0.01518189630478373,0.5001432254368375,0.007161271841879118,0.007593122586122139,0.9431260671291795,0.014092446448703494
bach1_detected_q75__nod_q50,0.75,0.5,P25_B1,P25,adjacent,1965,0.03358778625954199,0.008651399491094147,0.5002544529262086,0.004071246819338422,0.004327901119463382,0.9406977440009575,0.008064516129032258
bach1_detected_q75__nod_q50,0.75,0.5,P25_B2,P25,adjacent,2161,0.04766311892642295,0.012031466913465988,0.5002313743637204,0.004627487274409995,0.006018517229734721,0.7688749733153064,0.009115770282588878
bach1_detected_q75__nod_q50,0.75,0.5,P25_T1,P25,tumor,1308,0.06957186544342507,0.017584097859327217,0.5,0.008409785932721712,0.008792048929663608,0.9565217391304347,0.016516516516516516
bach1_detected_q75__nod_q50,0.75,0.5,P25_T2,P25,tumor,1458,0.061042524005486966,0.01577503429355281,0.5,0.009602194787379973,0.007887517146776405,1.2173913043478264,0.018970189701897018
bach1_detected_q75__nod_q75,0.75,0.75,D1_1,D1,healthy,278,0.050359712230215826,0.014388489208633094,0.2517985611510791,0.0,0.0036230008798716425,0.0,0.0
bach1_detected_q75__nod_q75,0.75,0.75,D1_2,D1,healthy,333,0.03003003003003003,0.009009009009009009,0.25225225225225223,0.0,0.0022725428130833535,0.0,0.0
bach1_detected_q75__nod_q75,0.75,0.75,D2_1,D2,healthy,1852,0.08207343412526998,0.020518358531317494,0.25,0.005399568034557235,0.0051295896328293735,1.0526315789473684,0.020366598778004074
bach1_detected_q75__nod_q75,0.75,0.75,D2_2,D2,healthy,2432,0.07771381578947369,0.019736842105263157,0.25,0.004523026315789474,0.004934210526315789,0.9166666666666667,0.017054263565891473
bach1_detected_q75__nod_q75,0.75,0.75,P10_B1,P10,adjacent,1755,0.07578347578347579,0.019373219373219373,0.2501424501424501,0.002849002849002849,0.004846064561164275,0.5879003081870563,0.010683760683760684
bach1_detected_q75__nod_q75,0.75,0.75,P10_B2,P10,adjacent,1842,0.051031487513572206,0.013029315960912053,0.250271444082519,0.0005428881650380022,0.003260865720944873,0.16648590021691972,0.002066115702479339
bach1_detected_q75__nod_q75,0.75,0.75,P10_T1,P10,tumor,2200,0.14909090909090908,0.03727272727272727,0.25,0.011818181818181818,0.009318181818181817,1.2682926829268293,0.0429042904290429
bach1_detected_q75__nod_q75,0.75,0.75,P10_T2,P10,tumor,1986,0.15256797583081572,0.038267875125881166,0.2502517623363545,0.012084592145015106,0.009576603191119306,1.2618871121465636,0.04371584699453552
bach1_detected_q75__nod_q75,0.75,0.75,P10_T3,P10,tumor,2610,0.12528735632183907,0.031417624521072794,0.25019157088122607,0.009195402298850575,0.00786042483228373,1.1698352818137678,0.03375527426160337
bach1_detected_q75__nod_q75,0.75,0.75,P10_T4,P10,tumor,2479,0.08511496571198064,0.021379588543767647,0.25010084711577246,0.004437273093989512,0.005347053205782952,0.8298539257455875,0.01661631419939577
bach1_detected_q75__nod_q75,0.75,0.75,P11_B1,P11,adjacent,2873,0.047337278106508875,0.011834319526627219,0.25026105116602854,0.002088409328228333,0.002961669244568385,0.7051460361613352,0.008032128514056224
bach1_detected_q75__nod_q75,0.75,0.75,P11_B2,P11,adjacent,2846,0.03056921995783556,0.007730147575544624,0.2501756851721715,0.0017568517217146872,0.0019338949661938764,0.9084525025536261,0.006858710562414266
bach1_detected_q75__nod_q75,0.75,0.75,P11_T1,P11,tumor,1110,0.07927927927927927,0.01981981981981982,0.25045045045045045,0.002702702702702703,0.004963882801720639,0.5444735120994115,0.010101010101010102
bach1_detected_q75__nod_q75,0.75,0.75,P11_T2,P11,tumor,1176,0.08928571428571429,0.02295918367346939,0.25,0.00510204081632653,0.005739795918367347,0.8888888888888887,0.01904761904761905
bach1_detected_q75__nod_q75,0.75,0.75,P11_T3,P11,tumor,1735,0.057060518731988474,0.01440922190201729,0.2501440922190202,0.0011527377521613833,0.0036043817322625386,0.31981566820276497,0.00437636761487965
bach1_detected_q75__nod_q75,0.75,0.75,P11_T4,P11,tumor,1811,0.04030922142462728,0.010491441192711209,0.2501380452788515,0.0016565433462175593,0.002624308592102804,0.6312303938654583,0.006396588486140725
bach1_detected_q75__nod_q75,0.75,0.75,P15_B1,P15,adjacent,2844,0.06258790436005626,0.015822784810126583,0.25,0.005625879043600563,0.003955696202531646,1.422222222222222,0.021621621621621623
bach1_detected_q75__nod_q75,0.75,0.75,P15_B2,P15,adjacent,2824,0.06409348441926345,0.016288951841359773,0.25,0.004957507082152974,0.004072237960339943,1.2173913043478262,0.018970189701897018
bach1_detected_q75__nod_q75,0.75,0.75,P15_T1,P15,tumor,2624,0.14138719512195122,0.035442073170731704,0.25,0.006859756097560976,0.008860518292682926,0.7741935483870969,0.024623803009575923
bach1_detected_q75__nod_q75,0.75,0.75,P15_T2,P15,tumor,3131,0.10763334397955925,0.027147876077930375,0.25007984669434685,0.010220376876397317,0.006789136687645954,1.505401547592217,0.03827751196172249
bach1_detected_q75__nod_q75,0.75,0.75,P16_B1,P16,adjacent,3123,0.01601024655779699,0.004162664105027218,0.250080051232789,0.0006404098623118795,0.0010409992526500982,0.6151876292721362,0.0025252525252525255
bach1_detected_q75__nod_q75,0.75,0.75,P16_B2,P16,adjacent,3351,0.008952551477170993,0.002387347060578932,0.25007460459564307,0.000596836765144733,0.0005970148722068471,0.9997016706443915,0.002369668246445498
bach1_detected_q75__nod_q75,0.75,0.75,P16_T1,P16,tumor,2262,0.08355437665782493,0.021220159151193633,0.2502210433244916,0.007073386383731211,0.0053097303623234286,1.3321554770318023,0.026755852842809364
bach1_detected_q75__nod_q75,0.75,0.75,P16_T2,P16,tumor,2210,0.0665158371040724,0.0167420814479638,0.2502262443438914,0.0058823529411764705,0.004189308163223521,1.404134695273936,0.022530329289428077
bach1_detected_q75__nod_q75,0.75,0.75,P17_B1,P17,adjacent,1522,0.0519053876478318,0.013140604467805518,0.2503285151116951,0.002628120893561104,0.0032894680040958624,0.7989501312335958,0.010075566750629723
bach1_detected_q75__nod_q75,0.75,0.75,P17_B2,P17,adjacent,1093,0.03293687099725526,0.008234217749313814,0.2506861848124428,0.0009149130832570906,0.00206420463249038,0.443227899432279,0.0035460992907801418
bach1_detected_q75__nod_q75,0.75,0.75,P17_T1,P17,tumor,2658,0.17193378480060195,0.04326561324303988,0.25018811136192626,0.011286681715575621,0.010824542064191693,1.0426936907486106,0.04
bach1_detected_q75__nod_q75,0.75,0.75,P17_T2,P17,tumor,2953,0.14324415848289876,0.03589569928885879,0.2502539790044023,0.008465966813410091,0.008983041576182406,0.9424387877549978,0.03048780487804878
bach1_detected_q75__nod_q75,0.75,0.75,P19_B1,P19,adjacent,2197,0.023668639053254437,0.005917159763313609,0.2503413746017296,0.0027309968138370506,0.001481309908885974,1.843636363636364,0.010771992818671455
bach1_detected_q75__nod_q75,0.75,0.75,P19_B2,P19,adjacent,2120,0.038679245283018866,0.00990566037735849,0.25,0.0004716981132075472,0.0024764150943396225,0.1904761904761905,0.0018181818181818182
bach1_detected_q75__nod_q75,0.75,0.75,P19_T1,P19,tumor,2512,0.12261146496815287,0.030652866242038217,0.25,0.007961783439490446,0.007663216560509554,1.0389610389610389,0.029197080291970802
bach1_detected_q75__nod_q75,0.75,0.75,P19_T2,P19,tumor,2369,0.0975094976783453,0.02448290417897847,0.25031658927817646,0.007176023638666104,0.006128477069706304,1.1709309763330813,0.026813880126182965
bach1_detected_q75__nod_q75,0.75,0.75,P24_B1,P24,adjacent,2581,0.056179775280898875,0.014335528864781092,0.25029058504455637,0.0027121270825261525,0.0035880479064891845,0.7558781691908627,0.010355029585798817
bach1_detected_q75__nod_q75,0.75,0.75,P24_B2,P24,adjacent,3019,0.04272938058959921,0.01093077177873468,0.25008280887711165,0.001987413050679033,0.0027335981096206306,0.7270319084888622,0.0076726342710997444
bach1_detected_q75__nod_q75,0.75,0.75,P24_T1,P24,tumor,3426,0.08026853473438413,0.020140105078809107,0.2501459427904262,0.0043782837127845885,0.005037965572836954,0.8690578864593373,0.01646542261251372
bach1_detected_q75__nod_q75,0.75,0.75,P24_T2,P24,tumor,3491,0.06015468347178459,0.01518189630478373,0.25007161271841877,0.0037238613577771414,0.0037965612930610697,0.9808511098143468,0.014238773274917854
bach1_detected_q75__nod_q75,0.75,0.75,P25_B1,P25,adjacent,1965,0.03358778625954199,0.008651399491094147,0.250381679389313,0.0005089058524173028,0.0021661519336480003,0.23493543758967,0.001968503937007874
bach1_detected_q75__nod_q75,0.75,0.75,P25_B2,P25,adjacent,2161,0.04766311892642295,0.012031466913465988,0.25034706154558073,0.0013882461823229986,0.003012042387869088,0.4608986207877151,0.005319148936170213
bach1_detected_q75__nod_q75,0.75,0.75,P25_T1,P25,tumor,1308,0.06957186544342507,0.017584097859327217,0.25,0.0045871559633027525,0.004396024464831804,1.0434782608695652,0.01744186046511628
bach1_detected_q75__nod_q75,0.75,0.75,P25_T2,P25,tumor,1458,0.061042524005486966,0.01577503429355281,0.2503429355281207,0.0054869684499314125,0.003949168393104784,1.389398451459202,0.021052631578947368
bach1_detected_q75__nod_q90,0.75,0.9,D1_1,D1,healthy,278,0.050359712230215826,0.014388489208633094,0.10071942446043165,0.0,0.001449200351948657,0.0,0.0
bach1_detected_q75__nod_q90,0.75,0.9,D1_2,D1,healthy,333,0.03003003003003003,0.009009009009009009,0.1021021021021021,0.0,0.0009198387576765955,0.0,0.0
bach1_detected_q75__nod_q90,0.75,0.9,D2_1,D2,healthy,1852,0.08207343412526998,0.020518358531317494,0.10043196544276457,0.0026997840172786176,0.002060699074959532,1.3101301641199774,0.0228310502283105
bach1_detected_q75__nod_q90,0.75,0.9,D2_2,D2,healthy,2432,0.07771381578947369,0.019736842105263157,0.10032894736842106,0.001644736842105263,0.001980176592797784,0.8306010928961748,0.013888888888888888
bach1_detected_q75__nod_q90,0.75,0.9,P10_B1,P10,adjacent,1755,0.07578347578347579,0.019373219373219373,0.10028490028490028,0.0011396011396011395,0.0019428413730408032,0.5865641711229946,0.009615384615384616
bach1_detected_q75__nod_q90,0.75,0.9,P10_B2,P10,adjacent,1842,0.051031487513572206,0.013029315960912053,0.1004343105320304,0.0,0.0013085903652381812,0.0,0.0
bach1_detected_q75__nod_q90,0.75,0.9,P10_T1,P10,tumor,2200,0.14909090909090908,0.03727272727272727,0.1,0.004545454545454545,0.003727272727272727,1.2195121951219512,0.03424657534246575
bach1_detected_q75__nod_q90,0.75,0.9,P10_T2,P10,tumor,1986,0.15256797583081572,0.038267875125881166,0.10020140986908359,0.0055387713997985906,0.0038344950403073276,1.4444591377942344,0.041666666666666664
bach1_detected_q75__nod_q90,0.75,0.9,P10_T3,P10,tumor,2610,0.12528735632183907,0.031417624521072794,0.1,0.004597701149425287,0.0031417624521072798,1.4634146341463414,0.03625377643504532
bach1_detected_q75__nod_q90,0.75,0.9,P10_T4,P10,tumor,2479,0.08511496571198064,0.021379588543767647,0.100040338846309,0.002016942315449778,0.0021388212823131815,0.9430158247108947,0.016891891891891893
bach1_detected_q75__nod_q90,0.75,0.9,P11_B1,P11,adjacent,2873,0.047337278106508875,0.011834319526627219,0.10024364775495997,0.0006961364427427776,0.0011863153580468635,0.5868055555555557,0.00625
bach1_detected_q75__nod_q90,0.75,0.9,P11_B2,P11,adjacent,2846,0.03056921995783556,0.007730147575544624,0.10014054813773718,0.00035137034434293746,0.0007741012154006388,0.45390749601275915,0.0032679738562091504
bach1_detected_q75__nod_q90,0.75,0.9,P11_T1,P11,tumor,1110,0.07927927927927927,0.01981981981981982,0.1,0.0018018018018018018,0.001981981981981982,0.9090909090909091,0.015267175572519083
bach1_detected_q75__nod_q90,0.75,0.9,P11_T2,P11,tumor,1176,0.08928571428571429,0.02295918367346939,0.10034013605442177,0.002551020408163265,0.0023037276134943775,1.1073446327683614,0.02112676056338028
bach1_detected_q75__nod_q90,0.75,0.9,P11_T3,P11,tumor,1735,0.057060518731988474,0.01440922190201729,0.10028818443804034,0.0005763688760806917,0.0014450747037181605,0.39885057471264374,0.005050505050505051
bach1_detected_q75__nod_q90,0.75,0.9,P11_T4,P11,tumor,1811,0.04030922142462728,0.010491441192711209,0.10049696300386526,0.0,0.0010543579774011263,0.0,0.0
bach1_detected_q75__nod_q90,0.75,0.9,P15_B1,P15,adjacent,2844,0.06258790436005626,0.015822784810126583,0.10021097046413502,0.0031645569620253164,0.0015856166212679594,1.9957894736842103,0.028037383177570093
bach1_detected_q75__nod_q90,0.75,0.9,P15_B2,P15,adjacent,2824,0.06409348441926345,0.016288951841359773,0.10021246458923513,0.002478753541076487,0.0016323560095980226,1.518512828391458,0.021739130434782608
bach1_detected_q75__nod_q90,0.75,0.9,P15_T1,P15,tumor,2624,0.14138719512195122,0.035442073170731704,0.10022865853658537,0.003429878048780488,0.003552311449657942,0.9655341592052005,0.025936599423631124
bach1_detected_q75__nod_q90,0.75,0.9,P15_T2,P15,tumor,3131,0.10763334397955925,0.027147876077930375,0.10028744809964868,0.0047908016608112424,0.0027225912131811363,1.759647808167853,0.0390625
bach1_detected_q75__nod_q90,0.75,0.9,P16_B1,P16,adjacent,3123,0.01601024655779699,0.004162664105027218,0.10022414345180916,0.0003202049311559398,0.0004171994444039447,0.7675104448267386,0.003076923076923077
bach1_detected_q75__nod_q90,0.75,0.9,P16_B2,P16,adjacent,3351,0.008952551477170993,0.002387347060578932,0.10026857654431513,0.0002984183825723665,0.00023937589148150437,1.2466517857142856,0.0029154518950437317
bach1_detected_q75__nod_q90,0.75,0.9,P16_T1,P16,tumor,2262,0.08355437665782493,0.021220159151193633,0.10035366931918656,0.0022104332449160036,0.0021295208343593964,1.0379955947136565,0.018518518518518517
bach1_detected_q75__nod_q90,0.75,0.9,P16_T2,P16,tumor,2210,0.0665158371040724,0.0167420814479638,0.1,0.0036199095022624436,0.0016742081447963801,2.1621621621621623,0.032
bach1_detected_q75__nod_q90,0.75,0.9,P17_B1,P17,adjacent,1522,0.0519053876478318,0.013140604467805518,0.10052562417871222,0.000657030223390276,0.0013209674662117243,0.4973856209150327,0.005813953488372093
bach1_detected_q75__nod_q90,0.75,0.9,P17_B2,P17,adjacent,1093,0.03293687099725526,0.008234217749313814,0.10064043915827996,0.0009149130832570906,0.0008286952904158458,1.1040404040404044,0.00847457627118644
bach1_detected_q75__nod_q90,0.75,0.9,P17_T1,P17,tumor,2658,0.17193378480060195,0.04326561324303988,0.1000752445447705,0.004514672686230248,0.004329816825676677,1.0426936907486106,0.032520325203252036
bach1_detected_q75__nod_q90,0.75,0.9,P17_T2,P17,tumor,2953,0.14324415848289876,0.03589569928885879,0.10023704707077548,0.0027091093802912294,0.00359807889925574,0.7529321774604795,0.02030456852791878
bach1_detected_q75__nod_q90,0.75,0.9,P19_B1,P19,adjacent,2197,0.023668639053254437,0.005917159763313609,0.10013654984069185,0.0009103322712790169,0.0005925239635543897,1.5363636363636364,0.008658008658008658
bach1_detected_q75__nod_q90,0.75,0.9,P19_B2,P19,adjacent,2120,0.038679245283018866,0.00990566037735849,0.1,0.0,0.000990566037735849,0.0,0.0
bach1_detected_q75__nod_q90,0.75,0.9,P19_T1,P19,tumor,2512,0.12261146496815287,0.030652866242038217,0.10031847133757962,0.002786624203821656,0.0030750486835165727,0.9062049062049061,0.021739130434782608
bach1_detected_q75__nod_q90,0.75,0.9,P19_T2,P19,tumor,2369,0.0975094976783453,0.02448290417897847,0.10004221190375685,0.0033769523005487546,0.0024493238878927383,1.3787283573403173,0.027874564459930314
bach1_detected_q75__nod_q90,0.75,0.9,P24_B1,P24,adjacent,2581,0.056179775280898875,0.014335528864781092,0.10034870205346764,0.001162340178225494,0.0014385517148308032,0.807993321506835,0.010238907849829351
bach1_detected_q75__nod_q90,0.75,0.9,P24_B2,P24,adjacent,3019,0.04272938058959921,0.01093077177873468,0.10003312355084465,0.000662471016893011,0.0010934392438482522,0.6058599237407185,0.006006006006006006
bach1_detected_q75__nod_q90,0.75,0.9,P24_T1,P24,tumor,3426,0.08026853473438413,0.020140105078809107,0.10011675423234093,0.002335084646818447,0.0020163619503886527,1.1580681962225883,0.019801980198019802
bach1_detected_q75__nod_q90,0.75,0.9,P24_T2,P24,tumor,3491,0.06015468347178459,0.01518189630478373,0.10025780578630765,0.0014322543683758235,0.001522103611192869,0.9409703504043126,0.01256281407035176
bach1_detected_q75__nod_q90,0.75,0.9,P25_B1,P25,adjacent,1965,0.03358778625954199,0.008651399491094147,0.10025445292620865,0.0,0.0008673413230257236,0.0,0.0
bach1_detected_q75__nod_q90,0.75,0.9,P25_B2,P25,adjacent,2161,0.04766311892642295,0.012031466913465988,0.1004164738546969,0.0009254974548819991,0.0012081574827497081,0.7660404112017016,0.008298755186721992
bach1_detected_q75__nod_q90,0.75,0.9,P25_T1,P25,tumor,1308,0.06957186544342507,0.017584097859327217,0.10015290519877676,0.0022935779816513763,0.001761098485911212,1.3023564553601064,0.019867549668874173
bach1_detected_q75__nod_q90,0.75,0.9,P25_T2,P25,tumor,1458,0.061042524005486966,0.01577503429355281,0.10013717421124829,0.0027434842249657062,0.0015796673572419139,1.7367480643240023,0.024242424242424242
