cohort,comparison,x,y,n_patients,spearman_rho,spearman_p,spearman_holm_p,spearman_bh_q
LUAD,original,DOROTHEA_BACH1_ABC_TF_ACTIVITY__mean_z,HALLMARK_HYPOXIA__mean_z,515,0.348813400887149,3.5179714297810014e-16,3.5179714297810014e-16,3.5179714297810014e-16
LUAD,both_no_shared,DOROTHEA_BACH1_ABC_TF_ACTIVITY_NO_HYPOXIA_OVERLAP__mean_z,HALLMARK_HYPOXIA_NO_DOROTHEA_OVERLAP__mean_z,515,0.39579223599674235,9.238277027889257e-21,1.8476554055778513e-20,1.2317702703852342e-20
LUAD,collectri_original,COLLECTRI_BACH1_TF_ACTIVITY__mean_z,HALLMARK_HYPOXIA__mean_z,515,0.4389244746115319,1.152209826237666e-25,3.4566294787129983e-25,2.304419652475332e-25
LUAD,klenja_original,KLENJA2025_BACH1_INVERSE_ACTIVITY__mean_z,HALLMARK_HYPOXIA__mean_z,515,-0.5377998564466775,6.06342562261796e-40,2.425370249047184e-39,2.425370249047184e-39
LUSC,original,DOROTHEA_BACH1_ABC_TF_ACTIVITY__mean_z,HALLMARK_HYPOXIA__mean_z,502,0.203914523688795,4.107460015724809e-06,4.107460015724809e-06,4.107460015724809e-06
LUSC,both_no_shared,DOROTHEA_BACH1_ABC_TF_ACTIVITY_NO_HYPOXIA_OVERLAP__mean_z,HALLMARK_HYPOXIA_NO_DOROTHEA_OVERLAP__mean_z,502,0.22368482522808136,4.1153414040768195e-07,8.230682808153639e-07,5.487121872102426e-07
LUSC,collectri_original,COLLECTRI_BACH1_TF_ACTIVITY__mean_z,HALLMARK_HYPOXIA__mean_z,502,0.31615384392834256,4.0844765417762944e-13,1.2253429625328883e-12,8.168953083552589e-13
LUSC,klenja_original,KLENJA2025_BACH1_INVERSE_ACTIVITY__mean_z,HALLMARK_HYPOXIA__mean_z,502,-0.5107270350746631,1.0615394271992413e-34,4.246157708796965e-34,4.246157708796965e-34
combined,original,DOROTHEA_BACH1_ABC_TF_ACTIVITY__mean_z,HALLMARK_HYPOXIA__mean_z,1017,0.27381273604512774,6.015784370724719e-19,6.015784370724719e-19,6.015784370724719e-19
combined,both_no_shared,DOROTHEA_BACH1_ABC_TF_ACTIVITY_NO_HYPOXIA_OVERLAP__mean_z,HALLMARK_HYPOXIA_NO_DOROTHEA_OVERLAP__mean_z,1017,0.3066546067836066,1.3850864091167097e-23,2.7701728182334194e-23,1.8467818788222797e-23
combined,collectri_original,COLLECTRI_BACH1_TF_ACTIVITY__mean_z,HALLMARK_HYPOXIA__mean_z,1017,0.37964254502959455,3.2664929597528184e-36,9.799478879258455e-36,6.532985919505637e-36
combined,klenja_original,KLENJA2025_BACH1_INVERSE_ACTIVITY__mean_z,HALLMARK_HYPOXIA__mean_z,1017,-0.5237445489698195,1.0234372566641842e-72,4.093749026656737e-72,4.093749026656737e-72
