score,n_lopo,min_median_delta,max_median_delta,median_of_lopo_medians,max_wilcoxon_p,n_positive,n_negative,sign_stability
COLLECTRI_BACH1_TF_ACTIVITY__mean_z,16,0.03479443770451529,0.038273015244981314,0.0365337264747483,0.0494384765625,16,0,all_positive
CURATED_NRF2_ANTIOXIDANT_RESPONSE__mean_z,16,0.02990966014250615,0.03132590092037285,0.0306177805314395,0.10400390625,16,0,all_positive
DOROTHEA_BACH1_ABC_TF_ACTIVITY__mean_z,16,0.08407185153988109,0.08812971606812911,0.0861007838040051,0.0001220703125,16,0,all_positive
HALLMARK_EPITHELIAL_MESENCHYMAL_TRANSITION__mean_z,16,0.07417042363585966,0.0754042774181187,0.07478735052698918,0.0001220703125,16,0,all_positive
HALLMARK_GLYCOLYSIS__mean_z,16,0.05562176041617191,0.06344705819557384,0.05953440930587288,0.0001220703125,16,0,all_positive
HALLMARK_HEME_METABOLISM__mean_z,16,0.07706253650755601,0.08187900641682883,0.07947077146219242,0.0001220703125,16,0,all_positive
HALLMARK_HYPOXIA__mean_z,16,0.08620623142981174,0.09189854069953315,0.08905238606467245,0.000244140625,16,0,all_positive
HALLMARK_OXIDATIVE_PHOSPHORYLATION__mean_z,16,0.03397581457045885,0.050665398782618234,0.042320606676538544,0.0107421875,16,0,all_positive
HALLMARK_REACTIVE_OXYGEN_SPECIES_PATHWAY__mean_z,16,0.05467733777479808,0.057190148255618856,0.05593374301520847,0.013427734375,16,0,all_positive
KLENJA2025_BACH1_INVERSE_ACTIVITY__mean_z,16,-0.016981654010117808,-0.011027101101804975,-0.01400437755596139,0.7353515625,0,16,all_negative
LITERATURE_LUNG_BACH1_EFFECTOR_ACTIVITY__mean_z,16,0.06461615466383347,0.09531281371145678,0.07996448418764512,0.0008544921875,16,0,all_positive
