patient,dataset,score,n_detected,n_undetected,mean_detected,mean_undetected,delta_detected_minus_undetected
AL02,GSE274934,COLLECTRI_BACH1_TF_ACTIVITY__mean_z,0,2,,0.056562323401228284,
AL02,GSE274934,CURATED_NRF2_ANTIOXIDANT_RESPONSE__mean_z,0,2,,-0.5112157634755612,
AL02,GSE274934,DOROTHEA_BACH1_ABC_TF_ACTIVITY__mean_z,0,2,,0.10559910841263798,
AL02,GSE274934,HALLMARK_EPITHELIAL_MESENCHYMAL_TRANSITION__mean_z,0,2,,0.6513227931676102,
AL02,GSE274934,HALLMARK_GLYCOLYSIS__mean_z,0,2,,0.03776509175528722,
AL02,GSE274934,HALLMARK_HEME_METABOLISM__mean_z,0,2,,-0.020574101940462594,
AL02,GSE274934,HALLMARK_HYPOXIA__mean_z,0,2,,0.2862911896284043,
AL02,GSE274934,HALLMARK_OXIDATIVE_PHOSPHORYLATION__mean_z,0,2,,-0.11168430342652161,
AL02,GSE274934,HALLMARK_REACTIVE_OXYGEN_SPECIES_PATHWAY__mean_z,0,2,,-0.29911188003607103,
AL02,GSE274934,KLENJA2025_BACH1_INVERSE_ACTIVITY__mean_z,0,2,,-5.619075813737824,
AL02,GSE274934,LITERATURE_LUNG_BACH1_EFFECTOR_ACTIVITY__mean_z,0,2,,0.4590108641056675,
AL06,GSE274934,COLLECTRI_BACH1_TF_ACTIVITY__mean_z,158,189,0.09241616204775885,-0.050929522769739166,0.14334568481749801
AL06,GSE274934,CURATED_NRF2_ANTIOXIDANT_RESPONSE__mean_z,158,189,-0.2322296587722602,-0.15009054756252357,-0.08213911120973663
AL06,GSE274934,DOROTHEA_BACH1_ABC_TF_ACTIVITY__mean_z,158,189,0.3091863078765328,0.08785613483382826,0.22133017304270453
AL06,GSE274934,HALLMARK_EPITHELIAL_MESENCHYMAL_TRANSITION__mean_z,158,189,0.22749160267280957,0.14104557871513254,0.08644602395767703
AL06,GSE274934,HALLMARK_GLYCOLYSIS__mean_z,158,189,-0.024637515322617407,-0.06452667149452615,0.039889156171908746
AL06,GSE274934,HALLMARK_HEME_METABOLISM__mean_z,158,189,0.11881695075270143,0.02431582300235468,0.09450112775034675
AL06,GSE274934,HALLMARK_HYPOXIA__mean_z,158,189,0.13543919977763394,0.03657965467010024,0.0988595451075337
AL06,GSE274934,HALLMARK_OXIDATIVE_PHOSPHORYLATION__mean_z,158,189,-0.34915121442336017,-0.17688009526900803,-0.17227111915435214
AL06,GSE274934,HALLMARK_REACTIVE_OXYGEN_SPECIES_PATHWAY__mean_z,158,189,-0.207753720955475,-0.08855534926558715,-0.11919837168988785
AL06,GSE274934,KLENJA2025_BACH1_INVERSE_ACTIVITY__mean_z,158,189,0.0020602992613442607,-0.07867352461692945,0.08073382387827371
AL06,GSE274934,LITERATURE_LUNG_BACH1_EFFECTOR_ACTIVITY__mean_z,158,189,-0.1730917180867823,-0.23688345365537267,0.06379173556859036
AL08,GSE274934,COLLECTRI_BACH1_TF_ACTIVITY__mean_z,623,3728,0.08469261876432774,0.051470283246287,0.033222335518040734
AL08,GSE274934,CURATED_NRF2_ANTIOXIDANT_RESPONSE__mean_z,623,3728,0.1071316751019269,0.07540741084101388,0.031724264260913015
AL08,GSE274934,DOROTHEA_BACH1_ABC_TF_ACTIVITY__mean_z,623,3728,0.08461370258302896,-0.014402146165367597,0.09901584874839656
AL08,GSE274934,HALLMARK_EPITHELIAL_MESENCHYMAL_TRANSITION__mean_z,623,3728,0.04670397357024844,-0.026609030904733336,0.07331300447498178
AL08,GSE274934,HALLMARK_GLYCOLYSIS__mean_z,623,3728,0.12234654971802614,0.052138023545848705,0.07020852617217743
AL08,GSE274934,HALLMARK_HEME_METABOLISM__mean_z,623,3728,0.04195479325952554,-0.04262882758088068,0.08458362084040622
AL08,GSE274934,HALLMARK_HYPOXIA__mean_z,623,3728,0.08810832895921487,-0.005222877064466826,0.0933312060236817
AL08,GSE274934,HALLMARK_OXIDATIVE_PHOSPHORYLATION__mean_z,623,3728,0.20264519920098328,0.12387139396884451,0.07877380523213877
AL08,GSE274934,HALLMARK_REACTIVE_OXYGEN_SPECIES_PATHWAY__mean_z,623,3728,0.11115601697105428,0.031870950711169146,0.07928506625988513
AL08,GSE274934,KLENJA2025_BACH1_INVERSE_ACTIVITY__mean_z,623,3728,0.05077840078802538,0.02766058479501416,0.023117815993011222
AL08,GSE274934,LITERATURE_LUNG_BACH1_EFFECTOR_ACTIVITY__mean_z,623,3728,0.23991783440947947,0.17456901657069968,0.0653488178387798
AL10,GSE274934,COLLECTRI_BACH1_TF_ACTIVITY__mean_z,222,1150,-0.0024840678031179736,-0.01386940830819295,0.011385340505074976
AL10,GSE274934,CURATED_NRF2_ANTIOXIDANT_RESPONSE__mean_z,222,1150,0.05580428547469458,0.0927107527852808,-0.03690646731058623
AL10,GSE274934,DOROTHEA_BACH1_ABC_TF_ACTIVITY__mean_z,222,1150,0.1218707708583082,0.024352649033988295,0.0975181218243199
AL10,GSE274934,HALLMARK_EPITHELIAL_MESENCHYMAL_TRANSITION__mean_z,222,1150,0.1500554416171685,0.05765978979273175,0.09239565182443674
AL10,GSE274934,HALLMARK_GLYCOLYSIS__mean_z,222,1150,0.161223055856877,0.07813651733937528,0.08308653851750171
AL10,GSE274934,HALLMARK_HEME_METABOLISM__mean_z,222,1150,0.11527863946347126,0.02244094689213567,0.09283769257133559
AL10,GSE274934,HALLMARK_HYPOXIA__mean_z,222,1150,0.2535243290757333,0.12398547152833969,0.1295388575473936
AL10,GSE274934,HALLMARK_OXIDATIVE_PHOSPHORYLATION__mean_z,222,1150,0.04695424086160952,0.01671166875726673,0.03024257210434279
AL10,GSE274934,HALLMARK_REACTIVE_OXYGEN_SPECIES_PATHWAY__mean_z,222,1150,0.09601465426583669,0.0722384255858146,0.02377622868002209
AL10,GSE274934,KLENJA2025_BACH1_INVERSE_ACTIVITY__mean_z,222,1150,0.022541428672036744,0.020739756008311325,0.001801672663725419
AL10,GSE274934,LITERATURE_LUNG_BACH1_EFFECTOR_ACTIVITY__mean_z,222,1150,0.16996910456071226,0.04469229497657851,0.12527680958413376
AL11,GSE274934,COLLECTRI_BACH1_TF_ACTIVITY__mean_z,644,1839,-0.09559071752865163,-0.13577020812762441,0.040179490598972786
AL11,GSE274934,CURATED_NRF2_ANTIOXIDANT_RESPONSE__mean_z,644,1839,0.5755405611129398,0.5008354112515228,0.07470514986141708
AL11,GSE274934,DOROTHEA_BACH1_ABC_TF_ACTIVITY__mean_z,644,1839,0.10249560637277377,0.02176475763487739,0.08073084873789638
AL11,GSE274934,HALLMARK_EPITHELIAL_MESENCHYMAL_TRANSITION__mean_z,644,1839,0.009747125886363893,-0.03602473897853848,0.045771864864902374
AL11,GSE274934,HALLMARK_GLYCOLYSIS__mean_z,644,1839,0.046981882913937914,-0.01404361430380132,0.061025497217739234
AL11,GSE274934,HALLMARK_HEME_METABOLISM__mean_z,644,1839,0.1324945178445359,0.05332012585128447,0.07917439199325142
AL11,GSE274934,HALLMARK_HYPOXIA__mean_z,644,1839,0.07846953527103488,0.005619407759365302,0.07285012751166958
AL11,GSE274934,HALLMARK_OXIDATIVE_PHOSPHORYLATION__mean_z,644,1839,0.17991856120213928,0.11492138419136182,0.06499717701077747
AL11,GSE274934,HALLMARK_REACTIVE_OXYGEN_SPECIES_PATHWAY__mean_z,644,1839,0.28511053457410834,0.20788529799519784,0.0772252365789105
AL11,GSE274934,KLENJA2025_BACH1_INVERSE_ACTIVITY__mean_z,644,1839,-0.1770329558096963,-0.12141272768126546,-0.05562022812843084
AL11,GSE274934,LITERATURE_LUNG_BACH1_EFFECTOR_ACTIVITY__mean_z,644,1839,-0.1882868539236129,-0.25217034541250005,0.06388349148888714
P0006,GSE131907,COLLECTRI_BACH1_TF_ACTIVITY__mean_z,9,75,0.1823205826664508,0.07019571509102135,0.11212486757542944
P0006,GSE131907,CURATED_NRF2_ANTIOXIDANT_RESPONSE__mean_z,9,75,-0.4264078883158632,-0.4552996710210428,0.028891782705179614
P0006,GSE131907,DOROTHEA_BACH1_ABC_TF_ACTIVITY__mean_z,9,75,0.08375251978127202,-0.0410409618383375,0.12479348161960951
P0006,GSE131907,HALLMARK_EPITHELIAL_MESENCHYMAL_TRANSITION__mean_z,9,75,0.26406175763014367,0.1530358958458231,0.11102586178432056
P0006,GSE131907,HALLMARK_GLYCOLYSIS__mean_z,9,75,0.05674892992068608,-0.06384100982683619,0.12058993974752227
P0006,GSE131907,HALLMARK_HEME_METABOLISM__mean_z,9,75,0.1437694238180786,-0.0037359890162961735,0.1475054128343748
P0006,GSE131907,HALLMARK_HYPOXIA__mean_z,9,75,0.057896317054136275,-0.033607291159355145,0.09150360821349142
P0006,GSE131907,HALLMARK_OXIDATIVE_PHOSPHORYLATION__mean_z,9,75,-0.12172116730807067,-0.19809666983676663,0.07637550252869596
P0006,GSE131907,HALLMARK_REACTIVE_OXYGEN_SPECIES_PATHWAY__mean_z,9,75,-0.098403083856728,-0.20623179416087517,0.10782871030414717
P0006,GSE131907,KLENJA2025_BACH1_INVERSE_ACTIVITY__mean_z,9,75,0.0607229818435813,-0.007695659511502918,0.06841864135508421
P0006,GSE131907,LITERATURE_LUNG_BACH1_EFFECTOR_ACTIVITY__mean_z,9,75,0.004541706803432754,-0.1300695054640365,0.13461121226746925
P0008,GSE131907,COLLECTRI_BACH1_TF_ACTIVITY__mean_z,4,18,0.2252174516469876,0.0762903555284374,0.1489270961185502
P0008,GSE131907,CURATED_NRF2_ANTIOXIDANT_RESPONSE__mean_z,4,18,-0.503674013241939,-0.4917748940545004,-0.011899119187438523
P0008,GSE131907,DOROTHEA_BACH1_ABC_TF_ACTIVITY__mean_z,4,18,-0.13737551856668037,-0.14938159573335902,0.012006077166678647
P0008,GSE131907,HALLMARK_EPITHELIAL_MESENCHYMAL_TRANSITION__mean_z,4,18,0.0436975792517498,-0.04418956149030988,0.08788714074205968
P0008,GSE131907,HALLMARK_GLYCOLYSIS__mean_z,4,18,-0.14014514660483446,-0.14378665753330364,0.003641510928469177
P0008,GSE131907,HALLMARK_HEME_METABOLISM__mean_z,4,18,-0.07312205885427393,-0.115151618662319,0.04202955980804507
P0008,GSE131907,HALLMARK_HYPOXIA__mean_z,4,18,-0.020194507442832327,-0.07753644410331044,0.05734193666047811
P0008,GSE131907,HALLMARK_OXIDATIVE_PHOSPHORYLATION__mean_z,4,18,-0.17537767486438638,-0.24856416002408402,0.07318648515969764
P0008,GSE131907,HALLMARK_REACTIVE_OXYGEN_SPECIES_PATHWAY__mean_z,4,18,-0.23218726406751866,-0.28762822624388934,0.05544096217637068
P0008,GSE131907,KLENJA2025_BACH1_INVERSE_ACTIVITY__mean_z,4,18,0.18198851280709336,0.18198851280709336,0.0
P0008,GSE131907,LITERATURE_LUNG_BACH1_EFFECTOR_ACTIVITY__mean_z,4,18,0.7479215071833549,0.07231275173863833,0.6756087554447165
P0009,GSE131907,COLLECTRI_BACH1_TF_ACTIVITY__mean_z,1,4,0.3856813720402284,0.02831034228610834,0.35737102975412005
P0009,GSE131907,CURATED_NRF2_ANTIOXIDANT_RESPONSE__mean_z,1,4,-0.38866984520191444,-0.46207064737418846,0.07340080217227402
P0009,GSE131907,DOROTHEA_BACH1_ABC_TF_ACTIVITY__mean_z,1,4,-0.07271493000760386,-0.21505670478120983,0.142341774773606
P0009,GSE131907,HALLMARK_EPITHELIAL_MESENCHYMAL_TRANSITION__mean_z,1,4,-0.015253727248978817,-0.09103443928847865,0.07578071203949983
P0009,GSE131907,HALLMARK_GLYCOLYSIS__mean_z,1,4,0.013051996507427084,-0.25109589136099547,0.2641478878684226
P0009,GSE131907,HALLMARK_HEME_METABOLISM__mean_z,1,4,0.10884737890021141,-0.13193416490269644,0.24078154380290784
P0009,GSE131907,HALLMARK_HYPOXIA__mean_z,1,4,-0.01021890335442854,-0.1912573033893029,0.18103840003487437
P0009,GSE131907,HALLMARK_OXIDATIVE_PHOSPHORYLATION__mean_z,1,4,-0.0381459211338215,-0.41224448082632104,0.37409855969249955
P0009,GSE131907,HALLMARK_REACTIVE_OXYGEN_SPECIES_PATHWAY__mean_z,1,4,-0.23852707224604755,-0.475794459929835,0.23726738768378744
P0009,GSE131907,KLENJA2025_BACH1_INVERSE_ACTIVITY__mean_z,1,4,-0.2948589545636241,-0.51118694872007,0.21632799415644588
P0009,GSE131907,LITERATURE_LUNG_BACH1_EFFECTOR_ACTIVITY__mean_z,1,4,0.3639975933452529,-0.6172070448497944,0.9812046381950472
P0018,GSE131907,COLLECTRI_BACH1_TF_ACTIVITY__mean_z,135,495,0.051927755614328046,0.060100968353226224,-0.008173212738898178
P0018,GSE131907,CURATED_NRF2_ANTIOXIDANT_RESPONSE__mean_z,135,495,-0.35571764457280936,-0.37768349711455124,0.02196585254174188
P0018,GSE131907,DOROTHEA_BACH1_ABC_TF_ACTIVITY__mean_z,135,495,0.0849337456525415,-0.002479108689324289,0.08741285434186578
P0018,GSE131907,HALLMARK_EPITHELIAL_MESENCHYMAL_TRANSITION__mean_z,135,495,0.20030826523481254,0.102745392371212,0.09756287286360055
P0018,GSE131907,HALLMARK_GLYCOLYSIS__mean_z,135,495,0.10328420494320388,0.03741558576979544,0.06586861917340844
P0018,GSE131907,HALLMARK_HEME_METABOLISM__mean_z,135,495,0.023850838654404627,-0.048187392381701624,0.07203823103610625
P0018,GSE131907,HALLMARK_HYPOXIA__mean_z,135,495,0.09460512711546261,0.002311653929887721,0.09229347318557489
P0018,GSE131907,HALLMARK_OXIDATIVE_PHOSPHORYLATION__mean_z,135,495,-0.1008209610605995,-0.1371545816150585,0.036333620554459004
P0018,GSE131907,HALLMARK_REACTIVE_OXYGEN_SPECIES_PATHWAY__mean_z,135,495,-0.1448394289596846,-0.20377876329455163,0.05893933433486703
P0018,GSE131907,KLENJA2025_BACH1_INVERSE_ACTIVITY__mean_z,135,495,0.02054562103527693,0.04517394527745464,-0.024628324242177712
P0018,GSE131907,LITERATURE_LUNG_BACH1_EFFECTOR_ACTIVITY__mean_z,135,495,0.1252861838139129,0.07314957297393841,0.05213661083997449
P0019,GSE131907,COLLECTRI_BACH1_TF_ACTIVITY__mean_z,29,168,-0.12564253761767524,-0.16200907750866508,0.03636653989098984
P0019,GSE131907,CURATED_NRF2_ANTIOXIDANT_RESPONSE__mean_z,29,168,-0.35187717843067007,-0.3949697765612066,0.04309259813053651
P0019,GSE131907,DOROTHEA_BACH1_ABC_TF_ACTIVITY__mean_z,29,168,-0.0322488868937891,-0.09674157386730828,0.06449268697351918
P0019,GSE131907,HALLMARK_EPITHELIAL_MESENCHYMAL_TRANSITION__mean_z,29,168,0.01222935229893215,-0.009085661364417089,0.021315013663349237
P0019,GSE131907,HALLMARK_GLYCOLYSIS__mean_z,29,168,-0.0225060585453232,-0.06677302860124429,0.04426697005592109
P0019,GSE131907,HALLMARK_HEME_METABOLISM__mean_z,29,168,0.05668719222015224,0.003855510220127613,0.05283168200002463
P0019,GSE131907,HALLMARK_HYPOXIA__mean_z,29,168,-0.0994827091819723,-0.13445738832463872,0.034974679142666415
P0019,GSE131907,HALLMARK_OXIDATIVE_PHOSPHORYLATION__mean_z,29,168,-0.14283792308488447,-0.17445593167134316,0.03161800858645869
P0019,GSE131907,HALLMARK_REACTIVE_OXYGEN_SPECIES_PATHWAY__mean_z,29,168,-0.16692921438966113,-0.19928544462452197,0.03235623023486084
P0019,GSE131907,KLENJA2025_BACH1_INVERSE_ACTIVITY__mean_z,29,168,-0.14104591576493894,-0.01812901122308058,-0.12291690454185836
P0019,GSE131907,LITERATURE_LUNG_BACH1_EFFECTOR_ACTIVITY__mean_z,29,168,-0.3841641347092542,-0.34785465932508197,-0.03630947538417223
P0020,GSE131907,COLLECTRI_BACH1_TF_ACTIVITY__mean_z,104,205,0.19264289173257326,0.12660780731240326,0.06603508442017
P0020,GSE131907,CURATED_NRF2_ANTIOXIDANT_RESPONSE__mean_z,104,205,-0.36689636409569243,-0.4207013459703373,0.053804981874644886
P0020,GSE131907,DOROTHEA_BACH1_ABC_TF_ACTIVITY__mean_z,104,205,0.12404774419309782,0.004378762226775966,0.11966898196632185
P0020,GSE131907,HALLMARK_EPITHELIAL_MESENCHYMAL_TRANSITION__mean_z,104,205,0.14635973223153728,0.044394344000421186,0.10196538823111609
P0020,GSE131907,HALLMARK_GLYCOLYSIS__mean_z,104,205,0.08503360201698079,-0.02675137186501357,0.11178497388199436
P0020,GSE131907,HALLMARK_HEME_METABOLISM__mean_z,104,205,0.06426985346461528,-0.04824266902352097,0.11251252248813626
P0020,GSE131907,HALLMARK_HYPOXIA__mean_z,104,205,0.11764846160200114,-0.010301028845839966,0.1279494904478411
P0020,GSE131907,HALLMARK_OXIDATIVE_PHOSPHORYLATION__mean_z,104,205,-0.15465676118894883,-0.26526901466892766,0.11061225347997883
P0020,GSE131907,HALLMARK_REACTIVE_OXYGEN_SPECIES_PATHWAY__mean_z,104,205,-0.10480858500666618,-0.1975913036093969,0.09278271860273071
P0020,GSE131907,KLENJA2025_BACH1_INVERSE_ACTIVITY__mean_z,104,205,0.013661358899036285,0.02063078652712225,-0.0069694276280859654
P0020,GSE131907,LITERATURE_LUNG_BACH1_EFFECTOR_ACTIVITY__mean_z,104,205,0.45317990461102287,0.2968951492205257,0.1562847553904972
P0025,GSE131907,COLLECTRI_BACH1_TF_ACTIVITY__mean_z,17,186,-0.24735457837204333,-0.1255042804132577,-0.12185029795878563
P0025,GSE131907,CURATED_NRF2_ANTIOXIDANT_RESPONSE__mean_z,17,186,-0.4108535364981817,-0.3944449228206127,-0.01640861367756896
P0025,GSE131907,DOROTHEA_BACH1_ABC_TF_ACTIVITY__mean_z,17,186,-0.1364789684531733,-0.16033972120930273,0.023860752756129422
P0025,GSE131907,HALLMARK_EPITHELIAL_MESENCHYMAL_TRANSITION__mean_z,17,186,-0.047459019427977645,-0.07422720899693928,0.02676818956896164
P0025,GSE131907,HALLMARK_GLYCOLYSIS__mean_z,17,186,-0.12315775879318007,-0.14797885570955388,0.02482109691637381
P0025,GSE131907,HALLMARK_HEME_METABOLISM__mean_z,17,186,0.004373077923750936,-0.04739545965069194,0.05176853757444287
P0025,GSE131907,HALLMARK_HYPOXIA__mean_z,17,186,-0.15304686592229783,-0.14917788533317936,-0.0038689805891184703
P0025,GSE131907,HALLMARK_OXIDATIVE_PHOSPHORYLATION__mean_z,17,186,-0.17570123397940324,-0.18287030037365434,0.007169066394251106
P0025,GSE131907,HALLMARK_REACTIVE_OXYGEN_SPECIES_PATHWAY__mean_z,17,186,-0.20243179922350368,-0.20809530187391242,0.005663502650408742
P0025,GSE131907,KLENJA2025_BACH1_INVERSE_ACTIVITY__mean_z,17,186,-0.24072395717784906,-0.07265238086255218,-0.16807157631529687
P0025,GSE131907,LITERATURE_LUNG_BACH1_EFFECTOR_ACTIVITY__mean_z,17,186,-0.13493508163457765,-0.27003059048782335,0.1350955088532457
P0028,GSE131907,COLLECTRI_BACH1_TF_ACTIVITY__mean_z,157,543,0.04893994284616636,0.024307352578277295,0.024632590267889064
P0028,GSE131907,CURATED_NRF2_ANTIOXIDANT_RESPONSE__mean_z,157,543,0.016037472196545603,-0.08817091758515094,0.10420838978169655
P0028,GSE131907,DOROTHEA_BACH1_ABC_TF_ACTIVITY__mean_z,157,543,0.07519126902346143,0.002545669420179445,0.07264559960328199
P0028,GSE131907,HALLMARK_EPITHELIAL_MESENCHYMAL_TRANSITION__mean_z,157,543,-0.01031970526144871,-0.05087473256937238,0.04055502730792367
P0028,GSE131907,HALLMARK_GLYCOLYSIS__mean_z,157,543,0.03948030035086372,-0.007544787222348417,0.04702508757321214
P0028,GSE131907,HALLMARK_HEME_METABOLISM__mean_z,157,543,0.07986014684402862,0.006777829989789676,0.07308231685423894
P0028,GSE131907,HALLMARK_HYPOXIA__mean_z,157,543,-0.015857334345385648,-0.07095200124467643,0.05509466689929078
P0028,GSE131907,HALLMARK_OXIDATIVE_PHOSPHORYLATION__mean_z,157,543,-0.058272366572723805,-0.08703125413489561,0.028758887562171806
P0028,GSE131907,HALLMARK_REACTIVE_OXYGEN_SPECIES_PATHWAY__mean_z,157,543,0.02411834213270973,-0.029795371240515747,0.05391371337322548
P0028,GSE131907,KLENJA2025_BACH1_INVERSE_ACTIVITY__mean_z,157,543,0.052712900003767785,0.07933034174355125,-0.026617441739783462
P0028,GSE131907,LITERATURE_LUNG_BACH1_EFFECTOR_ACTIVITY__mean_z,157,543,-0.008358174694026405,-0.0401739113761074,0.031815736682081
P0030,GSE131907,COLLECTRI_BACH1_TF_ACTIVITY__mean_z,94,658,0.006759117957683932,-0.09003814892250889,0.09679726688019281
P0030,GSE131907,CURATED_NRF2_ANTIOXIDANT_RESPONSE__mean_z,94,658,-0.30465875094310035,-0.33558628852293304,0.030927537579832687
P0030,GSE131907,DOROTHEA_BACH1_ABC_TF_ACTIVITY__mean_z,94,658,-0.07447532080776524,-0.15513126510134018,0.08065594429357494
P0030,GSE131907,HALLMARK_EPITHELIAL_MESENCHYMAL_TRANSITION__mean_z,94,658,0.03317472041860329,-0.03619571309317722,0.06937043351178052
P0030,GSE131907,HALLMARK_GLYCOLYSIS__mean_z,94,658,-0.12920573319972684,-0.17942375681433143,0.05021802361460459
P0030,GSE131907,HALLMARK_HEME_METABOLISM__mean_z,94,658,0.028554485581912408,-0.04639619543994819,0.0749506810218606
P0030,GSE131907,HALLMARK_HYPOXIA__mean_z,94,658,-0.012969606137981142,-0.09387846078411319,0.08090885464613204
P0030,GSE131907,HALLMARK_OXIDATIVE_PHOSPHORYLATION__mean_z,94,658,-0.1853619200543936,-0.2070626372888522,0.021700717234458627
P0030,GSE131907,HALLMARK_REACTIVE_OXYGEN_SPECIES_PATHWAY__mean_z,94,658,-0.10517776708846192,-0.15235886355706305,0.04718109646860112
P0030,GSE131907,KLENJA2025_BACH1_INVERSE_ACTIVITY__mean_z,94,658,0.07305543676903839,0.08814021134456237,-0.015084774575523985
P0030,GSE131907,LITERATURE_LUNG_BACH1_EFFECTOR_ACTIVITY__mean_z,94,658,-0.009127903743193621,-0.18504794034930433,0.17592003660611072
P0031,GSE131907,COLLECTRI_BACH1_TF_ACTIVITY__mean_z,16,105,-0.05352820589225596,-0.00669692056690568,-0.04683128532535028
P0031,GSE131907,CURATED_NRF2_ANTIOXIDANT_RESPONSE__mean_z,16,105,-0.23225533048884817,-0.3134728107771698,0.08121748028832165
P0031,GSE131907,DOROTHEA_BACH1_ABC_TF_ACTIVITY__mean_z,16,105,-0.007427725396385625,-0.09627430319077805,0.08884657779439242
P0031,GSE131907,HALLMARK_EPITHELIAL_MESENCHYMAL_TRANSITION__mean_z,16,105,0.07326919948362823,-0.0017586433131093167,0.07502784279673755
P0031,GSE131907,HALLMARK_GLYCOLYSIS__mean_z,16,105,0.06733268384234192,-0.08801800786921764,0.15535069171155957
P0031,GSE131907,HALLMARK_HEME_METABOLISM__mean_z,16,105,0.09582135744621911,-0.053380903597043415,0.14920226104326254
P0031,GSE131907,HALLMARK_HYPOXIA__mean_z,16,105,0.09145178822851022,-0.04843173663761811,0.13988352486612832
P0031,GSE131907,HALLMARK_OXIDATIVE_PHOSPHORYLATION__mean_z,16,105,0.0462353141462989,-0.14053801462015228,0.1867733287664512
P0031,GSE131907,HALLMARK_REACTIVE_OXYGEN_SPECIES_PATHWAY__mean_z,16,105,-0.13291628828391164,-0.2422771742515524,0.10936088596764076
P0031,GSE131907,KLENJA2025_BACH1_INVERSE_ACTIVITY__mean_z,16,105,-0.13737511247944315,-0.08015231062709834,-0.05722280185234481
P0031,GSE131907,LITERATURE_LUNG_BACH1_EFFECTOR_ACTIVITY__mean_z,16,105,-0.13916809321414267,-0.13649885705931084,-0.0026692361548318333
P0034,GSE131907,COLLECTRI_BACH1_TF_ACTIVITY__mean_z,430,1686,0.058216286297568656,0.03454615660206754,0.023670129695501113
P0034,GSE131907,CURATED_NRF2_ANTIOXIDANT_RESPONSE__mean_z,430,1686,-0.36263075684230534,-0.37824450073141785,0.015613743889112519
P0034,GSE131907,DOROTHEA_BACH1_ABC_TF_ACTIVITY__mean_z,430,1686,0.007933715350675528,-0.054145248239782715,0.06207896359045824
P0034,GSE131907,HALLMARK_EPITHELIAL_MESENCHYMAL_TRANSITION__mean_z,430,1686,-0.02498484678966791,-0.0433236457612848,0.01833879897161689
P0034,GSE131907,HALLMARK_GLYCOLYSIS__mean_z,430,1686,-0.09173889477205004,-0.11557492441610101,0.023836029644050974
P0034,GSE131907,HALLMARK_HEME_METABOLISM__mean_z,430,1686,0.006534044283947989,-0.04767462202589232,0.05420866630984031
P0034,GSE131907,HALLMARK_HYPOXIA__mean_z,430,1686,-0.053876523542139246,-0.09324400133253674,0.039367477790397495
P0034,GSE131907,HALLMARK_OXIDATIVE_PHOSPHORYLATION__mean_z,430,1686,-0.17686613577975982,-0.18427639467948742,0.007410258899727601
P0034,GSE131907,HALLMARK_REACTIVE_OXYGEN_SPECIES_PATHWAY__mean_z,430,1686,-0.1711594383600256,-0.18245088058376413,0.01129144222373854
P0034,GSE131907,KLENJA2025_BACH1_INVERSE_ACTIVITY__mean_z,430,1686,0.025686660791997978,0.044565194236709606,-0.018878533444711628
P0034,GSE131907,LITERATURE_LUNG_BACH1_EFFECTOR_ACTIVITY__mean_z,430,1686,-0.01863949465594774,-0.055968424606930536,0.037328929950982796
