dataset,score,n_patients_with_nonzero_delta,median_delta_detected_minus_undetected,wilcoxon_p
GSE131907,COLLECTRI_BACH1_TF_ACTIVITY__mean_z,11,0.03636653989098984,0.123046875
GSE274934,COLLECTRI_BACH1_TF_ACTIVITY__mean_z,4,0.03670091305850676,0.125
GSE131907,CURATED_NRF2_ANTIOXIDANT_RESPONSE__mean_z,11,0.030927537579832687,0.0068359375
GSE274934,CURATED_NRF2_ANTIOXIDANT_RESPONSE__mean_z,4,-0.0025911015248366066,0.875
GSE131907,DOROTHEA_BACH1_ABC_TF_ACTIVITY__mean_z,11,0.08065594429357494,0.0009765625
GSE274934,DOROTHEA_BACH1_ABC_TF_ACTIVITY__mean_z,4,0.09826698528635823,0.125
GSE131907,HALLMARK_EPITHELIAL_MESENCHYMAL_TRANSITION__mean_z,11,0.07502784279673755,0.0009765625
GSE274934,HALLMARK_EPITHELIAL_MESENCHYMAL_TRANSITION__mean_z,4,0.07987951421632941,0.125
GSE131907,HALLMARK_GLYCOLYSIS__mean_z,11,0.05021802361460459,0.0009765625
GSE274934,HALLMARK_GLYCOLYSIS__mean_z,4,0.06561701169495833,0.125
GSE131907,HALLMARK_HEME_METABOLISM__mean_z,11,0.07308231685423894,0.0009765625
GSE274934,HALLMARK_HEME_METABOLISM__mean_z,4,0.0887106567058709,0.125
GSE131907,HALLMARK_HYPOXIA__mean_z,11,0.08090885464613204,0.001953125
GSE274934,HALLMARK_HYPOXIA__mean_z,4,0.0960953755656077,0.125
GSE131907,HALLMARK_OXIDATIVE_PHOSPHORYLATION__mean_z,11,0.036333620554459004,0.0009765625
GSE274934,HALLMARK_OXIDATIVE_PHOSPHORYLATION__mean_z,4,0.04761987455756013,0.875
GSE131907,HALLMARK_REACTIVE_OXYGEN_SPECIES_PATHWAY__mean_z,11,0.05544096217637068,0.0009765625
GSE274934,HALLMARK_REACTIVE_OXYGEN_SPECIES_PATHWAY__mean_z,4,0.0505007326294663,0.875
GSE131907,KLENJA2025_BACH1_INVERSE_ACTIVITY__mean_z,10,-0.018878533444711628,0.322265625
GSE274934,KLENJA2025_BACH1_INVERSE_ACTIVITY__mean_z,4,0.01245974432836832,0.625
GSE131907,LITERATURE_LUNG_BACH1_EFFECTOR_ACTIVITY__mean_z,11,0.13461121226746925,0.0068359375
GSE274934,LITERATURE_LUNG_BACH1_EFFECTOR_ACTIVITY__mean_z,4,0.06461615466383347,0.125
